[0.000000] (-) TimerEvent: {}
[0.000492] (formation_gazebo) JobQueued: {'identifier': 'formation_gazebo', 'dependencies': OrderedDict()}
[0.000519] (formation_msgs) JobQueued: {'identifier': 'formation_msgs', 'dependencies': OrderedDict()}
[0.000538] (drone_control) JobQueued: {'identifier': 'drone_control', 'dependencies': OrderedDict([('formation_msgs', '/home/tiffany/fyp_ws/install/formation_msgs')])}
[0.000555] (formation_planner) JobQueued: {'identifier': 'formation_planner', 'dependencies': OrderedDict([('formation_msgs', '/home/tiffany/fyp_ws/install/formation_msgs')])}
[0.000570] (formation_ui) JobQueued: {'identifier': 'formation_ui', 'dependencies': OrderedDict([('formation_msgs', '/home/tiffany/fyp_ws/install/formation_msgs')])}
[0.000596] (llm_refinement) JobQueued: {'identifier': 'llm_refinement', 'dependencies': OrderedDict([('formation_msgs', '/home/tiffany/fyp_ws/install/formation_msgs')])}
[0.000609] (task_manager) JobQueued: {'identifier': 'task_manager', 'dependencies': OrderedDict([('formation_msgs', '/home/tiffany/fyp_ws/install/formation_msgs')])}
[0.000623] (formation_msgs) JobStarted: {'identifier': 'formation_msgs'}
[0.004135] (formation_gazebo) JobStarted: {'identifier': 'formation_gazebo'}
[0.006912] (formation_msgs) JobProgress: {'identifier': 'formation_msgs', 'progress': 'cmake'}
[0.007506] (formation_msgs) JobProgress: {'identifier': 'formation_msgs', 'progress': 'build'}
[0.008099] (formation_msgs) Command: {'cmd': ['/usr/bin/cmake', '--build', '/home/tiffany/fyp_ws/build/formation_msgs', '--', '-j16', '-l16'], 'cwd': '/home/tiffany/fyp_ws/build/formation_msgs', 'env': OrderedDict([('LESSOPEN', '| /usr/bin/lesspipe %s'), ('USER', 'tiffany'), ('LC_TIME', 'id_ID.UTF-8'), ('XDG_SESSION_TYPE', 'wayland'), ('SHLVL', '1'), ('LD_LIBRARY_PATH', '/opt/ros/humble/opt/rviz_ogre_vendor/lib:/opt/ros/humble/lib/x86_64-linux-gnu:/opt/ros/humble/lib'), ('HOME', '/home/tiffany'), ('OLDPWD', '/home/tiffany'), ('DESKTOP_SESSION', 'ubuntu'), ('ROS_PYTHON_VERSION', '3'), ('GNOME_SHELL_SESSION_MODE', 'ubuntu'), ('GTK_MODULES', 'gail:atk-bridge'), ('LC_MONETARY', 'id_ID.UTF-8'), ('SYSTEMD_EXEC_PID', '2164'), ('DBUS_SESSION_BUS_ADDRESS', 'unix:path=/run/user/1000/bus'), ('COLORTERM', 'truecolor'), ('IM_CONFIG_PHASE', '1'), ('WAYLAND_DISPLAY', 'wayland-0'), ('ROS_DISTRO', 'humble'), ('LOGNAME', 'tiffany'), ('_', '/usr/bin/colcon'), ('ROS_VERSION', '2'), ('XDG_SESSION_CLASS', 'user'), ('USERNAME', 'tiffany'), ('TERM', 'xterm-256color'), ('GNOME_DESKTOP_SESSION_ID', 'this-is-deprecated'), ('ROS_LOCALHOST_ONLY', '0'), ('PATH', '/opt/ros/humble/bin:/home/tiffany/.local/bin:/usr/local/sbin:/usr/local/bin:/usr/sbin:/usr/bin:/sbin:/bin:/usr/games:/usr/local/games:/snap/bin:/snap/bin'), ('SESSION_MANAGER', 'local/tiffany-HP:@/tmp/.ICE-unix/1923,unix/tiffany-HP:/tmp/.ICE-unix/1923'), ('XDG_MENU_PREFIX', 'gnome-'), ('LC_ADDRESS', 'id_ID.UTF-8'), ('GNOME_TERMINAL_SCREEN', '/org/gnome/Terminal/screen/0591c535_17eb_4e94_af3f_ca0ecd2cf809'), ('GNOME_SETUP_DISPLAY', ':1'), ('XDG_RUNTIME_DIR', '/run/user/1000'), ('DISPLAY', ':0'), ('LANG', 'en_US.UTF-8'), ('XDG_CURRENT_DESKTOP', 'ubuntu:GNOME'), ('LC_TELEPHONE', 'id_ID.UTF-8'), ('XMODIFIERS', '@im=ibus'), ('XDG_SESSION_DESKTOP', 'ubuntu'), ('XAUTHORITY', '/run/user/1000/.mutter-Xwaylandauth.5SBQV3'), ('LS_COLORS', 'rs=0:di=01;34:ln=01;36:mh=00:pi=40;33:so=01;35:do=01;35:bd=40;33;01:cd=40;33;01:or=40;31;01:mi=00:su=37;41:sg=30;43:ca=30;41:tw=30;42:ow=34;42:st=37;44:ex=01;32:*.tar=01;31:*.tgz=01;31:*.arc=01;31:*.arj=01;31:*.taz=01;31:*.lha=01;31:*.lz4=01;31:*.lzh=01;31:*.lzma=01;31:*.tlz=01;31:*.txz=01;31:*.tzo=01;31:*.t7z=01;31:*.zip=01;31:*.z=01;31:*.dz=01;31:*.gz=01;31:*.lrz=01;31:*.lz=01;31:*.lzo=01;31:*.xz=01;31:*.zst=01;31:*.tzst=01;31:*.bz2=01;31:*.bz=01;31:*.tbz=01;31:*.tbz2=01;31:*.tz=01;31:*.deb=01;31:*.rpm=01;31:*.jar=01;31:*.war=01;31:*.ear=01;31:*.sar=01;31:*.rar=01;31:*.alz=01;31:*.ace=01;31:*.zoo=01;31:*.cpio=01;31:*.7z=01;31:*.rz=01;31:*.cab=01;31:*.wim=01;31:*.swm=01;31:*.dwm=01;31:*.esd=01;31:*.jpg=01;35:*.jpeg=01;35:*.mjpg=01;35:*.mjpeg=01;35:*.gif=01;35:*.bmp=01;35:*.pbm=01;35:*.pgm=01;35:*.ppm=01;35:*.tga=01;35:*.xbm=01;35:*.xpm=01;35:*.tif=01;35:*.tiff=01;35:*.png=01;35:*.svg=01;35:*.svgz=01;35:*.mng=01;35:*.pcx=01;35:*.mov=01;35:*.mpg=01;35:*.mpeg=01;35:*.m2v=01;35:*.mkv=01;35:*.webm=01;35:*.webp=01;35:*.ogm=01;35:*.mp4=01;35:*.m4v=01;35:*.mp4v=01;35:*.vob=01;35:*.qt=01;35:*.nuv=01;35:*.wmv=01;35:*.asf=01;35:*.rm=01;35:*.rmvb=01;35:*.flc=01;35:*.avi=01;35:*.fli=01;35:*.flv=01;35:*.gl=01;35:*.dl=01;35:*.xcf=01;35:*.xwd=01;35:*.yuv=01;35:*.cgm=01;35:*.emf=01;35:*.ogv=01;35:*.ogx=01;35:*.aac=00;36:*.au=00;36:*.flac=00;36:*.m4a=00;36:*.mid=00;36:*.midi=00;36:*.mka=00;36:*.mp3=00;36:*.mpc=00;36:*.ogg=00;36:*.ra=00;36:*.wav=00;36:*.oga=00;36:*.opus=00;36:*.spx=00;36:*.xspf=00;36:'), ('GNOME_TERMINAL_SERVICE', ':1.177'), ('SSH_AGENT_LAUNCHER', 'gnome-keyring'), ('SSH_AUTH_SOCK', '/run/user/1000/keyring/ssh'), ('AMENT_PREFIX_PATH', '/opt/ros/humble'), ('SHELL', '/bin/bash'), ('LC_NAME', 'id_ID.UTF-8'), ('QT_ACCESSIBILITY', '1'), ('GDMSESSION', 'ubuntu'), ('LESSCLOSE', '/usr/bin/lesspipe %s %s'), ('IGN_GAZEBO_RESOURCE_PATH', ':/home/tiffany/fyp_ws/src/formation_gazebo/models'), ('LC_MEASUREMENT', 'id_ID.UTF-8'), ('LC_IDENTIFICATION', 'id_ID.UTF-8'), ('QT_IM_MODULE', 'ibus'), ('PWD', '/home/tiffany/fyp_ws/build/formation_msgs'), ('LC_ALL', 'en_US.UTF-8'), ('XDG_CONFIG_DIRS', '/etc/xdg/xdg-ubuntu:/etc/xdg'), ('XDG_DATA_DIRS', '/usr/share/ubuntu:/usr/local/share/:/usr/share/:/var/lib/snapd/desktop'), ('PYTHONPATH', '/opt/ros/humble/lib/python3.10/site-packages:/opt/ros/humble/local/lib/python3.10/dist-packages'), ('LC_NUMERIC', 'id_ID.UTF-8'), ('LC_PAPER', 'id_ID.UTF-8'), ('COLCON', '1'), ('VTE_VERSION', '6800'), ('CMAKE_PREFIX_PATH', '/opt/ros/humble')]), 'shell': False}
[0.010609] (formation_gazebo) JobProgress: {'identifier': 'formation_gazebo', 'progress': 'cmake'}
[0.011061] (formation_gazebo) JobProgress: {'identifier': 'formation_gazebo', 'progress': 'build'}
[0.011347] (formation_gazebo) Command: {'cmd': ['/usr/bin/cmake', '--build', '/home/tiffany/fyp_ws/build/formation_gazebo', '--', '-j16', '-l16'], 'cwd': '/home/tiffany/fyp_ws/build/formation_gazebo', 'env': OrderedDict([('LESSOPEN', '| /usr/bin/lesspipe %s'), ('USER', 'tiffany'), ('LC_TIME', 'id_ID.UTF-8'), ('XDG_SESSION_TYPE', 'wayland'), ('SHLVL', '1'), ('LD_LIBRARY_PATH', '/opt/ros/humble/opt/rviz_ogre_vendor/lib:/opt/ros/humble/lib/x86_64-linux-gnu:/opt/ros/humble/lib'), ('HOME', '/home/tiffany'), ('OLDPWD', '/home/tiffany'), ('DESKTOP_SESSION', 'ubuntu'), ('ROS_PYTHON_VERSION', '3'), ('GNOME_SHELL_SESSION_MODE', 'ubuntu'), ('GTK_MODULES', 'gail:atk-bridge'), ('LC_MONETARY', 'id_ID.UTF-8'), ('SYSTEMD_EXEC_PID', '2164'), ('DBUS_SESSION_BUS_ADDRESS', 'unix:path=/run/user/1000/bus'), ('COLORTERM', 'truecolor'), ('IM_CONFIG_PHASE', '1'), ('WAYLAND_DISPLAY', 'wayland-0'), ('ROS_DISTRO', 'humble'), ('LOGNAME', 'tiffany'), ('_', '/usr/bin/colcon'), ('ROS_VERSION', '2'), ('XDG_SESSION_CLASS', 'user'), ('USERNAME', 'tiffany'), ('TERM', 'xterm-256color'), ('GNOME_DESKTOP_SESSION_ID', 'this-is-deprecated'), ('ROS_LOCALHOST_ONLY', '0'), ('PATH', '/opt/ros/humble/bin:/home/tiffany/.local/bin:/usr/local/sbin:/usr/local/bin:/usr/sbin:/usr/bin:/sbin:/bin:/usr/games:/usr/local/games:/snap/bin:/snap/bin'), ('SESSION_MANAGER', 'local/tiffany-HP:@/tmp/.ICE-unix/1923,unix/tiffany-HP:/tmp/.ICE-unix/1923'), ('XDG_MENU_PREFIX', 'gnome-'), ('LC_ADDRESS', 'id_ID.UTF-8'), ('GNOME_TERMINAL_SCREEN', '/org/gnome/Terminal/screen/0591c535_17eb_4e94_af3f_ca0ecd2cf809'), ('GNOME_SETUP_DISPLAY', ':1'), ('XDG_RUNTIME_DIR', '/run/user/1000'), ('DISPLAY', ':0'), ('LANG', 'en_US.UTF-8'), ('XDG_CURRENT_DESKTOP', 'ubuntu:GNOME'), ('LC_TELEPHONE', 'id_ID.UTF-8'), ('XMODIFIERS', '@im=ibus'), ('XDG_SESSION_DESKTOP', 'ubuntu'), ('XAUTHORITY', '/run/user/1000/.mutter-Xwaylandauth.5SBQV3'), ('LS_COLORS', 'rs=0:di=01;34:ln=01;36:mh=00:pi=40;33:so=01;35:do=01;35:bd=40;33;01:cd=40;33;01:or=40;31;01:mi=00:su=37;41:sg=30;43:ca=30;41:tw=30;42:ow=34;42:st=37;44:ex=01;32:*.tar=01;31:*.tgz=01;31:*.arc=01;31:*.arj=01;31:*.taz=01;31:*.lha=01;31:*.lz4=01;31:*.lzh=01;31:*.lzma=01;31:*.tlz=01;31:*.txz=01;31:*.tzo=01;31:*.t7z=01;31:*.zip=01;31:*.z=01;31:*.dz=01;31:*.gz=01;31:*.lrz=01;31:*.lz=01;31:*.lzo=01;31:*.xz=01;31:*.zst=01;31:*.tzst=01;31:*.bz2=01;31:*.bz=01;31:*.tbz=01;31:*.tbz2=01;31:*.tz=01;31:*.deb=01;31:*.rpm=01;31:*.jar=01;31:*.war=01;31:*.ear=01;31:*.sar=01;31:*.rar=01;31:*.alz=01;31:*.ace=01;31:*.zoo=01;31:*.cpio=01;31:*.7z=01;31:*.rz=01;31:*.cab=01;31:*.wim=01;31:*.swm=01;31:*.dwm=01;31:*.esd=01;31:*.jpg=01;35:*.jpeg=01;35:*.mjpg=01;35:*.mjpeg=01;35:*.gif=01;35:*.bmp=01;35:*.pbm=01;35:*.pgm=01;35:*.ppm=01;35:*.tga=01;35:*.xbm=01;35:*.xpm=01;35:*.tif=01;35:*.tiff=01;35:*.png=01;35:*.svg=01;35:*.svgz=01;35:*.mng=01;35:*.pcx=01;35:*.mov=01;35:*.mpg=01;35:*.mpeg=01;35:*.m2v=01;35:*.mkv=01;35:*.webm=01;35:*.webp=01;35:*.ogm=01;35:*.mp4=01;35:*.m4v=01;35:*.mp4v=01;35:*.vob=01;35:*.qt=01;35:*.nuv=01;35:*.wmv=01;35:*.asf=01;35:*.rm=01;35:*.rmvb=01;35:*.flc=01;35:*.avi=01;35:*.fli=01;35:*.flv=01;35:*.gl=01;35:*.dl=01;35:*.xcf=01;35:*.xwd=01;35:*.yuv=01;35:*.cgm=01;35:*.emf=01;35:*.ogv=01;35:*.ogx=01;35:*.aac=00;36:*.au=00;36:*.flac=00;36:*.m4a=00;36:*.mid=00;36:*.midi=00;36:*.mka=00;36:*.mp3=00;36:*.mpc=00;36:*.ogg=00;36:*.ra=00;36:*.wav=00;36:*.oga=00;36:*.opus=00;36:*.spx=00;36:*.xspf=00;36:'), ('GNOME_TERMINAL_SERVICE', ':1.177'), ('SSH_AGENT_LAUNCHER', 'gnome-keyring'), ('SSH_AUTH_SOCK', '/run/user/1000/keyring/ssh'), ('AMENT_PREFIX_PATH', '/opt/ros/humble'), ('SHELL', '/bin/bash'), ('LC_NAME', 'id_ID.UTF-8'), ('QT_ACCESSIBILITY', '1'), ('GDMSESSION', 'ubuntu'), ('LESSCLOSE', '/usr/bin/lesspipe %s %s'), ('IGN_GAZEBO_RESOURCE_PATH', ':/home/tiffany/fyp_ws/src/formation_gazebo/models'), ('LC_MEASUREMENT', 'id_ID.UTF-8'), ('LC_IDENTIFICATION', 'id_ID.UTF-8'), ('QT_IM_MODULE', 'ibus'), ('PWD', '/home/tiffany/fyp_ws/build/formation_gazebo'), ('LC_ALL', 'en_US.UTF-8'), ('XDG_CONFIG_DIRS', '/etc/xdg/xdg-ubuntu:/etc/xdg'), ('XDG_DATA_DIRS', '/usr/share/ubuntu:/usr/local/share/:/usr/share/:/var/lib/snapd/desktop'), ('PYTHONPATH', '/opt/ros/humble/lib/python3.10/site-packages:/opt/ros/humble/local/lib/python3.10/dist-packages'), ('LC_NUMERIC', 'id_ID.UTF-8'), ('LC_PAPER', 'id_ID.UTF-8'), ('COLCON', '1'), ('VTE_VERSION', '6800'), ('CMAKE_PREFIX_PATH', '/opt/ros/humble')]), 'shell': False}
[0.042711] (formation_gazebo) CommandEnded: {'returncode': 0}
[0.044583] (formation_gazebo) JobProgress: {'identifier': 'formation_gazebo', 'progress': 'install'}
[0.052633] (formation_gazebo) Command: {'cmd': ['/usr/bin/cmake', '--install', '/home/tiffany/fyp_ws/build/formation_gazebo'], 'cwd': '/home/tiffany/fyp_ws/build/formation_gazebo', 'env': OrderedDict([('LESSOPEN', '| /usr/bin/lesspipe %s'), ('USER', 'tiffany'), ('LC_TIME', 'id_ID.UTF-8'), ('XDG_SESSION_TYPE', 'wayland'), ('SHLVL', '1'), ('LD_LIBRARY_PATH', '/opt/ros/humble/opt/rviz_ogre_vendor/lib:/opt/ros/humble/lib/x86_64-linux-gnu:/opt/ros/humble/lib'), ('HOME', '/home/tiffany'), ('OLDPWD', '/home/tiffany'), ('DESKTOP_SESSION', 'ubuntu'), ('ROS_PYTHON_VERSION', '3'), ('GNOME_SHELL_SESSION_MODE', 'ubuntu'), ('GTK_MODULES', 'gail:atk-bridge'), ('LC_MONETARY', 'id_ID.UTF-8'), ('SYSTEMD_EXEC_PID', '2164'), ('DBUS_SESSION_BUS_ADDRESS', 'unix:path=/run/user/1000/bus'), ('COLORTERM', 'truecolor'), ('IM_CONFIG_PHASE', '1'), ('WAYLAND_DISPLAY', 'wayland-0'), ('ROS_DISTRO', 'humble'), ('LOGNAME', 'tiffany'), ('_', '/usr/bin/colcon'), ('ROS_VERSION', '2'), ('XDG_SESSION_CLASS', 'user'), ('USERNAME', 'tiffany'), ('TERM', 'xterm-256color'), ('GNOME_DESKTOP_SESSION_ID', 'this-is-deprecated'), ('ROS_LOCALHOST_ONLY', '0'), ('PATH', '/opt/ros/humble/bin:/home/tiffany/.local/bin:/usr/local/sbin:/usr/local/bin:/usr/sbin:/usr/bin:/sbin:/bin:/usr/games:/usr/local/games:/snap/bin:/snap/bin'), ('SESSION_MANAGER', 'local/tiffany-HP:@/tmp/.ICE-unix/1923,unix/tiffany-HP:/tmp/.ICE-unix/1923'), ('XDG_MENU_PREFIX', 'gnome-'), ('LC_ADDRESS', 'id_ID.UTF-8'), ('GNOME_TERMINAL_SCREEN', '/org/gnome/Terminal/screen/0591c535_17eb_4e94_af3f_ca0ecd2cf809'), ('GNOME_SETUP_DISPLAY', ':1'), ('XDG_RUNTIME_DIR', '/run/user/1000'), ('DISPLAY', ':0'), ('LANG', 'en_US.UTF-8'), ('XDG_CURRENT_DESKTOP', 'ubuntu:GNOME'), ('LC_TELEPHONE', 'id_ID.UTF-8'), ('XMODIFIERS', '@im=ibus'), ('XDG_SESSION_DESKTOP', 'ubuntu'), ('XAUTHORITY', '/run/user/1000/.mutter-Xwaylandauth.5SBQV3'), ('LS_COLORS', 'rs=0:di=01;34:ln=01;36:mh=00:pi=40;33:so=01;35:do=01;35:bd=40;33;01:cd=40;33;01:or=40;31;01:mi=00:su=37;41:sg=30;43:ca=30;41:tw=30;42:ow=34;42:st=37;44:ex=01;32:*.tar=01;31:*.tgz=01;31:*.arc=01;31:*.arj=01;31:*.taz=01;31:*.lha=01;31:*.lz4=01;31:*.lzh=01;31:*.lzma=01;31:*.tlz=01;31:*.txz=01;31:*.tzo=01;31:*.t7z=01;31:*.zip=01;31:*.z=01;31:*.dz=01;31:*.gz=01;31:*.lrz=01;31:*.lz=01;31:*.lzo=01;31:*.xz=01;31:*.zst=01;31:*.tzst=01;31:*.bz2=01;31:*.bz=01;31:*.tbz=01;31:*.tbz2=01;31:*.tz=01;31:*.deb=01;31:*.rpm=01;31:*.jar=01;31:*.war=01;31:*.ear=01;31:*.sar=01;31:*.rar=01;31:*.alz=01;31:*.ace=01;31:*.zoo=01;31:*.cpio=01;31:*.7z=01;31:*.rz=01;31:*.cab=01;31:*.wim=01;31:*.swm=01;31:*.dwm=01;31:*.esd=01;31:*.jpg=01;35:*.jpeg=01;35:*.mjpg=01;35:*.mjpeg=01;35:*.gif=01;35:*.bmp=01;35:*.pbm=01;35:*.pgm=01;35:*.ppm=01;35:*.tga=01;35:*.xbm=01;35:*.xpm=01;35:*.tif=01;35:*.tiff=01;35:*.png=01;35:*.svg=01;35:*.svgz=01;35:*.mng=01;35:*.pcx=01;35:*.mov=01;35:*.mpg=01;35:*.mpeg=01;35:*.m2v=01;35:*.mkv=01;35:*.webm=01;35:*.webp=01;35:*.ogm=01;35:*.mp4=01;35:*.m4v=01;35:*.mp4v=01;35:*.vob=01;35:*.qt=01;35:*.nuv=01;35:*.wmv=01;35:*.asf=01;35:*.rm=01;35:*.rmvb=01;35:*.flc=01;35:*.avi=01;35:*.fli=01;35:*.flv=01;35:*.gl=01;35:*.dl=01;35:*.xcf=01;35:*.xwd=01;35:*.yuv=01;35:*.cgm=01;35:*.emf=01;35:*.ogv=01;35:*.ogx=01;35:*.aac=00;36:*.au=00;36:*.flac=00;36:*.m4a=00;36:*.mid=00;36:*.midi=00;36:*.mka=00;36:*.mp3=00;36:*.mpc=00;36:*.ogg=00;36:*.ra=00;36:*.wav=00;36:*.oga=00;36:*.opus=00;36:*.spx=00;36:*.xspf=00;36:'), ('GNOME_TERMINAL_SERVICE', ':1.177'), ('SSH_AGENT_LAUNCHER', 'gnome-keyring'), ('SSH_AUTH_SOCK', '/run/user/1000/keyring/ssh'), ('AMENT_PREFIX_PATH', '/opt/ros/humble'), ('SHELL', '/bin/bash'), ('LC_NAME', 'id_ID.UTF-8'), ('QT_ACCESSIBILITY', '1'), ('GDMSESSION', 'ubuntu'), ('LESSCLOSE', '/usr/bin/lesspipe %s %s'), ('IGN_GAZEBO_RESOURCE_PATH', ':/home/tiffany/fyp_ws/src/formation_gazebo/models'), ('LC_MEASUREMENT', 'id_ID.UTF-8'), ('LC_IDENTIFICATION', 'id_ID.UTF-8'), ('QT_IM_MODULE', 'ibus'), ('PWD', '/home/tiffany/fyp_ws/build/formation_gazebo'), ('LC_ALL', 'en_US.UTF-8'), ('XDG_CONFIG_DIRS', '/etc/xdg/xdg-ubuntu:/etc/xdg'), ('XDG_DATA_DIRS', '/usr/share/ubuntu:/usr/local/share/:/usr/share/:/var/lib/snapd/desktop'), ('PYTHONPATH', '/opt/ros/humble/lib/python3.10/site-packages:/opt/ros/humble/local/lib/python3.10/dist-packages'), ('LC_NUMERIC', 'id_ID.UTF-8'), ('LC_PAPER', 'id_ID.UTF-8'), ('COLCON', '1'), ('VTE_VERSION', '6800'), ('CMAKE_PREFIX_PATH', '/opt/ros/humble')]), 'shell': False}
[0.054816] (formation_msgs) StdoutLine: {'line': b'[  1%] Built target formation_msgs__rs\n'}
[0.055513] (formation_msgs) StdoutLine: {'line': b'[  1%] Built target formation_msgs__cpp\n'}
[0.056838] (formation_msgs) StdoutLine: {'line': b'[ 13%] Built target formation_msgs__rosidl_generator_c\n'}
[0.059802] (formation_gazebo) StdoutLine: {'line': b'-- Install configuration: ""\n'}
[0.060104] (formation_gazebo) StdoutLine: {'line': b'-- Up-to-date: /home/tiffany/fyp_ws/install/formation_gazebo/share/formation_gazebo/models\n'}
[0.060197] (formation_gazebo) StdoutLine: {'line': b'-- Up-to-date: /home/tiffany/fyp_ws/install/formation_gazebo/share/formation_gazebo/models/drone\n'}
[0.060272] (formation_gazebo) StdoutLine: {'line': b'-- Up-to-date: /home/tiffany/fyp_ws/install/formation_gazebo/share/formation_gazebo/models/drone/model.config\n'}
[0.060352] (formation_gazebo) StdoutLine: {'line': b'-- Up-to-date: /home/tiffany/fyp_ws/install/formation_gazebo/share/formation_gazebo/models/drone/model.sdf\n'}
[0.060432] (formation_gazebo) StdoutLine: {'line': b'-- Up-to-date: /home/tiffany/fyp_ws/install/formation_gazebo/share/formation_gazebo/worlds\n'}
[0.060598] (formation_gazebo) StdoutLine: {'line': b'-- Up-to-date: /home/tiffany/fyp_ws/install/formation_gazebo/share/formation_gazebo/worlds/formation_world.sdf\n'}
[0.060682] (formation_gazebo) StdoutLine: {'line': b'-- Installing: /home/tiffany/fyp_ws/install/formation_gazebo/lib/formation_gazebo/spawn_drones.sh\n'}
[0.060812] (formation_gazebo) StdoutLine: {'line': b'-- Up-to-date: /home/tiffany/fyp_ws/install/formation_gazebo/share/ament_index/resource_index/package_run_dependencies/formation_gazebo\n'}
[0.060890] (formation_gazebo) StdoutLine: {'line': b'-- Up-to-date: /home/tiffany/fyp_ws/install/formation_gazebo/share/ament_index/resource_index/parent_prefix_path/formation_gazebo\n'}
[0.060978] (formation_gazebo) StdoutLine: {'line': b'-- Up-to-date: /home/tiffany/fyp_ws/install/formation_gazebo/share/formation_gazebo/environment/ament_prefix_path.sh\n'}
[0.061098] (formation_gazebo) StdoutLine: {'line': b'-- Up-to-date: /home/tiffany/fyp_ws/install/formation_gazebo/share/formation_gazebo/environment/ament_prefix_path.dsv\n'}
[0.061176] (formation_gazebo) StdoutLine: {'line': b'-- Up-to-date: /home/tiffany/fyp_ws/install/formation_gazebo/share/formation_gazebo/environment/path.sh\n'}
[0.061248] (formation_gazebo) StdoutLine: {'line': b'-- Up-to-date: /home/tiffany/fyp_ws/install/formation_gazebo/share/formation_gazebo/environment/path.dsv\n'}
[0.061314] (formation_gazebo) StdoutLine: {'line': b'-- Up-to-date: /home/tiffany/fyp_ws/install/formation_gazebo/share/formation_gazebo/local_setup.bash\n'}
[0.061379] (formation_gazebo) StdoutLine: {'line': b'-- Up-to-date: /home/tiffany/fyp_ws/install/formation_gazebo/share/formation_gazebo/local_setup.sh\n'}
[0.061444] (formation_gazebo) StdoutLine: {'line': b'-- Up-to-date: /home/tiffany/fyp_ws/install/formation_gazebo/share/formation_gazebo/local_setup.zsh\n'}
[0.061509] (formation_gazebo) StdoutLine: {'line': b'-- Up-to-date: /home/tiffany/fyp_ws/install/formation_gazebo/share/formation_gazebo/local_setup.dsv\n'}
[0.061575] (formation_gazebo) StdoutLine: {'line': b'-- Up-to-date: /home/tiffany/fyp_ws/install/formation_gazebo/share/formation_gazebo/package.dsv\n'}
[0.061641] (formation_gazebo) StdoutLine: {'line': b'-- Up-to-date: /home/tiffany/fyp_ws/install/formation_gazebo/share/ament_index/resource_index/packages/formation_gazebo\n'}
[0.061708] (formation_gazebo) StdoutLine: {'line': b'-- Up-to-date: /home/tiffany/fyp_ws/install/formation_gazebo/share/formation_gazebo/cmake/formation_gazeboConfig.cmake\n'}
[0.061780] (formation_gazebo) StdoutLine: {'line': b'-- Up-to-date: /home/tiffany/fyp_ws/install/formation_gazebo/share/formation_gazebo/cmake/formation_gazeboConfig-version.cmake\n'}
[0.061851] (formation_gazebo) StdoutLine: {'line': b'-- Up-to-date: /home/tiffany/fyp_ws/install/formation_gazebo/share/formation_gazebo/package.xml\n'}
[0.062750] (formation_gazebo) CommandEnded: {'returncode': 0}
[0.066989] (formation_msgs) StdoutLine: {'line': b'[ 13%] Built target ament_cmake_python_copy_formation_msgs\n'}
[0.078478] (formation_gazebo) JobEnded: {'identifier': 'formation_gazebo', 'rc': 0}
[0.079041] (formation_msgs) StdoutLine: {'line': b'[ 24%] Built target formation_msgs__rosidl_typesupport_c\n'}
[0.081084] (formation_msgs) StdoutLine: {'line': b'[ 67%] Built target formation_msgs__rosidl_typesupport_cpp\n'}
[0.081195] (formation_msgs) StdoutLine: {'line': b'[ 67%] Built target formation_msgs__rosidl_typesupport_introspection_c\n'}
[0.081258] (formation_msgs) StdoutLine: {'line': b'[ 67%] Built target formation_msgs__rosidl_typesupport_introspection_cpp\n'}
[0.081340] (formation_msgs) StdoutLine: {'line': b'[ 71%] Built target formation_msgs__rosidl_typesupport_fastrtps_cpp\n'}
[0.085759] (formation_msgs) StdoutLine: {'line': b'[ 82%] Built target formation_msgs__rosidl_typesupport_fastrtps_c\n'}
[0.099728] (-) TimerEvent: {}
[0.103884] (formation_msgs) StdoutLine: {'line': b'[ 82%] Built target formation_msgs\n'}
[0.124188] (formation_msgs) StdoutLine: {'line': b'[ 83%] Built target formation_msgs__py\n'}
[0.146859] (formation_msgs) StdoutLine: {'line': b'[ 94%] Built target formation_msgs__rosidl_generator_py\n'}
[0.166838] (formation_msgs) StdoutLine: {'line': b'[100%] Built target formation_msgs__rosidl_typesupport_fastrtps_c__pyext\n'}
[0.167085] (formation_msgs) StdoutLine: {'line': b'[100%] Built target formation_msgs__rosidl_typesupport_introspection_c__pyext\n'}
[0.167227] (formation_msgs) StdoutLine: {'line': b'[100%] Built target formation_msgs__rosidl_typesupport_c__pyext\n'}
[0.199794] (-) TimerEvent: {}
[0.246339] (formation_msgs) StdoutLine: {'line': b'running egg_info\n'}
[0.246831] (formation_msgs) StdoutLine: {'line': b'writing formation_msgs.egg-info/PKG-INFO\n'}
[0.247040] (formation_msgs) StdoutLine: {'line': b'writing dependency_links to formation_msgs.egg-info/dependency_links.txt\n'}
[0.247206] (formation_msgs) StdoutLine: {'line': b'writing top-level names to formation_msgs.egg-info/top_level.txt\n'}
[0.248669] (formation_msgs) StdoutLine: {'line': b"reading manifest file 'formation_msgs.egg-info/SOURCES.txt'\n"}
[0.249219] (formation_msgs) StdoutLine: {'line': b"writing manifest file 'formation_msgs.egg-info/SOURCES.txt'\n"}
[0.269171] (formation_msgs) StdoutLine: {'line': b'[100%] Built target ament_cmake_python_build_formation_msgs_egg\n'}
[0.280432] (formation_msgs) CommandEnded: {'returncode': 0}
[0.281076] (formation_msgs) JobProgress: {'identifier': 'formation_msgs', 'progress': 'install'}
[0.281385] (formation_msgs) Command: {'cmd': ['/usr/bin/cmake', '--install', '/home/tiffany/fyp_ws/build/formation_msgs'], 'cwd': '/home/tiffany/fyp_ws/build/formation_msgs', 'env': OrderedDict([('LESSOPEN', '| /usr/bin/lesspipe %s'), ('USER', 'tiffany'), ('LC_TIME', 'id_ID.UTF-8'), ('XDG_SESSION_TYPE', 'wayland'), ('SHLVL', '1'), ('LD_LIBRARY_PATH', '/opt/ros/humble/opt/rviz_ogre_vendor/lib:/opt/ros/humble/lib/x86_64-linux-gnu:/opt/ros/humble/lib'), ('HOME', '/home/tiffany'), ('OLDPWD', '/home/tiffany'), ('DESKTOP_SESSION', 'ubuntu'), ('ROS_PYTHON_VERSION', '3'), ('GNOME_SHELL_SESSION_MODE', 'ubuntu'), ('GTK_MODULES', 'gail:atk-bridge'), ('LC_MONETARY', 'id_ID.UTF-8'), ('SYSTEMD_EXEC_PID', '2164'), ('DBUS_SESSION_BUS_ADDRESS', 'unix:path=/run/user/1000/bus'), ('COLORTERM', 'truecolor'), ('IM_CONFIG_PHASE', '1'), ('WAYLAND_DISPLAY', 'wayland-0'), ('ROS_DISTRO', 'humble'), ('LOGNAME', 'tiffany'), ('_', '/usr/bin/colcon'), ('ROS_VERSION', '2'), ('XDG_SESSION_CLASS', 'user'), ('USERNAME', 'tiffany'), ('TERM', 'xterm-256color'), ('GNOME_DESKTOP_SESSION_ID', 'this-is-deprecated'), ('ROS_LOCALHOST_ONLY', '0'), ('PATH', '/opt/ros/humble/bin:/home/tiffany/.local/bin:/usr/local/sbin:/usr/local/bin:/usr/sbin:/usr/bin:/sbin:/bin:/usr/games:/usr/local/games:/snap/bin:/snap/bin'), ('SESSION_MANAGER', 'local/tiffany-HP:@/tmp/.ICE-unix/1923,unix/tiffany-HP:/tmp/.ICE-unix/1923'), ('XDG_MENU_PREFIX', 'gnome-'), ('LC_ADDRESS', 'id_ID.UTF-8'), ('GNOME_TERMINAL_SCREEN', '/org/gnome/Terminal/screen/0591c535_17eb_4e94_af3f_ca0ecd2cf809'), ('GNOME_SETUP_DISPLAY', ':1'), ('XDG_RUNTIME_DIR', '/run/user/1000'), ('DISPLAY', ':0'), ('LANG', 'en_US.UTF-8'), ('XDG_CURRENT_DESKTOP', 'ubuntu:GNOME'), ('LC_TELEPHONE', 'id_ID.UTF-8'), ('XMODIFIERS', '@im=ibus'), ('XDG_SESSION_DESKTOP', 'ubuntu'), ('XAUTHORITY', '/run/user/1000/.mutter-Xwaylandauth.5SBQV3'), ('LS_COLORS', 'rs=0:di=01;34:ln=01;36:mh=00:pi=40;33:so=01;35:do=01;35:bd=40;33;01:cd=40;33;01:or=40;31;01:mi=00:su=37;41:sg=30;43:ca=30;41:tw=30;42:ow=34;42:st=37;44:ex=01;32:*.tar=01;31:*.tgz=01;31:*.arc=01;31:*.arj=01;31:*.taz=01;31:*.lha=01;31:*.lz4=01;31:*.lzh=01;31:*.lzma=01;31:*.tlz=01;31:*.txz=01;31:*.tzo=01;31:*.t7z=01;31:*.zip=01;31:*.z=01;31:*.dz=01;31:*.gz=01;31:*.lrz=01;31:*.lz=01;31:*.lzo=01;31:*.xz=01;31:*.zst=01;31:*.tzst=01;31:*.bz2=01;31:*.bz=01;31:*.tbz=01;31:*.tbz2=01;31:*.tz=01;31:*.deb=01;31:*.rpm=01;31:*.jar=01;31:*.war=01;31:*.ear=01;31:*.sar=01;31:*.rar=01;31:*.alz=01;31:*.ace=01;31:*.zoo=01;31:*.cpio=01;31:*.7z=01;31:*.rz=01;31:*.cab=01;31:*.wim=01;31:*.swm=01;31:*.dwm=01;31:*.esd=01;31:*.jpg=01;35:*.jpeg=01;35:*.mjpg=01;35:*.mjpeg=01;35:*.gif=01;35:*.bmp=01;35:*.pbm=01;35:*.pgm=01;35:*.ppm=01;35:*.tga=01;35:*.xbm=01;35:*.xpm=01;35:*.tif=01;35:*.tiff=01;35:*.png=01;35:*.svg=01;35:*.svgz=01;35:*.mng=01;35:*.pcx=01;35:*.mov=01;35:*.mpg=01;35:*.mpeg=01;35:*.m2v=01;35:*.mkv=01;35:*.webm=01;35:*.webp=01;35:*.ogm=01;35:*.mp4=01;35:*.m4v=01;35:*.mp4v=01;35:*.vob=01;35:*.qt=01;35:*.nuv=01;35:*.wmv=01;35:*.asf=01;35:*.rm=01;35:*.rmvb=01;35:*.flc=01;35:*.avi=01;35:*.fli=01;35:*.flv=01;35:*.gl=01;35:*.dl=01;35:*.xcf=01;35:*.xwd=01;35:*.yuv=01;35:*.cgm=01;35:*.emf=01;35:*.ogv=01;35:*.ogx=01;35:*.aac=00;36:*.au=00;36:*.flac=00;36:*.m4a=00;36:*.mid=00;36:*.midi=00;36:*.mka=00;36:*.mp3=00;36:*.mpc=00;36:*.ogg=00;36:*.ra=00;36:*.wav=00;36:*.oga=00;36:*.opus=00;36:*.spx=00;36:*.xspf=00;36:'), ('GNOME_TERMINAL_SERVICE', ':1.177'), ('SSH_AGENT_LAUNCHER', 'gnome-keyring'), ('SSH_AUTH_SOCK', '/run/user/1000/keyring/ssh'), ('AMENT_PREFIX_PATH', '/opt/ros/humble'), ('SHELL', '/bin/bash'), ('LC_NAME', 'id_ID.UTF-8'), ('QT_ACCESSIBILITY', '1'), ('GDMSESSION', 'ubuntu'), ('LESSCLOSE', '/usr/bin/lesspipe %s %s'), ('IGN_GAZEBO_RESOURCE_PATH', ':/home/tiffany/fyp_ws/src/formation_gazebo/models'), ('LC_MEASUREMENT', 'id_ID.UTF-8'), ('LC_IDENTIFICATION', 'id_ID.UTF-8'), ('QT_IM_MODULE', 'ibus'), ('PWD', '/home/tiffany/fyp_ws/build/formation_msgs'), ('LC_ALL', 'en_US.UTF-8'), ('XDG_CONFIG_DIRS', '/etc/xdg/xdg-ubuntu:/etc/xdg'), ('XDG_DATA_DIRS', '/usr/share/ubuntu:/usr/local/share/:/usr/share/:/var/lib/snapd/desktop'), ('PYTHONPATH', '/opt/ros/humble/lib/python3.10/site-packages:/opt/ros/humble/local/lib/python3.10/dist-packages'), ('LC_NUMERIC', 'id_ID.UTF-8'), ('LC_PAPER', 'id_ID.UTF-8'), ('COLCON', '1'), ('VTE_VERSION', '6800'), ('CMAKE_PREFIX_PATH', '/opt/ros/humble')]), 'shell': False}
[0.288309] (formation_msgs) StdoutLine: {'line': b'-- Install configuration: ""\n'}
[0.288436] (formation_msgs) StdoutLine: {'line': b'-- Up-to-date: /home/tiffany/fyp_ws/install/formation_msgs/share/ament_index/resource_index/rosidl_interfaces/formation_msgs\n'}
[0.288505] (formation_msgs) StdoutLine: {'line': b'-- Up-to-date: /home/tiffany/fyp_ws/install/formation_msgs/include/formation_msgs/formation_msgs\n'}
[0.288583] (formation_msgs) StdoutLine: {'line': b'-- Up-to-date: /home/tiffany/fyp_ws/install/formation_msgs/include/formation_msgs/formation_msgs/msg\n'}
[0.288682] (formation_msgs) StdoutLine: {'line': b'-- Up-to-date: /home/tiffany/fyp_ws/install/formation_msgs/include/formation_msgs/formation_msgs/msg/generated_transform.h\n'}
[0.288738] (formation_msgs) StdoutLine: {'line': b'-- Up-to-date: /home/tiffany/fyp_ws/install/formation_msgs/include/formation_msgs/formation_msgs/msg/system_state.h\n'}
[0.288787] (formation_msgs) StdoutLine: {'line': b'-- Up-to-date: /home/tiffany/fyp_ws/install/formation_msgs/include/formation_msgs/formation_msgs/msg/drawn_shape.h\n'}
[0.288834] (formation_msgs) StdoutLine: {'line': b'-- Up-to-date: /home/tiffany/fyp_ws/install/formation_msgs/include/formation_msgs/formation_msgs/msg/drone_path.h\n'}
[0.288882] (formation_msgs) StdoutLine: {'line': b'-- Up-to-date: /home/tiffany/fyp_ws/install/formation_msgs/include/formation_msgs/formation_msgs/msg/drone_setpoint.h\n'}
[0.288929] (formation_msgs) StdoutLine: {'line': b'-- Up-to-date: /home/tiffany/fyp_ws/install/formation_msgs/include/formation_msgs/formation_msgs/msg/formation_goal.h\n'}
[0.288984] (formation_msgs) StdoutLine: {'line': b'-- Up-to-date: /home/tiffany/fyp_ws/install/formation_msgs/include/formation_msgs/formation_msgs/msg/plan_status.h\n'}
[0.289093] (formation_msgs) StdoutLine: {'line': b'-- Up-to-date: /home/tiffany/fyp_ws/install/formation_msgs/include/formation_msgs/formation_msgs/msg/rosidl_generator_c__visibility_control.h\n'}
[0.289144] (formation_msgs) StdoutLine: {'line': b'-- Up-to-date: /home/tiffany/fyp_ws/install/formation_msgs/include/formation_msgs/formation_msgs/msg/detail\n'}
[0.289184] (formation_msgs) StdoutLine: {'line': b'-- Up-to-date: /home/tiffany/fyp_ws/install/formation_msgs/include/formation_msgs/formation_msgs/msg/detail/drone_setpoint__functions.h\n'}
[0.289223] (formation_msgs) StdoutLine: {'line': b'-- Up-to-date: /home/tiffany/fyp_ws/install/formation_msgs/include/formation_msgs/formation_msgs/msg/detail/generated_transform__functions.h\n'}
[0.289263] (formation_msgs) StdoutLine: {'line': b'-- Up-to-date: /home/tiffany/fyp_ws/install/formation_msgs/include/formation_msgs/formation_msgs/msg/detail/plan_status__type_support.h\n'}
[0.289333] (formation_msgs) StdoutLine: {'line': b'-- Up-to-date: /home/tiffany/fyp_ws/install/formation_msgs/include/formation_msgs/formation_msgs/msg/detail/drone_state__functions.c\n'}
[0.289391] (formation_msgs) StdoutLine: {'line': b'-- Up-to-date: /home/tiffany/fyp_ws/install/formation_msgs/include/formation_msgs/formation_msgs/msg/detail/drone_setpoint__type_support.h\n'}
[0.289432] (formation_msgs) StdoutLine: {'line': b'-- Up-to-date: /home/tiffany/fyp_ws/install/formation_msgs/include/formation_msgs/formation_msgs/msg/detail/plan_status__functions.c\n'}
[0.289470] (formation_msgs) StdoutLine: {'line': b'-- Up-to-date: /home/tiffany/fyp_ws/install/formation_msgs/include/formation_msgs/formation_msgs/msg/detail/refinement_cmd__struct.h\n'}
[0.289508] (formation_msgs) StdoutLine: {'line': b'-- Up-to-date: /home/tiffany/fyp_ws/install/formation_msgs/include/formation_msgs/formation_msgs/msg/detail/drone_path__type_support.h\n'}
[0.289546] (formation_msgs) StdoutLine: {'line': b'-- Up-to-date: /home/tiffany/fyp_ws/install/formation_msgs/include/formation_msgs/formation_msgs/msg/detail/drone_path__functions.h\n'}
[0.289585] (formation_msgs) StdoutLine: {'line': b'-- Up-to-date: /home/tiffany/fyp_ws/install/formation_msgs/include/formation_msgs/formation_msgs/msg/detail/refinement_candidate__struct.h\n'}
[0.289623] (formation_msgs) StdoutLine: {'line': b'-- Up-to-date: /home/tiffany/fyp_ws/install/formation_msgs/include/formation_msgs/formation_msgs/msg/detail/generated_transform__struct.h\n'}
[0.289710] (formation_msgs) StdoutLine: {'line': b'-- Up-to-date: /home/tiffany/fyp_ws/install/formation_msgs/include/formation_msgs/formation_msgs/msg/detail/user_command__struct.h\n'}
[0.289751] (formation_msgs) StdoutLine: {'line': b'-- Up-to-date: /home/tiffany/fyp_ws/install/formation_msgs/include/formation_msgs/formation_msgs/msg/detail/drawn_shape__struct.h\n'}
[0.289789] (formation_msgs) StdoutLine: {'line': b'-- Up-to-date: /home/tiffany/fyp_ws/install/formation_msgs/include/formation_msgs/formation_msgs/msg/detail/system_state__struct.h\n'}
[0.289826] (formation_msgs) StdoutLine: {'line': b'-- Up-to-date: /home/tiffany/fyp_ws/install/formation_msgs/include/formation_msgs/formation_msgs/msg/detail/drawn_shape__functions.h\n'}
[0.289863] (formation_msgs) StdoutLine: {'line': b'-- Up-to-date: /home/tiffany/fyp_ws/install/formation_msgs/include/formation_msgs/formation_msgs/msg/detail/drone_path__functions.c\n'}
[0.289901] (formation_msgs) StdoutLine: {'line': b'-- Up-to-date: /home/tiffany/fyp_ws/install/formation_msgs/include/formation_msgs/formation_msgs/msg/detail/formation_goal__struct.h\n'}
[0.289937] (formation_msgs) StdoutLine: {'line': b'-- Up-to-date: /home/tiffany/fyp_ws/install/formation_msgs/include/formation_msgs/formation_msgs/msg/detail/drawn_shape__functions.c\n'}
[0.290016] (formation_msgs) StdoutLine: {'line': b'-- Up-to-date: /home/tiffany/fyp_ws/install/formation_msgs/include/formation_msgs/formation_msgs/msg/detail/drone_state__type_support.h\n'}
[0.290125] (formation_msgs) StdoutLine: {'line': b'-- Up-to-date: /home/tiffany/fyp_ws/install/formation_msgs/include/formation_msgs/formation_msgs/msg/detail/drone_state__functions.h\n'}
[0.290178] (formation_msgs) StdoutLine: {'line': b'-- Up-to-date: /home/tiffany/fyp_ws/install/formation_msgs/include/formation_msgs/formation_msgs/msg/detail/refinement_candidate__functions.c\n'}
[0.290226] (formation_msgs) StdoutLine: {'line': b'-- Up-to-date: /home/tiffany/fyp_ws/install/formation_msgs/include/formation_msgs/formation_msgs/msg/detail/drone_path__struct.h\n'}
[0.290321] (formation_msgs) StdoutLine: {'line': b'-- Up-to-date: /home/tiffany/fyp_ws/install/formation_msgs/include/formation_msgs/formation_msgs/msg/detail/refinement_cmd__functions.h\n'}
[0.290370] (formation_msgs) StdoutLine: {'line': b'-- Up-to-date: /home/tiffany/fyp_ws/install/formation_msgs/include/formation_msgs/formation_msgs/msg/detail/drone_setpoint__struct.h\n'}
[0.290414] (formation_msgs) StdoutLine: {'line': b'-- Up-to-date: /home/tiffany/fyp_ws/install/formation_msgs/include/formation_msgs/formation_msgs/msg/detail/user_command__type_support.h\n'}
[0.290492] (formation_msgs) StdoutLine: {'line': b'-- Up-to-date: /home/tiffany/fyp_ws/install/formation_msgs/include/formation_msgs/formation_msgs/msg/detail/plan_status__struct.h\n'}
[0.290536] (formation_msgs) StdoutLine: {'line': b'-- Up-to-date: /home/tiffany/fyp_ws/install/formation_msgs/include/formation_msgs/formation_msgs/msg/detail/refinement_candidate__functions.h\n'}
[0.290577] (formation_msgs) StdoutLine: {'line': b'-- Up-to-date: /home/tiffany/fyp_ws/install/formation_msgs/include/formation_msgs/formation_msgs/msg/detail/system_state__functions.h\n'}
[0.290618] (formation_msgs) StdoutLine: {'line': b'-- Up-to-date: /home/tiffany/fyp_ws/install/formation_msgs/include/formation_msgs/formation_msgs/msg/detail/refinement_cmd__functions.c\n'}
[0.290658] (formation_msgs) StdoutLine: {'line': b'-- Up-to-date: /home/tiffany/fyp_ws/install/formation_msgs/include/formation_msgs/formation_msgs/msg/detail/user_command__functions.c\n'}
[0.290699] (formation_msgs) StdoutLine: {'line': b'-- Up-to-date: /home/tiffany/fyp_ws/install/formation_msgs/include/formation_msgs/formation_msgs/msg/detail/refinement_cmd__type_support.h\n'}
[0.290738] (formation_msgs) StdoutLine: {'line': b'-- Up-to-date: /home/tiffany/fyp_ws/install/formation_msgs/include/formation_msgs/formation_msgs/msg/detail/user_command__functions.h\n'}
[0.290803] (formation_msgs) StdoutLine: {'line': b'-- Up-to-date: /home/tiffany/fyp_ws/install/formation_msgs/include/formation_msgs/formation_msgs/msg/detail/drawn_shape__type_support.h\n'}
[0.290841] (formation_msgs) StdoutLine: {'line': b'-- Up-to-date: /home/tiffany/fyp_ws/install/formation_msgs/include/formation_msgs/formation_msgs/msg/detail/drone_setpoint__functions.c\n'}
[0.290889] (formation_msgs) StdoutLine: {'line': b'-- Up-to-date: /home/tiffany/fyp_ws/install/formation_msgs/include/formation_msgs/formation_msgs/msg/detail/formation_goal__functions.h\n'}
[0.290930] (formation_msgs) StdoutLine: {'line': b'-- Up-to-date: /home/tiffany/fyp_ws/install/formation_msgs/include/formation_msgs/formation_msgs/msg/detail/refinement_candidate__type_support.h\n'}
[0.291018] (formation_msgs) StdoutLine: {'line': b'-- Up-to-date: /home/tiffany/fyp_ws/install/formation_msgs/include/formation_msgs/formation_msgs/msg/detail/system_state__functions.c\n'}
[0.291091] (formation_msgs) StdoutLine: {'line': b'-- Up-to-date: /home/tiffany/fyp_ws/install/formation_msgs/include/formation_msgs/formation_msgs/msg/detail/formation_goal__functions.c\n'}
[0.291132] (formation_msgs) StdoutLine: {'line': b'-- Up-to-date: /home/tiffany/fyp_ws/install/formation_msgs/include/formation_msgs/formation_msgs/msg/detail/generated_transform__functions.c\n'}
[0.291172] (formation_msgs) StdoutLine: {'line': b'-- Up-to-date: /home/tiffany/fyp_ws/install/formation_msgs/include/formation_msgs/formation_msgs/msg/detail/formation_goal__type_support.h\n'}
[0.291210] (formation_msgs) StdoutLine: {'line': b'-- Up-to-date: /home/tiffany/fyp_ws/install/formation_msgs/include/formation_msgs/formation_msgs/msg/detail/drone_state__struct.h\n'}
[0.291289] (formation_msgs) StdoutLine: {'line': b'-- Up-to-date: /home/tiffany/fyp_ws/install/formation_msgs/include/formation_msgs/formation_msgs/msg/detail/plan_status__functions.h\n'}
[0.291331] (formation_msgs) StdoutLine: {'line': b'-- Up-to-date: /home/tiffany/fyp_ws/install/formation_msgs/include/formation_msgs/formation_msgs/msg/detail/generated_transform__type_support.h\n'}
[0.291371] (formation_msgs) StdoutLine: {'line': b'-- Up-to-date: /home/tiffany/fyp_ws/install/formation_msgs/include/formation_msgs/formation_msgs/msg/detail/system_state__type_support.h\n'}
[0.291409] (formation_msgs) StdoutLine: {'line': b'-- Up-to-date: /home/tiffany/fyp_ws/install/formation_msgs/include/formation_msgs/formation_msgs/msg/refinement_cmd.h\n'}
[0.291446] (formation_msgs) StdoutLine: {'line': b'-- Up-to-date: /home/tiffany/fyp_ws/install/formation_msgs/include/formation_msgs/formation_msgs/msg/user_command.h\n'}
[0.291516] (formation_msgs) StdoutLine: {'line': b'-- Up-to-date: /home/tiffany/fyp_ws/install/formation_msgs/include/formation_msgs/formation_msgs/msg/drone_state.h\n'}
[0.291555] (formation_msgs) StdoutLine: {'line': b'-- Up-to-date: /home/tiffany/fyp_ws/install/formation_msgs/include/formation_msgs/formation_msgs/msg/refinement_candidate.h\n'}
[0.291593] (formation_msgs) StdoutLine: {'line': b'-- Up-to-date: /home/tiffany/fyp_ws/install/formation_msgs/share/formation_msgs/environment/library_path.sh\n'}
[0.291631] (formation_msgs) StdoutLine: {'line': b'-- Up-to-date: /home/tiffany/fyp_ws/install/formation_msgs/share/formation_msgs/environment/library_path.dsv\n'}
[0.291668] (formation_msgs) StdoutLine: {'line': b'-- Up-to-date: /home/tiffany/fyp_ws/install/formation_msgs/lib/libformation_msgs__rosidl_generator_c.so\n'}
[0.291705] (formation_msgs) StdoutLine: {'line': b'-- Up-to-date: /home/tiffany/fyp_ws/install/formation_msgs/include/formation_msgs/formation_msgs\n'}
[0.291742] (formation_msgs) StdoutLine: {'line': b'-- Up-to-date: /home/tiffany/fyp_ws/install/formation_msgs/include/formation_msgs/formation_msgs/msg\n'}
[0.291779] (formation_msgs) StdoutLine: {'line': b'-- Up-to-date: /home/tiffany/fyp_ws/install/formation_msgs/include/formation_msgs/formation_msgs/msg/rosidl_typesupport_fastrtps_c__visibility_control.h\n'}
[0.291817] (formation_msgs) StdoutLine: {'line': b'-- Up-to-date: /home/tiffany/fyp_ws/install/formation_msgs/include/formation_msgs/formation_msgs/msg/detail\n'}
[0.291854] (formation_msgs) StdoutLine: {'line': b'-- Up-to-date: /home/tiffany/fyp_ws/install/formation_msgs/include/formation_msgs/formation_msgs/msg/detail/drone_path__rosidl_typesupport_fastrtps_c.h\n'}
[0.291892] (formation_msgs) StdoutLine: {'line': b'-- Up-to-date: /home/tiffany/fyp_ws/install/formation_msgs/include/formation_msgs/formation_msgs/msg/detail/formation_goal__rosidl_typesupport_fastrtps_c.h\n'}
[0.291929] (formation_msgs) StdoutLine: {'line': b'-- Up-to-date: /home/tiffany/fyp_ws/install/formation_msgs/include/formation_msgs/formation_msgs/msg/detail/drone_setpoint__rosidl_typesupport_fastrtps_c.h\n'}
[0.291973] (formation_msgs) StdoutLine: {'line': b'-- Up-to-date: /home/tiffany/fyp_ws/install/formation_msgs/include/formation_msgs/formation_msgs/msg/detail/system_state__rosidl_typesupport_fastrtps_c.h\n'}
[0.292048] (formation_msgs) StdoutLine: {'line': b'-- Up-to-date: /home/tiffany/fyp_ws/install/formation_msgs/include/formation_msgs/formation_msgs/msg/detail/generated_transform__rosidl_typesupport_fastrtps_c.h\n'}
[0.292089] (formation_msgs) StdoutLine: {'line': b'-- Up-to-date: /home/tiffany/fyp_ws/install/formation_msgs/include/formation_msgs/formation_msgs/msg/detail/user_command__rosidl_typesupport_fastrtps_c.h\n'}
[0.292147] (formation_msgs) StdoutLine: {'line': b'-- Up-to-date: /home/tiffany/fyp_ws/install/formation_msgs/include/formation_msgs/formation_msgs/msg/detail/drone_state__rosidl_typesupport_fastrtps_c.h\n'}
[0.292191] (formation_msgs) StdoutLine: {'line': b'-- Up-to-date: /home/tiffany/fyp_ws/install/formation_msgs/include/formation_msgs/formation_msgs/msg/detail/drawn_shape__rosidl_typesupport_fastrtps_c.h\n'}
[0.292230] (formation_msgs) StdoutLine: {'line': b'-- Up-to-date: /home/tiffany/fyp_ws/install/formation_msgs/include/formation_msgs/formation_msgs/msg/detail/plan_status__rosidl_typesupport_fastrtps_c.h\n'}
[0.292269] (formation_msgs) StdoutLine: {'line': b'-- Up-to-date: /home/tiffany/fyp_ws/install/formation_msgs/include/formation_msgs/formation_msgs/msg/detail/refinement_candidate__rosidl_typesupport_fastrtps_c.h\n'}
[0.292308] (formation_msgs) StdoutLine: {'line': b'-- Up-to-date: /home/tiffany/fyp_ws/install/formation_msgs/include/formation_msgs/formation_msgs/msg/detail/refinement_cmd__rosidl_typesupport_fastrtps_c.h\n'}
[0.292346] (formation_msgs) StdoutLine: {'line': b'-- Up-to-date: /home/tiffany/fyp_ws/install/formation_msgs/lib/libformation_msgs__rosidl_typesupport_fastrtps_c.so\n'}
[0.292384] (formation_msgs) StdoutLine: {'line': b'-- Up-to-date: /home/tiffany/fyp_ws/install/formation_msgs/include/formation_msgs/formation_msgs\n'}
[0.292468] (formation_msgs) StdoutLine: {'line': b'-- Up-to-date: /home/tiffany/fyp_ws/install/formation_msgs/include/formation_msgs/formation_msgs/msg\n'}
[0.292507] (formation_msgs) StdoutLine: {'line': b'-- Up-to-date: /home/tiffany/fyp_ws/install/formation_msgs/include/formation_msgs/formation_msgs/msg/rosidl_typesupport_introspection_c__visibility_control.h\n'}
[0.292545] (formation_msgs) StdoutLine: {'line': b'-- Up-to-date: /home/tiffany/fyp_ws/install/formation_msgs/include/formation_msgs/formation_msgs/msg/detail\n'}
[0.292583] (formation_msgs) StdoutLine: {'line': b'-- Up-to-date: /home/tiffany/fyp_ws/install/formation_msgs/include/formation_msgs/formation_msgs/msg/detail/drone_state__type_support.c\n'}
[0.292660] (formation_msgs) StdoutLine: {'line': b'-- Up-to-date: /home/tiffany/fyp_ws/install/formation_msgs/include/formation_msgs/formation_msgs/msg/detail/generated_transform__rosidl_typesupport_introspection_c.h\n'}
[0.292701] (formation_msgs) StdoutLine: {'line': b'-- Up-to-date: /home/tiffany/fyp_ws/install/formation_msgs/include/formation_msgs/formation_msgs/msg/detail/formation_goal__rosidl_typesupport_introspection_c.h\n'}
[0.292740] (formation_msgs) StdoutLine: {'line': b'-- Up-to-date: /home/tiffany/fyp_ws/install/formation_msgs/include/formation_msgs/formation_msgs/msg/detail/plan_status__rosidl_typesupport_introspection_c.h\n'}
[0.292777] (formation_msgs) StdoutLine: {'line': b'-- Up-to-date: /home/tiffany/fyp_ws/install/formation_msgs/include/formation_msgs/formation_msgs/msg/detail/user_command__rosidl_typesupport_introspection_c.h\n'}
[0.292814] (formation_msgs) StdoutLine: {'line': b'-- Up-to-date: /home/tiffany/fyp_ws/install/formation_msgs/include/formation_msgs/formation_msgs/msg/detail/refinement_cmd__type_support.c\n'}
[0.292852] (formation_msgs) StdoutLine: {'line': b'-- Up-to-date: /home/tiffany/fyp_ws/install/formation_msgs/include/formation_msgs/formation_msgs/msg/detail/drone_setpoint__rosidl_typesupport_introspection_c.h\n'}
[0.292890] (formation_msgs) StdoutLine: {'line': b'-- Up-to-date: /home/tiffany/fyp_ws/install/formation_msgs/include/formation_msgs/formation_msgs/msg/detail/drawn_shape__type_support.c\n'}
[0.292927] (formation_msgs) StdoutLine: {'line': b'-- Up-to-date: /home/tiffany/fyp_ws/install/formation_msgs/include/formation_msgs/formation_msgs/msg/detail/drone_path__rosidl_typesupport_introspection_c.h\n'}
[0.292973] (formation_msgs) StdoutLine: {'line': b'-- Up-to-date: /home/tiffany/fyp_ws/install/formation_msgs/include/formation_msgs/formation_msgs/msg/detail/drone_path__type_support.c\n'}
[0.293079] (formation_msgs) StdoutLine: {'line': b'-- Up-to-date: /home/tiffany/fyp_ws/install/formation_msgs/include/formation_msgs/formation_msgs/msg/detail/drone_state__rosidl_typesupport_introspection_c.h\n'}
[0.293120] (formation_msgs) StdoutLine: {'line': b'-- Up-to-date: /home/tiffany/fyp_ws/install/formation_msgs/include/formation_msgs/formation_msgs/msg/detail/user_command__type_support.c\n'}
[0.293158] (formation_msgs) StdoutLine: {'line': b'-- Up-to-date: /home/tiffany/fyp_ws/install/formation_msgs/include/formation_msgs/formation_msgs/msg/detail/plan_status__type_support.c\n'}
[0.293194] (formation_msgs) StdoutLine: {'line': b'-- Up-to-date: /home/tiffany/fyp_ws/install/formation_msgs/include/formation_msgs/formation_msgs/msg/detail/system_state__rosidl_typesupport_introspection_c.h\n'}
[0.293231] (formation_msgs) StdoutLine: {'line': b'-- Up-to-date: /home/tiffany/fyp_ws/install/formation_msgs/include/formation_msgs/formation_msgs/msg/detail/formation_goal__type_support.c\n'}
[0.293268] (formation_msgs) StdoutLine: {'line': b'-- Up-to-date: /home/tiffany/fyp_ws/install/formation_msgs/include/formation_msgs/formation_msgs/msg/detail/refinement_candidate__type_support.c\n'}
[0.293305] (formation_msgs) StdoutLine: {'line': b'-- Up-to-date: /home/tiffany/fyp_ws/install/formation_msgs/include/formation_msgs/formation_msgs/msg/detail/generated_transform__type_support.c\n'}
[0.293355] (formation_msgs) StdoutLine: {'line': b'-- Up-to-date: /home/tiffany/fyp_ws/install/formation_msgs/include/formation_msgs/formation_msgs/msg/detail/refinement_cmd__rosidl_typesupport_introspection_c.h\n'}
[0.293427] (formation_msgs) StdoutLine: {'line': b'-- Up-to-date: /home/tiffany/fyp_ws/install/formation_msgs/include/formation_msgs/formation_msgs/msg/detail/system_state__type_support.c\n'}
[0.293467] (formation_msgs) StdoutLine: {'line': b'-- Up-to-date: /home/tiffany/fyp_ws/install/formation_msgs/include/formation_msgs/formation_msgs/msg/detail/drawn_shape__rosidl_typesupport_introspection_c.h\n'}
[0.293504] (formation_msgs) StdoutLine: {'line': b'-- Up-to-date: /home/tiffany/fyp_ws/install/formation_msgs/include/formation_msgs/formation_msgs/msg/detail/refinement_candidate__rosidl_typesupport_introspection_c.h\n'}
[0.293542] (formation_msgs) StdoutLine: {'line': b'-- Up-to-date: /home/tiffany/fyp_ws/install/formation_msgs/include/formation_msgs/formation_msgs/msg/detail/drone_setpoint__type_support.c\n'}
[0.293579] (formation_msgs) StdoutLine: {'line': b'-- Up-to-date: /home/tiffany/fyp_ws/install/formation_msgs/lib/libformation_msgs__rosidl_typesupport_introspection_c.so\n'}
[0.293617] (formation_msgs) StdoutLine: {'line': b'-- Up-to-date: /home/tiffany/fyp_ws/install/formation_msgs/lib/libformation_msgs__rosidl_typesupport_c.so\n'}
[0.293656] (formation_msgs) StdoutLine: {'line': b'-- Up-to-date: /home/tiffany/fyp_ws/install/formation_msgs/include/formation_msgs/formation_msgs\n'}
[0.293692] (formation_msgs) StdoutLine: {'line': b'-- Up-to-date: /home/tiffany/fyp_ws/install/formation_msgs/include/formation_msgs/formation_msgs/msg\n'}
[0.293729] (formation_msgs) StdoutLine: {'line': b'-- Up-to-date: /home/tiffany/fyp_ws/install/formation_msgs/include/formation_msgs/formation_msgs/msg/user_command.hpp\n'}
[0.293766] (formation_msgs) StdoutLine: {'line': b'-- Up-to-date: /home/tiffany/fyp_ws/install/formation_msgs/include/formation_msgs/formation_msgs/msg/drone_setpoint.hpp\n'}
[0.293802] (formation_msgs) StdoutLine: {'line': b'-- Up-to-date: /home/tiffany/fyp_ws/install/formation_msgs/include/formation_msgs/formation_msgs/msg/plan_status.hpp\n'}
[0.293839] (formation_msgs) StdoutLine: {'line': b'-- Up-to-date: /home/tiffany/fyp_ws/install/formation_msgs/include/formation_msgs/formation_msgs/msg/drone_path.hpp\n'}
[0.293921] (formation_msgs) StdoutLine: {'line': b'-- Up-to-date: /home/tiffany/fyp_ws/install/formation_msgs/include/formation_msgs/formation_msgs/msg/rosidl_generator_cpp__visibility_control.hpp\n'}
[0.293969] (formation_msgs) StdoutLine: {'line': b'-- Up-to-date: /home/tiffany/fyp_ws/install/formation_msgs/include/formation_msgs/formation_msgs/msg/formation_goal.hpp\n'}
[0.294025] (formation_msgs) StdoutLine: {'line': b'-- Up-to-date: /home/tiffany/fyp_ws/install/formation_msgs/include/formation_msgs/formation_msgs/msg/drone_state.hpp\n'}
[0.294060] (formation_msgs) StdoutLine: {'line': b'-- Up-to-date: /home/tiffany/fyp_ws/install/formation_msgs/include/formation_msgs/formation_msgs/msg/generated_transform.hpp\n'}
[0.294094] (formation_msgs) StdoutLine: {'line': b'-- Up-to-date: /home/tiffany/fyp_ws/install/formation_msgs/include/formation_msgs/formation_msgs/msg/refinement_candidate.hpp\n'}
[0.294127] (formation_msgs) StdoutLine: {'line': b'-- Up-to-date: /home/tiffany/fyp_ws/install/formation_msgs/include/formation_msgs/formation_msgs/msg/detail\n'}
[0.294164] (formation_msgs) StdoutLine: {'line': b'-- Up-to-date: /home/tiffany/fyp_ws/install/formation_msgs/include/formation_msgs/formation_msgs/msg/detail/generated_transform__traits.hpp\n'}
[0.294201] (formation_msgs) StdoutLine: {'line': b'-- Up-to-date: /home/tiffany/fyp_ws/install/formation_msgs/include/formation_msgs/formation_msgs/msg/detail/drone_path__struct.hpp\n'}
[0.294238] (formation_msgs) StdoutLine: {'line': b'-- Up-to-date: /home/tiffany/fyp_ws/install/formation_msgs/include/formation_msgs/formation_msgs/msg/detail/generated_transform__builder.hpp\n'}
[0.294275] (formation_msgs) StdoutLine: {'line': b'-- Up-to-date: /home/tiffany/fyp_ws/install/formation_msgs/include/formation_msgs/formation_msgs/msg/detail/drawn_shape__struct.hpp\n'}
[0.294344] (formation_msgs) StdoutLine: {'line': b'-- Up-to-date: /home/tiffany/fyp_ws/install/formation_msgs/include/formation_msgs/formation_msgs/msg/detail/refinement_candidate__struct.hpp\n'}
[0.294381] (formation_msgs) StdoutLine: {'line': b'-- Up-to-date: /home/tiffany/fyp_ws/install/formation_msgs/include/formation_msgs/formation_msgs/msg/detail/refinement_cmd__traits.hpp\n'}
[0.294418] (formation_msgs) StdoutLine: {'line': b'-- Up-to-date: /home/tiffany/fyp_ws/install/formation_msgs/include/formation_msgs/formation_msgs/msg/detail/user_command__builder.hpp\n'}
[0.294454] (formation_msgs) StdoutLine: {'line': b'-- Up-to-date: /home/tiffany/fyp_ws/install/formation_msgs/include/formation_msgs/formation_msgs/msg/detail/drone_setpoint__type_support.hpp\n'}
[0.294491] (formation_msgs) StdoutLine: {'line': b'-- Up-to-date: /home/tiffany/fyp_ws/install/formation_msgs/include/formation_msgs/formation_msgs/msg/detail/refinement_cmd__struct.hpp\n'}
[0.294527] (formation_msgs) StdoutLine: {'line': b'-- Up-to-date: /home/tiffany/fyp_ws/install/formation_msgs/include/formation_msgs/formation_msgs/msg/detail/refinement_candidate__traits.hpp\n'}
[0.294564] (formation_msgs) StdoutLine: {'line': b'-- Up-to-date: /home/tiffany/fyp_ws/install/formation_msgs/include/formation_msgs/formation_msgs/msg/detail/plan_status__builder.hpp\n'}
[0.294606] (formation_msgs) StdoutLine: {'line': b'-- Up-to-date: /home/tiffany/fyp_ws/install/formation_msgs/include/formation_msgs/formation_msgs/msg/detail/drone_path__traits.hpp\n'}
[0.294644] (formation_msgs) StdoutLine: {'line': b'-- Up-to-date: /home/tiffany/fyp_ws/install/formation_msgs/include/formation_msgs/formation_msgs/msg/detail/drone_state__type_support.hpp\n'}
[0.294681] (formation_msgs) StdoutLine: {'line': b'-- Up-to-date: /home/tiffany/fyp_ws/install/formation_msgs/include/formation_msgs/formation_msgs/msg/detail/formation_goal__traits.hpp\n'}
[0.294719] (formation_msgs) StdoutLine: {'line': b'-- Up-to-date: /home/tiffany/fyp_ws/install/formation_msgs/include/formation_msgs/formation_msgs/msg/detail/user_command__struct.hpp\n'}
[0.294756] (formation_msgs) StdoutLine: {'line': b'-- Up-to-date: /home/tiffany/fyp_ws/install/formation_msgs/include/formation_msgs/formation_msgs/msg/detail/formation_goal__builder.hpp\n'}
[0.294794] (formation_msgs) StdoutLine: {'line': b'-- Up-to-date: /home/tiffany/fyp_ws/install/formation_msgs/include/formation_msgs/formation_msgs/msg/detail/generated_transform__struct.hpp\n'}
[0.294831] (formation_msgs) StdoutLine: {'line': b'-- Up-to-date: /home/tiffany/fyp_ws/install/formation_msgs/include/formation_msgs/formation_msgs/msg/detail/refinement_candidate__type_support.hpp\n'}
[0.294868] (formation_msgs) StdoutLine: {'line': b'-- Up-to-date: /home/tiffany/fyp_ws/install/formation_msgs/include/formation_msgs/formation_msgs/msg/detail/drone_state__builder.hpp\n'}
[0.294905] (formation_msgs) StdoutLine: {'line': b'-- Up-to-date: /home/tiffany/fyp_ws/install/formation_msgs/include/formation_msgs/formation_msgs/msg/detail/user_command__type_support.hpp\n'}
[0.294942] (formation_msgs) StdoutLine: {'line': b'-- Up-to-date: /home/tiffany/fyp_ws/install/formation_msgs/include/formation_msgs/formation_msgs/msg/detail/system_state__struct.hpp\n'}
[0.295036] (formation_msgs) StdoutLine: {'line': b'-- Up-to-date: /home/tiffany/fyp_ws/install/formation_msgs/include/formation_msgs/formation_msgs/msg/detail/formation_goal__type_support.hpp\n'}
[0.295077] (formation_msgs) StdoutLine: {'line': b'-- Up-to-date: /home/tiffany/fyp_ws/install/formation_msgs/include/formation_msgs/formation_msgs/msg/detail/system_state__traits.hpp\n'}
[0.295112] (formation_msgs) StdoutLine: {'line': b'-- Up-to-date: /home/tiffany/fyp_ws/install/formation_msgs/include/formation_msgs/formation_msgs/msg/detail/drone_setpoint__struct.hpp\n'}
[0.295146] (formation_msgs) StdoutLine: {'line': b'-- Up-to-date: /home/tiffany/fyp_ws/install/formation_msgs/include/formation_msgs/formation_msgs/msg/detail/formation_goal__struct.hpp\n'}
[0.295204] (formation_msgs) StdoutLine: {'line': b'-- Up-to-date: /home/tiffany/fyp_ws/install/formation_msgs/include/formation_msgs/formation_msgs/msg/detail/drone_setpoint__traits.hpp\n'}
[0.295240] (formation_msgs) StdoutLine: {'line': b'-- Up-to-date: /home/tiffany/fyp_ws/install/formation_msgs/include/formation_msgs/formation_msgs/msg/detail/plan_status__type_support.hpp\n'}
[0.295275] (formation_msgs) StdoutLine: {'line': b'-- Up-to-date: /home/tiffany/fyp_ws/install/formation_msgs/include/formation_msgs/formation_msgs/msg/detail/drawn_shape__type_support.hpp\n'}
[0.295311] (formation_msgs) StdoutLine: {'line': b'-- Up-to-date: /home/tiffany/fyp_ws/install/formation_msgs/include/formation_msgs/formation_msgs/msg/detail/user_command__traits.hpp\n'}
[0.295349] (formation_msgs) StdoutLine: {'line': b'-- Up-to-date: /home/tiffany/fyp_ws/install/formation_msgs/include/formation_msgs/formation_msgs/msg/detail/refinement_cmd__builder.hpp\n'}
[0.295386] (formation_msgs) StdoutLine: {'line': b'-- Up-to-date: /home/tiffany/fyp_ws/install/formation_msgs/include/formation_msgs/formation_msgs/msg/detail/drone_path__type_support.hpp\n'}
[0.295425] (formation_msgs) StdoutLine: {'line': b'-- Up-to-date: /home/tiffany/fyp_ws/install/formation_msgs/include/formation_msgs/formation_msgs/msg/detail/drone_state__struct.hpp\n'}
[0.295462] (formation_msgs) StdoutLine: {'line': b'-- Up-to-date: /home/tiffany/fyp_ws/install/formation_msgs/include/formation_msgs/formation_msgs/msg/detail/refinement_cmd__type_support.hpp\n'}
[0.295500] (formation_msgs) StdoutLine: {'line': b'-- Up-to-date: /home/tiffany/fyp_ws/install/formation_msgs/include/formation_msgs/formation_msgs/msg/detail/refinement_candidate__builder.hpp\n'}
[0.295537] (formation_msgs) StdoutLine: {'line': b'-- Up-to-date: /home/tiffany/fyp_ws/install/formation_msgs/include/formation_msgs/formation_msgs/msg/detail/system_state__builder.hpp\n'}
[0.295574] (formation_msgs) StdoutLine: {'line': b'-- Up-to-date: /home/tiffany/fyp_ws/install/formation_msgs/include/formation_msgs/formation_msgs/msg/detail/plan_status__traits.hpp\n'}
[0.295611] (formation_msgs) StdoutLine: {'line': b'-- Up-to-date: /home/tiffany/fyp_ws/install/formation_msgs/include/formation_msgs/formation_msgs/msg/detail/drawn_shape__builder.hpp\n'}
[0.295647] (formation_msgs) StdoutLine: {'line': b'-- Up-to-date: /home/tiffany/fyp_ws/install/formation_msgs/include/formation_msgs/formation_msgs/msg/detail/drone_path__builder.hpp\n'}
[0.295684] (formation_msgs) StdoutLine: {'line': b'-- Up-to-date: /home/tiffany/fyp_ws/install/formation_msgs/include/formation_msgs/formation_msgs/msg/detail/plan_status__struct.hpp\n'}
[0.295746] (formation_msgs) StdoutLine: {'line': b'-- Up-to-date: /home/tiffany/fyp_ws/install/formation_msgs/include/formation_msgs/formation_msgs/msg/detail/generated_transform__type_support.hpp\n'}
[0.295786] (formation_msgs) StdoutLine: {'line': b'-- Up-to-date: /home/tiffany/fyp_ws/install/formation_msgs/include/formation_msgs/formation_msgs/msg/detail/drone_setpoint__builder.hpp\n'}
[0.295821] (formation_msgs) StdoutLine: {'line': b'-- Up-to-date: /home/tiffany/fyp_ws/install/formation_msgs/include/formation_msgs/formation_msgs/msg/detail/system_state__type_support.hpp\n'}
[0.295859] (formation_msgs) StdoutLine: {'line': b'-- Up-to-date: /home/tiffany/fyp_ws/install/formation_msgs/include/formation_msgs/formation_msgs/msg/detail/drone_state__traits.hpp\n'}
[0.295895] (formation_msgs) StdoutLine: {'line': b'-- Up-to-date: /home/tiffany/fyp_ws/install/formation_msgs/include/formation_msgs/formation_msgs/msg/detail/drawn_shape__traits.hpp\n'}
[0.295932] (formation_msgs) StdoutLine: {'line': b'-- Up-to-date: /home/tiffany/fyp_ws/install/formation_msgs/include/formation_msgs/formation_msgs/msg/system_state.hpp\n'}
[0.295990] (formation_msgs) StdoutLine: {'line': b'-- Up-to-date: /home/tiffany/fyp_ws/install/formation_msgs/include/formation_msgs/formation_msgs/msg/drawn_shape.hpp\n'}
[0.296044] (formation_msgs) StdoutLine: {'line': b'-- Up-to-date: /home/tiffany/fyp_ws/install/formation_msgs/include/formation_msgs/formation_msgs/msg/refinement_cmd.hpp\n'}
[0.296105] (formation_msgs) StdoutLine: {'line': b'-- Up-to-date: /home/tiffany/fyp_ws/install/formation_msgs/include/formation_msgs/formation_msgs\n'}
[0.296145] (formation_msgs) StdoutLine: {'line': b'-- Up-to-date: /home/tiffany/fyp_ws/install/formation_msgs/include/formation_msgs/formation_msgs/msg\n'}
[0.296183] (formation_msgs) StdoutLine: {'line': b'-- Up-to-date: /home/tiffany/fyp_ws/install/formation_msgs/include/formation_msgs/formation_msgs/msg/detail\n'}
[0.296221] (formation_msgs) StdoutLine: {'line': b'-- Up-to-date: /home/tiffany/fyp_ws/install/formation_msgs/include/formation_msgs/formation_msgs/msg/detail/dds_fastrtps\n'}
[0.296259] (formation_msgs) StdoutLine: {'line': b'-- Up-to-date: /home/tiffany/fyp_ws/install/formation_msgs/include/formation_msgs/formation_msgs/msg/detail/refinement_cmd__rosidl_typesupport_fastrtps_cpp.hpp\n'}
[0.296296] (formation_msgs) StdoutLine: {'line': b'-- Up-to-date: /home/tiffany/fyp_ws/install/formation_msgs/include/formation_msgs/formation_msgs/msg/detail/user_command__rosidl_typesupport_fastrtps_cpp.hpp\n'}
[0.296334] (formation_msgs) StdoutLine: {'line': b'-- Up-to-date: /home/tiffany/fyp_ws/install/formation_msgs/include/formation_msgs/formation_msgs/msg/detail/formation_goal__rosidl_typesupport_fastrtps_cpp.hpp\n'}
[0.296370] (formation_msgs) StdoutLine: {'line': b'-- Up-to-date: /home/tiffany/fyp_ws/install/formation_msgs/include/formation_msgs/formation_msgs/msg/detail/drone_setpoint__rosidl_typesupport_fastrtps_cpp.hpp\n'}
[0.296406] (formation_msgs) StdoutLine: {'line': b'-- Up-to-date: /home/tiffany/fyp_ws/install/formation_msgs/include/formation_msgs/formation_msgs/msg/detail/generated_transform__rosidl_typesupport_fastrtps_cpp.hpp\n'}
[0.296492] (formation_msgs) StdoutLine: {'line': b'-- Up-to-date: /home/tiffany/fyp_ws/install/formation_msgs/include/formation_msgs/formation_msgs/msg/detail/system_state__rosidl_typesupport_fastrtps_cpp.hpp\n'}
[0.296533] (formation_msgs) StdoutLine: {'line': b'-- Up-to-date: /home/tiffany/fyp_ws/install/formation_msgs/include/formation_msgs/formation_msgs/msg/detail/refinement_candidate__rosidl_typesupport_fastrtps_cpp.hpp\n'}
[0.296571] (formation_msgs) StdoutLine: {'line': b'-- Up-to-date: /home/tiffany/fyp_ws/install/formation_msgs/include/formation_msgs/formation_msgs/msg/detail/drone_path__rosidl_typesupport_fastrtps_cpp.hpp\n'}
[0.296608] (formation_msgs) StdoutLine: {'line': b'-- Up-to-date: /home/tiffany/fyp_ws/install/formation_msgs/include/formation_msgs/formation_msgs/msg/detail/plan_status__rosidl_typesupport_fastrtps_cpp.hpp\n'}
[0.296645] (formation_msgs) StdoutLine: {'line': b'-- Up-to-date: /home/tiffany/fyp_ws/install/formation_msgs/include/formation_msgs/formation_msgs/msg/detail/drawn_shape__rosidl_typesupport_fastrtps_cpp.hpp\n'}
[0.296683] (formation_msgs) StdoutLine: {'line': b'-- Up-to-date: /home/tiffany/fyp_ws/install/formation_msgs/include/formation_msgs/formation_msgs/msg/detail/drone_state__rosidl_typesupport_fastrtps_cpp.hpp\n'}
[0.296720] (formation_msgs) StdoutLine: {'line': b'-- Up-to-date: /home/tiffany/fyp_ws/install/formation_msgs/include/formation_msgs/formation_msgs/msg/rosidl_typesupport_fastrtps_cpp__visibility_control.h\n'}
[0.296757] (formation_msgs) StdoutLine: {'line': b'-- Up-to-date: /home/tiffany/fyp_ws/install/formation_msgs/lib/libformation_msgs__rosidl_typesupport_fastrtps_cpp.so\n'}
[0.296795] (formation_msgs) StdoutLine: {'line': b'-- Up-to-date: /home/tiffany/fyp_ws/install/formation_msgs/include/formation_msgs/formation_msgs\n'}
[0.296833] (formation_msgs) StdoutLine: {'line': b'-- Up-to-date: /home/tiffany/fyp_ws/install/formation_msgs/include/formation_msgs/formation_msgs/msg\n'}
[0.296871] (formation_msgs) StdoutLine: {'line': b'-- Up-to-date: /home/tiffany/fyp_ws/install/formation_msgs/include/formation_msgs/formation_msgs/msg/detail\n'}
[0.296939] (formation_msgs) StdoutLine: {'line': b'-- Up-to-date: /home/tiffany/fyp_ws/install/formation_msgs/include/formation_msgs/formation_msgs/msg/detail/plan_status__type_support.cpp\n'}
[0.296997] (formation_msgs) StdoutLine: {'line': b'-- Up-to-date: /home/tiffany/fyp_ws/install/formation_msgs/include/formation_msgs/formation_msgs/msg/detail/drone_state__rosidl_typesupport_introspection_cpp.hpp\n'}
[0.297042] (formation_msgs) StdoutLine: {'line': b'-- Up-to-date: /home/tiffany/fyp_ws/install/formation_msgs/include/formation_msgs/formation_msgs/msg/detail/user_command__type_support.cpp\n'}
[0.297076] (formation_msgs) StdoutLine: {'line': b'-- Up-to-date: /home/tiffany/fyp_ws/install/formation_msgs/include/formation_msgs/formation_msgs/msg/detail/generated_transform__rosidl_typesupport_introspection_cpp.hpp\n'}
[0.297110] (formation_msgs) StdoutLine: {'line': b'-- Up-to-date: /home/tiffany/fyp_ws/install/formation_msgs/include/formation_msgs/formation_msgs/msg/detail/refinement_cmd__rosidl_typesupport_introspection_cpp.hpp\n'}
[0.297144] (formation_msgs) StdoutLine: {'line': b'-- Up-to-date: /home/tiffany/fyp_ws/install/formation_msgs/include/formation_msgs/formation_msgs/msg/detail/drawn_shape__rosidl_typesupport_introspection_cpp.hpp\n'}
[0.297177] (formation_msgs) StdoutLine: {'line': b'-- Up-to-date: /home/tiffany/fyp_ws/install/formation_msgs/include/formation_msgs/formation_msgs/msg/detail/refinement_cmd__type_support.cpp\n'}
[0.297210] (formation_msgs) StdoutLine: {'line': b'-- Up-to-date: /home/tiffany/fyp_ws/install/formation_msgs/include/formation_msgs/formation_msgs/msg/detail/drawn_shape__type_support.cpp\n'}
[0.297243] (formation_msgs) StdoutLine: {'line': b'-- Up-to-date: /home/tiffany/fyp_ws/install/formation_msgs/include/formation_msgs/formation_msgs/msg/detail/plan_status__rosidl_typesupport_introspection_cpp.hpp\n'}
[0.297276] (formation_msgs) StdoutLine: {'line': b'-- Up-to-date: /home/tiffany/fyp_ws/install/formation_msgs/include/formation_msgs/formation_msgs/msg/detail/user_command__rosidl_typesupport_introspection_cpp.hpp\n'}
[0.297309] (formation_msgs) StdoutLine: {'line': b'-- Up-to-date: /home/tiffany/fyp_ws/install/formation_msgs/include/formation_msgs/formation_msgs/msg/detail/formation_goal__type_support.cpp\n'}
[0.297343] (formation_msgs) StdoutLine: {'line': b'-- Up-to-date: /home/tiffany/fyp_ws/install/formation_msgs/include/formation_msgs/formation_msgs/msg/detail/system_state__type_support.cpp\n'}
[0.297377] (formation_msgs) StdoutLine: {'line': b'-- Up-to-date: /home/tiffany/fyp_ws/install/formation_msgs/include/formation_msgs/formation_msgs/msg/detail/drone_state__type_support.cpp\n'}
[0.297410] (formation_msgs) StdoutLine: {'line': b'-- Up-to-date: /home/tiffany/fyp_ws/install/formation_msgs/include/formation_msgs/formation_msgs/msg/detail/drone_path__type_support.cpp\n'}
[0.297443] (formation_msgs) StdoutLine: {'line': b'-- Up-to-date: /home/tiffany/fyp_ws/install/formation_msgs/include/formation_msgs/formation_msgs/msg/detail/drone_setpoint__rosidl_typesupport_introspection_cpp.hpp\n'}
[0.297476] (formation_msgs) StdoutLine: {'line': b'-- Up-to-date: /home/tiffany/fyp_ws/install/formation_msgs/include/formation_msgs/formation_msgs/msg/detail/refinement_candidate__type_support.cpp\n'}
[0.297516] (formation_msgs) StdoutLine: {'line': b'-- Up-to-date: /home/tiffany/fyp_ws/install/formation_msgs/include/formation_msgs/formation_msgs/msg/detail/formation_goal__rosidl_typesupport_introspection_cpp.hpp\n'}
[0.297550] (formation_msgs) StdoutLine: {'line': b'-- Up-to-date: /home/tiffany/fyp_ws/install/formation_msgs/include/formation_msgs/formation_msgs/msg/detail/generated_transform__type_support.cpp\n'}
[0.297583] (formation_msgs) StdoutLine: {'line': b'-- Up-to-date: /home/tiffany/fyp_ws/install/formation_msgs/include/formation_msgs/formation_msgs/msg/detail/refinement_candidate__rosidl_typesupport_introspection_cpp.hpp\n'}
[0.297616] (formation_msgs) StdoutLine: {'line': b'-- Up-to-date: /home/tiffany/fyp_ws/install/formation_msgs/include/formation_msgs/formation_msgs/msg/detail/drone_setpoint__type_support.cpp\n'}
[0.297648] (formation_msgs) StdoutLine: {'line': b'-- Up-to-date: /home/tiffany/fyp_ws/install/formation_msgs/include/formation_msgs/formation_msgs/msg/detail/system_state__rosidl_typesupport_introspection_cpp.hpp\n'}
[0.297685] (formation_msgs) StdoutLine: {'line': b'-- Up-to-date: /home/tiffany/fyp_ws/install/formation_msgs/include/formation_msgs/formation_msgs/msg/detail/drone_path__rosidl_typesupport_introspection_cpp.hpp\n'}
[0.297718] (formation_msgs) StdoutLine: {'line': b'-- Up-to-date: /home/tiffany/fyp_ws/install/formation_msgs/lib/libformation_msgs__rosidl_typesupport_introspection_cpp.so\n'}
[0.297751] (formation_msgs) StdoutLine: {'line': b'-- Up-to-date: /home/tiffany/fyp_ws/install/formation_msgs/lib/libformation_msgs__rosidl_typesupport_cpp.so\n'}
[0.297784] (formation_msgs) StdoutLine: {'line': b'-- Up-to-date: /home/tiffany/fyp_ws/install/formation_msgs/share/formation_msgs/environment/pythonpath.sh\n'}
[0.297817] (formation_msgs) StdoutLine: {'line': b'-- Up-to-date: /home/tiffany/fyp_ws/install/formation_msgs/share/formation_msgs/environment/pythonpath.dsv\n'}
[0.297849] (formation_msgs) StdoutLine: {'line': b'-- Up-to-date: /home/tiffany/fyp_ws/install/formation_msgs/local/lib/python3.10/dist-packages/formation_msgs-0.0.0-py3.10.egg-info\n'}
[0.297886] (formation_msgs) StdoutLine: {'line': b'-- Installing: /home/tiffany/fyp_ws/install/formation_msgs/local/lib/python3.10/dist-packages/formation_msgs-0.0.0-py3.10.egg-info/SOURCES.txt\n'}
[0.297921] (formation_msgs) StdoutLine: {'line': b'-- Installing: /home/tiffany/fyp_ws/install/formation_msgs/local/lib/python3.10/dist-packages/formation_msgs-0.0.0-py3.10.egg-info/top_level.txt\n'}
[0.297955] (formation_msgs) StdoutLine: {'line': b'-- Installing: /home/tiffany/fyp_ws/install/formation_msgs/local/lib/python3.10/dist-packages/formation_msgs-0.0.0-py3.10.egg-info/dependency_links.txt\n'}
[0.298006] (formation_msgs) StdoutLine: {'line': b'-- Installing: /home/tiffany/fyp_ws/install/formation_msgs/local/lib/python3.10/dist-packages/formation_msgs-0.0.0-py3.10.egg-info/PKG-INFO\n'}
[0.298043] (formation_msgs) StdoutLine: {'line': b'-- Up-to-date: /home/tiffany/fyp_ws/install/formation_msgs/local/lib/python3.10/dist-packages/formation_msgs\n'}
[0.298077] (formation_msgs) StdoutLine: {'line': b'-- Up-to-date: /home/tiffany/fyp_ws/install/formation_msgs/local/lib/python3.10/dist-packages/formation_msgs/__init__.py\n'}
[0.298110] (formation_msgs) StdoutLine: {'line': b'-- Up-to-date: /home/tiffany/fyp_ws/install/formation_msgs/local/lib/python3.10/dist-packages/formation_msgs/formation_msgs_s__rosidl_typesupport_introspection_c.cpython-310-x86_64-linux-gnu.so\n'}
[0.298143] (formation_msgs) StdoutLine: {'line': b'-- Up-to-date: /home/tiffany/fyp_ws/install/formation_msgs/local/lib/python3.10/dist-packages/formation_msgs/libformation_msgs__rosidl_generator_py.so\n'}
[0.298176] (formation_msgs) StdoutLine: {'line': b'-- Up-to-date: /home/tiffany/fyp_ws/install/formation_msgs/local/lib/python3.10/dist-packages/formation_msgs/formation_msgs_s__rosidl_typesupport_fastrtps_c.cpython-310-x86_64-linux-gnu.so\n'}
[0.298210] (formation_msgs) StdoutLine: {'line': b'-- Up-to-date: /home/tiffany/fyp_ws/install/formation_msgs/local/lib/python3.10/dist-packages/formation_msgs/_formation_msgs_s.ep.rosidl_typesupport_introspection_c.c\n'}
[0.298243] (formation_msgs) StdoutLine: {'line': b'-- Up-to-date: /home/tiffany/fyp_ws/install/formation_msgs/local/lib/python3.10/dist-packages/formation_msgs/_formation_msgs_s.ep.rosidl_typesupport_fastrtps_c.c\n'}
[0.298275] (formation_msgs) StdoutLine: {'line': b'-- Up-to-date: /home/tiffany/fyp_ws/install/formation_msgs/local/lib/python3.10/dist-packages/formation_msgs/msg\n'}
[0.298308] (formation_msgs) StdoutLine: {'line': b'-- Up-to-date: /home/tiffany/fyp_ws/install/formation_msgs/local/lib/python3.10/dist-packages/formation_msgs/msg/__init__.py\n'}
[0.298341] (formation_msgs) StdoutLine: {'line': b'-- Up-to-date: /home/tiffany/fyp_ws/install/formation_msgs/local/lib/python3.10/dist-packages/formation_msgs/msg/_drone_path.py\n'}
[0.298373] (formation_msgs) StdoutLine: {'line': b'-- Up-to-date: /home/tiffany/fyp_ws/install/formation_msgs/local/lib/python3.10/dist-packages/formation_msgs/msg/_refinement_candidate.py\n'}
[0.298411] (formation_msgs) StdoutLine: {'line': b'-- Up-to-date: /home/tiffany/fyp_ws/install/formation_msgs/local/lib/python3.10/dist-packages/formation_msgs/msg/_formation_goal.py\n'}
[0.298445] (formation_msgs) StdoutLine: {'line': b'-- Up-to-date: /home/tiffany/fyp_ws/install/formation_msgs/local/lib/python3.10/dist-packages/formation_msgs/msg/_drone_setpoint.py\n'}
[0.298478] (formation_msgs) StdoutLine: {'line': b'-- Up-to-date: /home/tiffany/fyp_ws/install/formation_msgs/local/lib/python3.10/dist-packages/formation_msgs/msg/_plan_status.py\n'}
[0.298510] (formation_msgs) StdoutLine: {'line': b'-- Up-to-date: /home/tiffany/fyp_ws/install/formation_msgs/local/lib/python3.10/dist-packages/formation_msgs/msg/_generated_transform_s.c\n'}
[0.298552] (formation_msgs) StdoutLine: {'line': b'-- Up-to-date: /home/tiffany/fyp_ws/install/formation_msgs/local/lib/python3.10/dist-packages/formation_msgs/msg/_drone_state_s.c\n'}
[0.298587] (formation_msgs) StdoutLine: {'line': b'-- Up-to-date: /home/tiffany/fyp_ws/install/formation_msgs/local/lib/python3.10/dist-packages/formation_msgs/msg/_refinement_candidate_s.c\n'}
[0.298620] (formation_msgs) StdoutLine: {'line': b'-- Up-to-date: /home/tiffany/fyp_ws/install/formation_msgs/local/lib/python3.10/dist-packages/formation_msgs/msg/_drawn_shape.py\n'}
[0.298653] (formation_msgs) StdoutLine: {'line': b'-- Up-to-date: /home/tiffany/fyp_ws/install/formation_msgs/local/lib/python3.10/dist-packages/formation_msgs/msg/_drone_setpoint_s.c\n'}
[0.298686] (formation_msgs) StdoutLine: {'line': b'-- Up-to-date: /home/tiffany/fyp_ws/install/formation_msgs/local/lib/python3.10/dist-packages/formation_msgs/msg/_formation_goal_s.c\n'}
[0.298719] (formation_msgs) StdoutLine: {'line': b'-- Up-to-date: /home/tiffany/fyp_ws/install/formation_msgs/local/lib/python3.10/dist-packages/formation_msgs/msg/_user_command_s.c\n'}
[0.298751] (formation_msgs) StdoutLine: {'line': b'-- Up-to-date: /home/tiffany/fyp_ws/install/formation_msgs/local/lib/python3.10/dist-packages/formation_msgs/msg/_drone_state.py\n'}
[0.298784] (formation_msgs) StdoutLine: {'line': b'-- Up-to-date: /home/tiffany/fyp_ws/install/formation_msgs/local/lib/python3.10/dist-packages/formation_msgs/msg/_drawn_shape_s.c\n'}
[0.298821] (formation_msgs) StdoutLine: {'line': b'-- Up-to-date: /home/tiffany/fyp_ws/install/formation_msgs/local/lib/python3.10/dist-packages/formation_msgs/msg/_user_command.py\n'}
[0.298855] (formation_msgs) StdoutLine: {'line': b'-- Up-to-date: /home/tiffany/fyp_ws/install/formation_msgs/local/lib/python3.10/dist-packages/formation_msgs/msg/_refinement_cmd.py\n'}
[0.298890] (formation_msgs) StdoutLine: {'line': b'-- Up-to-date: /home/tiffany/fyp_ws/install/formation_msgs/local/lib/python3.10/dist-packages/formation_msgs/msg/_plan_status_s.c\n'}
[0.298924] (formation_msgs) StdoutLine: {'line': b'-- Up-to-date: /home/tiffany/fyp_ws/install/formation_msgs/local/lib/python3.10/dist-packages/formation_msgs/msg/_refinement_cmd_s.c\n'}
[0.298958] (formation_msgs) StdoutLine: {'line': b'-- Up-to-date: /home/tiffany/fyp_ws/install/formation_msgs/local/lib/python3.10/dist-packages/formation_msgs/msg/_system_state.py\n'}
[0.299009] (formation_msgs) StdoutLine: {'line': b'-- Up-to-date: /home/tiffany/fyp_ws/install/formation_msgs/local/lib/python3.10/dist-packages/formation_msgs/msg/_generated_transform.py\n'}
[0.299054] (formation_msgs) StdoutLine: {'line': b'-- Up-to-date: /home/tiffany/fyp_ws/install/formation_msgs/local/lib/python3.10/dist-packages/formation_msgs/msg/_system_state_s.c\n'}
[0.299108] (formation_msgs) StdoutLine: {'line': b'-- Up-to-date: /home/tiffany/fyp_ws/install/formation_msgs/local/lib/python3.10/dist-packages/formation_msgs/msg/_drone_path_s.c\n'}
[0.299141] (formation_msgs) StdoutLine: {'line': b'-- Up-to-date: /home/tiffany/fyp_ws/install/formation_msgs/local/lib/python3.10/dist-packages/formation_msgs/formation_msgs_s__rosidl_typesupport_c.cpython-310-x86_64-linux-gnu.so\n'}
[0.299175] (formation_msgs) StdoutLine: {'line': b'-- Up-to-date: /home/tiffany/fyp_ws/install/formation_msgs/local/lib/python3.10/dist-packages/formation_msgs/_formation_msgs_s.ep.rosidl_typesupport_c.c\n'}
[0.300401] (-) TimerEvent: {}
[0.320994] (formation_msgs) StdoutLine: {'line': b"Listing '/home/tiffany/fyp_ws/install/formation_msgs/local/lib/python3.10/dist-packages/formation_msgs'...\n"}
[0.321120] (formation_msgs) StdoutLine: {'line': b"Listing '/home/tiffany/fyp_ws/install/formation_msgs/local/lib/python3.10/dist-packages/formation_msgs/msg'...\n"}
[0.324545] (formation_msgs) StdoutLine: {'line': b'-- Up-to-date: /home/tiffany/fyp_ws/install/formation_msgs/local/lib/python3.10/dist-packages/formation_msgs/formation_msgs_s__rosidl_typesupport_fastrtps_c.cpython-310-x86_64-linux-gnu.so\n'}
[0.324817] (formation_msgs) StdoutLine: {'line': b'-- Up-to-date: /home/tiffany/fyp_ws/install/formation_msgs/local/lib/python3.10/dist-packages/formation_msgs/formation_msgs_s__rosidl_typesupport_introspection_c.cpython-310-x86_64-linux-gnu.so\n'}
[0.325116] (formation_msgs) StdoutLine: {'line': b'-- Up-to-date: /home/tiffany/fyp_ws/install/formation_msgs/local/lib/python3.10/dist-packages/formation_msgs/formation_msgs_s__rosidl_typesupport_c.cpython-310-x86_64-linux-gnu.so\n'}
[0.325492] (formation_msgs) StdoutLine: {'line': b'-- Up-to-date: /home/tiffany/fyp_ws/install/formation_msgs/lib/libformation_msgs__rosidl_generator_py.so\n'}
[0.325722] (formation_msgs) StdoutLine: {'line': b'-- Up-to-date: /home/tiffany/fyp_ws/install/formation_msgs/share/ament_index/resource_index/rust_packages/formation_msgs\n'}
[0.325785] (formation_msgs) StdoutLine: {'line': b'-- Up-to-date: /home/tiffany/fyp_ws/install/formation_msgs/share/formation_msgs/rust\n'}
[0.325846] (formation_msgs) StdoutLine: {'line': b'-- Up-to-date: /home/tiffany/fyp_ws/install/formation_msgs/share/formation_msgs/rust/build.rs\n'}
[0.325921] (formation_msgs) StdoutLine: {'line': b'-- Up-to-date: /home/tiffany/fyp_ws/install/formation_msgs/share/formation_msgs/rust/Cargo.toml\n'}
[0.326003] (formation_msgs) StdoutLine: {'line': b'-- Up-to-date: /home/tiffany/fyp_ws/install/formation_msgs/share/formation_msgs/rust/src\n'}
[0.326064] (formation_msgs) StdoutLine: {'line': b'-- Up-to-date: /home/tiffany/fyp_ws/install/formation_msgs/share/formation_msgs/rust/src/lib.rs\n'}
[0.326117] (formation_msgs) StdoutLine: {'line': b'-- Up-to-date: /home/tiffany/fyp_ws/install/formation_msgs/share/formation_msgs/rust/src/msg.rs\n'}
[0.326208] (formation_msgs) StdoutLine: {'line': b'-- Up-to-date: /home/tiffany/fyp_ws/install/formation_msgs/share/formation_msgs/rust/src/msg\n'}
[0.326260] (formation_msgs) StdoutLine: {'line': b'-- Up-to-date: /home/tiffany/fyp_ws/install/formation_msgs/share/formation_msgs/rust/src/msg/rmw.rs\n'}
[0.326311] (formation_msgs) StdoutLine: {'line': b'-- Up-to-date: /home/tiffany/fyp_ws/install/formation_msgs/share/formation_msgs/msg/DrawnShape.idl\n'}
[0.326380] (formation_msgs) StdoutLine: {'line': b'-- Up-to-date: /home/tiffany/fyp_ws/install/formation_msgs/share/formation_msgs/msg/FormationGoal.idl\n'}
[0.326483] (formation_msgs) StdoutLine: {'line': b'-- Up-to-date: /home/tiffany/fyp_ws/install/formation_msgs/share/formation_msgs/msg/DronePath.idl\n'}
[0.326536] (formation_msgs) StdoutLine: {'line': b'-- Up-to-date: /home/tiffany/fyp_ws/install/formation_msgs/share/formation_msgs/msg/DroneState.idl\n'}
[0.326587] (formation_msgs) StdoutLine: {'line': b'-- Up-to-date: /home/tiffany/fyp_ws/install/formation_msgs/share/formation_msgs/msg/RefinementCmd.idl\n'}
[0.326638] (formation_msgs) StdoutLine: {'line': b'-- Up-to-date: /home/tiffany/fyp_ws/install/formation_msgs/share/formation_msgs/msg/RefinementCandidate.idl\n'}
[0.326689] (formation_msgs) StdoutLine: {'line': b'-- Up-to-date: /home/tiffany/fyp_ws/install/formation_msgs/share/formation_msgs/msg/GeneratedTransform.idl\n'}
[0.326774] (formation_msgs) StdoutLine: {'line': b'-- Up-to-date: /home/tiffany/fyp_ws/install/formation_msgs/share/formation_msgs/msg/PlanStatus.idl\n'}
[0.326830] (formation_msgs) StdoutLine: {'line': b'-- Up-to-date: /home/tiffany/fyp_ws/install/formation_msgs/share/formation_msgs/msg/SystemState.idl\n'}
[0.326909] (formation_msgs) StdoutLine: {'line': b'-- Up-to-date: /home/tiffany/fyp_ws/install/formation_msgs/share/formation_msgs/msg/UserCommand.idl\n'}
[0.326974] (formation_msgs) StdoutLine: {'line': b'-- Up-to-date: /home/tiffany/fyp_ws/install/formation_msgs/share/formation_msgs/msg/DroneSetpoint.idl\n'}
[0.327052] (formation_msgs) StdoutLine: {'line': b'-- Up-to-date: /home/tiffany/fyp_ws/install/formation_msgs/share/formation_msgs/msg/DrawnShape.msg\n'}
[0.327109] (formation_msgs) StdoutLine: {'line': b'-- Up-to-date: /home/tiffany/fyp_ws/install/formation_msgs/share/formation_msgs/msg/FormationGoal.msg\n'}
[0.327158] (formation_msgs) StdoutLine: {'line': b'-- Up-to-date: /home/tiffany/fyp_ws/install/formation_msgs/share/formation_msgs/msg/DronePath.msg\n'}
[0.327196] (formation_msgs) StdoutLine: {'line': b'-- Up-to-date: /home/tiffany/fyp_ws/install/formation_msgs/share/formation_msgs/msg/DroneState.msg\n'}
[0.327234] (formation_msgs) StdoutLine: {'line': b'-- Up-to-date: /home/tiffany/fyp_ws/install/formation_msgs/share/formation_msgs/msg/RefinementCmd.msg\n'}
[0.327272] (formation_msgs) StdoutLine: {'line': b'-- Up-to-date: /home/tiffany/fyp_ws/install/formation_msgs/share/formation_msgs/msg/RefinementCandidate.msg\n'}
[0.327311] (formation_msgs) StdoutLine: {'line': b'-- Up-to-date: /home/tiffany/fyp_ws/install/formation_msgs/share/formation_msgs/msg/GeneratedTransform.msg\n'}
[0.327352] (formation_msgs) StdoutLine: {'line': b'-- Up-to-date: /home/tiffany/fyp_ws/install/formation_msgs/share/formation_msgs/msg/PlanStatus.msg\n'}
[0.327393] (formation_msgs) StdoutLine: {'line': b'-- Up-to-date: /home/tiffany/fyp_ws/install/formation_msgs/share/formation_msgs/msg/SystemState.msg\n'}
[0.327431] (formation_msgs) StdoutLine: {'line': b'-- Up-to-date: /home/tiffany/fyp_ws/install/formation_msgs/share/formation_msgs/msg/UserCommand.msg\n'}
[0.327488] (formation_msgs) StdoutLine: {'line': b'-- Up-to-date: /home/tiffany/fyp_ws/install/formation_msgs/share/formation_msgs/msg/DroneSetpoint.msg\n'}
[0.327571] (formation_msgs) StdoutLine: {'line': b'-- Up-to-date: /home/tiffany/fyp_ws/install/formation_msgs/share/ament_index/resource_index/package_run_dependencies/formation_msgs\n'}
[0.327616] (formation_msgs) StdoutLine: {'line': b'-- Up-to-date: /home/tiffany/fyp_ws/install/formation_msgs/share/ament_index/resource_index/parent_prefix_path/formation_msgs\n'}
[0.327656] (formation_msgs) StdoutLine: {'line': b'-- Up-to-date: /home/tiffany/fyp_ws/install/formation_msgs/share/formation_msgs/environment/ament_prefix_path.sh\n'}
[0.327696] (formation_msgs) StdoutLine: {'line': b'-- Up-to-date: /home/tiffany/fyp_ws/install/formation_msgs/share/formation_msgs/environment/ament_prefix_path.dsv\n'}
[0.327734] (formation_msgs) StdoutLine: {'line': b'-- Up-to-date: /home/tiffany/fyp_ws/install/formation_msgs/share/formation_msgs/environment/path.sh\n'}
[0.327773] (formation_msgs) StdoutLine: {'line': b'-- Up-to-date: /home/tiffany/fyp_ws/install/formation_msgs/share/formation_msgs/environment/path.dsv\n'}
[0.327811] (formation_msgs) StdoutLine: {'line': b'-- Up-to-date: /home/tiffany/fyp_ws/install/formation_msgs/share/formation_msgs/local_setup.bash\n'}
[0.327849] (formation_msgs) StdoutLine: {'line': b'-- Up-to-date: /home/tiffany/fyp_ws/install/formation_msgs/share/formation_msgs/local_setup.sh\n'}
[0.327887] (formation_msgs) StdoutLine: {'line': b'-- Up-to-date: /home/tiffany/fyp_ws/install/formation_msgs/share/formation_msgs/local_setup.zsh\n'}
[0.327953] (formation_msgs) StdoutLine: {'line': b'-- Up-to-date: /home/tiffany/fyp_ws/install/formation_msgs/share/formation_msgs/local_setup.dsv\n'}
[0.328013] (formation_msgs) StdoutLine: {'line': b'-- Installing: /home/tiffany/fyp_ws/install/formation_msgs/share/formation_msgs/package.dsv\n'}
[0.328053] (formation_msgs) StdoutLine: {'line': b'-- Up-to-date: /home/tiffany/fyp_ws/install/formation_msgs/share/ament_index/resource_index/packages/formation_msgs\n'}
[0.328099] (formation_msgs) StdoutLine: {'line': b'-- Up-to-date: /home/tiffany/fyp_ws/install/formation_msgs/share/formation_msgs/cmake/export_formation_msgs__rosidl_generator_cExport.cmake\n'}
[0.328152] (formation_msgs) StdoutLine: {'line': b'-- Up-to-date: /home/tiffany/fyp_ws/install/formation_msgs/share/formation_msgs/cmake/export_formation_msgs__rosidl_generator_cExport-noconfig.cmake\n'}
[0.328189] (formation_msgs) StdoutLine: {'line': b'-- Up-to-date: /home/tiffany/fyp_ws/install/formation_msgs/share/formation_msgs/cmake/export_formation_msgs__rosidl_typesupport_fastrtps_cExport.cmake\n'}
[0.328246] (formation_msgs) StdoutLine: {'line': b'-- Up-to-date: /home/tiffany/fyp_ws/install/formation_msgs/share/formation_msgs/cmake/export_formation_msgs__rosidl_typesupport_fastrtps_cExport-noconfig.cmake\n'}
[0.328287] (formation_msgs) StdoutLine: {'line': b'-- Up-to-date: /home/tiffany/fyp_ws/install/formation_msgs/share/formation_msgs/cmake/formation_msgs__rosidl_typesupport_introspection_cExport.cmake\n'}
[0.328341] (formation_msgs) StdoutLine: {'line': b'-- Up-to-date: /home/tiffany/fyp_ws/install/formation_msgs/share/formation_msgs/cmake/formation_msgs__rosidl_typesupport_introspection_cExport-noconfig.cmake\n'}
[0.328388] (formation_msgs) StdoutLine: {'line': b'-- Up-to-date: /home/tiffany/fyp_ws/install/formation_msgs/share/formation_msgs/cmake/formation_msgs__rosidl_typesupport_cExport.cmake\n'}
[0.328438] (formation_msgs) StdoutLine: {'line': b'-- Up-to-date: /home/tiffany/fyp_ws/install/formation_msgs/share/formation_msgs/cmake/formation_msgs__rosidl_typesupport_cExport-noconfig.cmake\n'}
[0.328492] (formation_msgs) StdoutLine: {'line': b'-- Up-to-date: /home/tiffany/fyp_ws/install/formation_msgs/share/formation_msgs/cmake/export_formation_msgs__rosidl_generator_cppExport.cmake\n'}
[0.328579] (formation_msgs) StdoutLine: {'line': b'-- Up-to-date: /home/tiffany/fyp_ws/install/formation_msgs/share/formation_msgs/cmake/export_formation_msgs__rosidl_typesupport_fastrtps_cppExport.cmake\n'}
[0.328628] (formation_msgs) StdoutLine: {'line': b'-- Up-to-date: /home/tiffany/fyp_ws/install/formation_msgs/share/formation_msgs/cmake/export_formation_msgs__rosidl_typesupport_fastrtps_cppExport-noconfig.cmake\n'}
[0.328717] (formation_msgs) StdoutLine: {'line': b'-- Up-to-date: /home/tiffany/fyp_ws/install/formation_msgs/share/formation_msgs/cmake/formation_msgs__rosidl_typesupport_introspection_cppExport.cmake\n'}
[0.328769] (formation_msgs) StdoutLine: {'line': b'-- Up-to-date: /home/tiffany/fyp_ws/install/formation_msgs/share/formation_msgs/cmake/formation_msgs__rosidl_typesupport_introspection_cppExport-noconfig.cmake\n'}
[0.328853] (formation_msgs) StdoutLine: {'line': b'-- Up-to-date: /home/tiffany/fyp_ws/install/formation_msgs/share/formation_msgs/cmake/formation_msgs__rosidl_typesupport_cppExport.cmake\n'}
[0.328908] (formation_msgs) StdoutLine: {'line': b'-- Up-to-date: /home/tiffany/fyp_ws/install/formation_msgs/share/formation_msgs/cmake/formation_msgs__rosidl_typesupport_cppExport-noconfig.cmake\n'}
[0.328992] (formation_msgs) StdoutLine: {'line': b'-- Up-to-date: /home/tiffany/fyp_ws/install/formation_msgs/share/formation_msgs/cmake/export_formation_msgs__rosidl_generator_pyExport.cmake\n'}
[0.329047] (formation_msgs) StdoutLine: {'line': b'-- Up-to-date: /home/tiffany/fyp_ws/install/formation_msgs/share/formation_msgs/cmake/export_formation_msgs__rosidl_generator_pyExport-noconfig.cmake\n'}
[0.329100] (formation_msgs) StdoutLine: {'line': b'-- Up-to-date: /home/tiffany/fyp_ws/install/formation_msgs/share/formation_msgs/cmake/rosidl_cmake-extras.cmake\n'}
[0.329155] (formation_msgs) StdoutLine: {'line': b'-- Up-to-date: /home/tiffany/fyp_ws/install/formation_msgs/share/formation_msgs/cmake/ament_cmake_export_dependencies-extras.cmake\n'}
[0.329209] (formation_msgs) StdoutLine: {'line': b'-- Up-to-date: /home/tiffany/fyp_ws/install/formation_msgs/share/formation_msgs/cmake/ament_cmake_export_include_directories-extras.cmake\n'}
[0.329257] (formation_msgs) StdoutLine: {'line': b'-- Up-to-date: /home/tiffany/fyp_ws/install/formation_msgs/share/formation_msgs/cmake/ament_cmake_export_libraries-extras.cmake\n'}
[0.329310] (formation_msgs) StdoutLine: {'line': b'-- Up-to-date: /home/tiffany/fyp_ws/install/formation_msgs/share/formation_msgs/cmake/ament_cmake_export_targets-extras.cmake\n'}
[0.329365] (formation_msgs) StdoutLine: {'line': b'-- Up-to-date: /home/tiffany/fyp_ws/install/formation_msgs/share/formation_msgs/cmake/rosidl_cmake_export_typesupport_targets-extras.cmake\n'}
[0.329422] (formation_msgs) StdoutLine: {'line': b'-- Up-to-date: /home/tiffany/fyp_ws/install/formation_msgs/share/formation_msgs/cmake/rosidl_cmake_export_typesupport_libraries-extras.cmake\n'}
[0.329487] (formation_msgs) StdoutLine: {'line': b'-- Up-to-date: /home/tiffany/fyp_ws/install/formation_msgs/share/formation_msgs/cmake/formation_msgsConfig.cmake\n'}
[0.329532] (formation_msgs) StdoutLine: {'line': b'-- Up-to-date: /home/tiffany/fyp_ws/install/formation_msgs/share/formation_msgs/cmake/formation_msgsConfig-version.cmake\n'}
[0.330166] (formation_msgs) StdoutLine: {'line': b'-- Up-to-date: /home/tiffany/fyp_ws/install/formation_msgs/share/formation_msgs/package.xml\n'}
[0.332158] (formation_msgs) CommandEnded: {'returncode': 0}
[0.344219] (formation_msgs) JobEnded: {'identifier': 'formation_msgs', 'rc': 0}
[0.344824] (drone_control) JobStarted: {'identifier': 'drone_control'}
[0.347423] (formation_planner) JobStarted: {'identifier': 'formation_planner'}
[0.350026] (formation_ui) JobStarted: {'identifier': 'formation_ui'}
[0.352893] (llm_refinement) JobStarted: {'identifier': 'llm_refinement'}
[0.355813] (task_manager) JobStarted: {'identifier': 'task_manager'}
[0.400500] (-) TimerEvent: {}
[0.500764] (-) TimerEvent: {}
[0.601031] (-) TimerEvent: {}
[0.701289] (-) TimerEvent: {}
[0.801552] (-) TimerEvent: {}
[0.901815] (-) TimerEvent: {}
[1.002095] (-) TimerEvent: {}
[1.102510] (-) TimerEvent: {}
[1.202750] (-) TimerEvent: {}
[1.303026] (-) TimerEvent: {}
[1.403309] (-) TimerEvent: {}
[1.503603] (-) TimerEvent: {}
[1.599319] (task_manager) Command: {'cmd': ['/usr/bin/python3', '-W', 'ignore:setup.py install is deprecated', '-W', 'ignore:easy_install command is deprecated', 'setup.py', 'egg_info', '--egg-base', '../../build/task_manager', 'build', '--build-base', '/home/tiffany/fyp_ws/build/task_manager/build', 'install', '--record', '/home/tiffany/fyp_ws/build/task_manager/install.log', '--install-scripts', '$base/lib/task_manager', '--single-version-externally-managed', 'install_data'], 'cwd': '/home/tiffany/fyp_ws/src/task_manager', 'env': {'LESSOPEN': '| /usr/bin/lesspipe %s', 'USER': 'tiffany', 'LC_TIME': 'id_ID.UTF-8', 'XDG_SESSION_TYPE': 'wayland', 'SHLVL': '1', 'LD_LIBRARY_PATH': '/home/tiffany/fyp_ws/install/formation_msgs/lib:/opt/ros/humble/opt/rviz_ogre_vendor/lib:/opt/ros/humble/lib/x86_64-linux-gnu:/opt/ros/humble/lib', 'HOME': '/home/tiffany', 'OLDPWD': '/home/tiffany', 'DESKTOP_SESSION': 'ubuntu', 'ROS_PYTHON_VERSION': '3', 'GNOME_SHELL_SESSION_MODE': 'ubuntu', 'GTK_MODULES': 'gail:atk-bridge', 'LC_MONETARY': 'id_ID.UTF-8', 'SYSTEMD_EXEC_PID': '2164', 'DBUS_SESSION_BUS_ADDRESS': 'unix:path=/run/user/1000/bus', 'COLORTERM': 'truecolor', 'IM_CONFIG_PHASE': '1', 'WAYLAND_DISPLAY': 'wayland-0', 'ROS_DISTRO': 'humble', 'LOGNAME': 'tiffany', '_': '/usr/bin/colcon', 'ROS_VERSION': '2', 'XDG_SESSION_CLASS': 'user', 'USERNAME': 'tiffany', 'TERM': 'xterm-256color', 'GNOME_DESKTOP_SESSION_ID': 'this-is-deprecated', 'ROS_LOCALHOST_ONLY': '0', 'PATH': '/opt/ros/humble/bin:/home/tiffany/.local/bin:/usr/local/sbin:/usr/local/bin:/usr/sbin:/usr/bin:/sbin:/bin:/usr/games:/usr/local/games:/snap/bin:/snap/bin', 'SESSION_MANAGER': 'local/tiffany-HP:@/tmp/.ICE-unix/1923,unix/tiffany-HP:/tmp/.ICE-unix/1923', 'XDG_MENU_PREFIX': 'gnome-', 'LC_ADDRESS': 'id_ID.UTF-8', 'GNOME_TERMINAL_SCREEN': '/org/gnome/Terminal/screen/0591c535_17eb_4e94_af3f_ca0ecd2cf809', 'GNOME_SETUP_DISPLAY': ':1', 'XDG_RUNTIME_DIR': '/run/user/1000', 'DISPLAY': ':0', 'LANG': 'en_US.UTF-8', 'XDG_CURRENT_DESKTOP': 'ubuntu:GNOME', 'LC_TELEPHONE': 'id_ID.UTF-8', 'XMODIFIERS': '@im=ibus', 'XDG_SESSION_DESKTOP': 'ubuntu', 'XAUTHORITY': '/run/user/1000/.mutter-Xwaylandauth.5SBQV3', 'LS_COLORS': 'rs=0:di=01;34:ln=01;36:mh=00:pi=40;33:so=01;35:do=01;35:bd=40;33;01:cd=40;33;01:or=40;31;01:mi=00:su=37;41:sg=30;43:ca=30;41:tw=30;42:ow=34;42:st=37;44:ex=01;32:*.tar=01;31:*.tgz=01;31:*.arc=01;31:*.arj=01;31:*.taz=01;31:*.lha=01;31:*.lz4=01;31:*.lzh=01;31:*.lzma=01;31:*.tlz=01;31:*.txz=01;31:*.tzo=01;31:*.t7z=01;31:*.zip=01;31:*.z=01;31:*.dz=01;31:*.gz=01;31:*.lrz=01;31:*.lz=01;31:*.lzo=01;31:*.xz=01;31:*.zst=01;31:*.tzst=01;31:*.bz2=01;31:*.bz=01;31:*.tbz=01;31:*.tbz2=01;31:*.tz=01;31:*.deb=01;31:*.rpm=01;31:*.jar=01;31:*.war=01;31:*.ear=01;31:*.sar=01;31:*.rar=01;31:*.alz=01;31:*.ace=01;31:*.zoo=01;31:*.cpio=01;31:*.7z=01;31:*.rz=01;31:*.cab=01;31:*.wim=01;31:*.swm=01;31:*.dwm=01;31:*.esd=01;31:*.jpg=01;35:*.jpeg=01;35:*.mjpg=01;35:*.mjpeg=01;35:*.gif=01;35:*.bmp=01;35:*.pbm=01;35:*.pgm=01;35:*.ppm=01;35:*.tga=01;35:*.xbm=01;35:*.xpm=01;35:*.tif=01;35:*.tiff=01;35:*.png=01;35:*.svg=01;35:*.svgz=01;35:*.mng=01;35:*.pcx=01;35:*.mov=01;35:*.mpg=01;35:*.mpeg=01;35:*.m2v=01;35:*.mkv=01;35:*.webm=01;35:*.webp=01;35:*.ogm=01;35:*.mp4=01;35:*.m4v=01;35:*.mp4v=01;35:*.vob=01;35:*.qt=01;35:*.nuv=01;35:*.wmv=01;35:*.asf=01;35:*.rm=01;35:*.rmvb=01;35:*.flc=01;35:*.avi=01;35:*.fli=01;35:*.flv=01;35:*.gl=01;35:*.dl=01;35:*.xcf=01;35:*.xwd=01;35:*.yuv=01;35:*.cgm=01;35:*.emf=01;35:*.ogv=01;35:*.ogx=01;35:*.aac=00;36:*.au=00;36:*.flac=00;36:*.m4a=00;36:*.mid=00;36:*.midi=00;36:*.mka=00;36:*.mp3=00;36:*.mpc=00;36:*.ogg=00;36:*.ra=00;36:*.wav=00;36:*.oga=00;36:*.opus=00;36:*.spx=00;36:*.xspf=00;36:', 'GNOME_TERMINAL_SERVICE': ':1.177', 'SSH_AGENT_LAUNCHER': 'gnome-keyring', 'SSH_AUTH_SOCK': '/run/user/1000/keyring/ssh', 'AMENT_PREFIX_PATH': '/home/tiffany/fyp_ws/install/formation_msgs:/opt/ros/humble', 'SHELL': '/bin/bash', 'LC_NAME': 'id_ID.UTF-8', 'QT_ACCESSIBILITY': '1', 'GDMSESSION': 'ubuntu', 'LESSCLOSE': '/usr/bin/lesspipe %s %s', 'IGN_GAZEBO_RESOURCE_PATH': ':/home/tiffany/fyp_ws/src/formation_gazebo/models', 'LC_MEASUREMENT': 'id_ID.UTF-8', 'LC_IDENTIFICATION': 'id_ID.UTF-8', 'QT_IM_MODULE': 'ibus', 'PWD': '/home/tiffany/fyp_ws/build/task_manager', 'LC_ALL': 'en_US.UTF-8', 'XDG_CONFIG_DIRS': '/etc/xdg/xdg-ubuntu:/etc/xdg', 'XDG_DATA_DIRS': '/usr/share/ubuntu:/usr/local/share/:/usr/share/:/var/lib/snapd/desktop', 'PYTHONPATH': '/home/tiffany/fyp_ws/build/task_manager/prefix_override:/usr/lib/python3/dist-packages/colcon_core/task/python/colcon_distutils_commands:/home/tiffany/fyp_ws/install/task_manager/lib/python3.10/site-packages:/home/tiffany/fyp_ws/install/formation_msgs/local/lib/python3.10/dist-packages:/opt/ros/humble/lib/python3.10/site-packages:/opt/ros/humble/local/lib/python3.10/dist-packages', 'LC_NUMERIC': 'id_ID.UTF-8', 'LC_PAPER': 'id_ID.UTF-8', 'COLCON': '1', 'VTE_VERSION': '6800', 'CMAKE_PREFIX_PATH': '/home/tiffany/fyp_ws/install/formation_msgs'}, 'shell': False}
[1.603685] (-) TimerEvent: {}
[1.615478] (drone_control) Command: {'cmd': ['/usr/bin/python3', '-W', 'ignore:setup.py install is deprecated', '-W', 'ignore:easy_install command is deprecated', 'setup.py', 'egg_info', '--egg-base', '../../build/drone_control', 'build', '--build-base', '/home/tiffany/fyp_ws/build/drone_control/build', 'install', '--record', '/home/tiffany/fyp_ws/build/drone_control/install.log', '--install-scripts', '$base/lib/drone_control', '--single-version-externally-managed', 'install_data'], 'cwd': '/home/tiffany/fyp_ws/src/drone_control', 'env': {'LESSOPEN': '| /usr/bin/lesspipe %s', 'USER': 'tiffany', 'LC_TIME': 'id_ID.UTF-8', 'XDG_SESSION_TYPE': 'wayland', 'SHLVL': '1', 'LD_LIBRARY_PATH': '/home/tiffany/fyp_ws/install/formation_msgs/lib:/opt/ros/humble/opt/rviz_ogre_vendor/lib:/opt/ros/humble/lib/x86_64-linux-gnu:/opt/ros/humble/lib', 'HOME': '/home/tiffany', 'OLDPWD': '/home/tiffany', 'DESKTOP_SESSION': 'ubuntu', 'ROS_PYTHON_VERSION': '3', 'GNOME_SHELL_SESSION_MODE': 'ubuntu', 'GTK_MODULES': 'gail:atk-bridge', 'LC_MONETARY': 'id_ID.UTF-8', 'SYSTEMD_EXEC_PID': '2164', 'DBUS_SESSION_BUS_ADDRESS': 'unix:path=/run/user/1000/bus', 'COLORTERM': 'truecolor', 'IM_CONFIG_PHASE': '1', 'WAYLAND_DISPLAY': 'wayland-0', 'ROS_DISTRO': 'humble', 'LOGNAME': 'tiffany', '_': '/usr/bin/colcon', 'ROS_VERSION': '2', 'XDG_SESSION_CLASS': 'user', 'USERNAME': 'tiffany', 'TERM': 'xterm-256color', 'GNOME_DESKTOP_SESSION_ID': 'this-is-deprecated', 'ROS_LOCALHOST_ONLY': '0', 'PATH': '/opt/ros/humble/bin:/home/tiffany/.local/bin:/usr/local/sbin:/usr/local/bin:/usr/sbin:/usr/bin:/sbin:/bin:/usr/games:/usr/local/games:/snap/bin:/snap/bin', 'SESSION_MANAGER': 'local/tiffany-HP:@/tmp/.ICE-unix/1923,unix/tiffany-HP:/tmp/.ICE-unix/1923', 'XDG_MENU_PREFIX': 'gnome-', 'LC_ADDRESS': 'id_ID.UTF-8', 'GNOME_TERMINAL_SCREEN': '/org/gnome/Terminal/screen/0591c535_17eb_4e94_af3f_ca0ecd2cf809', 'GNOME_SETUP_DISPLAY': ':1', 'XDG_RUNTIME_DIR': '/run/user/1000', 'DISPLAY': ':0', 'LANG': 'en_US.UTF-8', 'XDG_CURRENT_DESKTOP': 'ubuntu:GNOME', 'LC_TELEPHONE': 'id_ID.UTF-8', 'XMODIFIERS': '@im=ibus', 'XDG_SESSION_DESKTOP': 'ubuntu', 'XAUTHORITY': '/run/user/1000/.mutter-Xwaylandauth.5SBQV3', 'LS_COLORS': 'rs=0:di=01;34:ln=01;36:mh=00:pi=40;33:so=01;35:do=01;35:bd=40;33;01:cd=40;33;01:or=40;31;01:mi=00:su=37;41:sg=30;43:ca=30;41:tw=30;42:ow=34;42:st=37;44:ex=01;32:*.tar=01;31:*.tgz=01;31:*.arc=01;31:*.arj=01;31:*.taz=01;31:*.lha=01;31:*.lz4=01;31:*.lzh=01;31:*.lzma=01;31:*.tlz=01;31:*.txz=01;31:*.tzo=01;31:*.t7z=01;31:*.zip=01;31:*.z=01;31:*.dz=01;31:*.gz=01;31:*.lrz=01;31:*.lz=01;31:*.lzo=01;31:*.xz=01;31:*.zst=01;31:*.tzst=01;31:*.bz2=01;31:*.bz=01;31:*.tbz=01;31:*.tbz2=01;31:*.tz=01;31:*.deb=01;31:*.rpm=01;31:*.jar=01;31:*.war=01;31:*.ear=01;31:*.sar=01;31:*.rar=01;31:*.alz=01;31:*.ace=01;31:*.zoo=01;31:*.cpio=01;31:*.7z=01;31:*.rz=01;31:*.cab=01;31:*.wim=01;31:*.swm=01;31:*.dwm=01;31:*.esd=01;31:*.jpg=01;35:*.jpeg=01;35:*.mjpg=01;35:*.mjpeg=01;35:*.gif=01;35:*.bmp=01;35:*.pbm=01;35:*.pgm=01;35:*.ppm=01;35:*.tga=01;35:*.xbm=01;35:*.xpm=01;35:*.tif=01;35:*.tiff=01;35:*.png=01;35:*.svg=01;35:*.svgz=01;35:*.mng=01;35:*.pcx=01;35:*.mov=01;35:*.mpg=01;35:*.mpeg=01;35:*.m2v=01;35:*.mkv=01;35:*.webm=01;35:*.webp=01;35:*.ogm=01;35:*.mp4=01;35:*.m4v=01;35:*.mp4v=01;35:*.vob=01;35:*.qt=01;35:*.nuv=01;35:*.wmv=01;35:*.asf=01;35:*.rm=01;35:*.rmvb=01;35:*.flc=01;35:*.avi=01;35:*.fli=01;35:*.flv=01;35:*.gl=01;35:*.dl=01;35:*.xcf=01;35:*.xwd=01;35:*.yuv=01;35:*.cgm=01;35:*.emf=01;35:*.ogv=01;35:*.ogx=01;35:*.aac=00;36:*.au=00;36:*.flac=00;36:*.m4a=00;36:*.mid=00;36:*.midi=00;36:*.mka=00;36:*.mp3=00;36:*.mpc=00;36:*.ogg=00;36:*.ra=00;36:*.wav=00;36:*.oga=00;36:*.opus=00;36:*.spx=00;36:*.xspf=00;36:', 'GNOME_TERMINAL_SERVICE': ':1.177', 'SSH_AGENT_LAUNCHER': 'gnome-keyring', 'SSH_AUTH_SOCK': '/run/user/1000/keyring/ssh', 'AMENT_PREFIX_PATH': '/home/tiffany/fyp_ws/install/formation_msgs:/opt/ros/humble', 'SHELL': '/bin/bash', 'LC_NAME': 'id_ID.UTF-8', 'QT_ACCESSIBILITY': '1', 'GDMSESSION': 'ubuntu', 'LESSCLOSE': '/usr/bin/lesspipe %s %s', 'IGN_GAZEBO_RESOURCE_PATH': ':/home/tiffany/fyp_ws/src/formation_gazebo/models', 'LC_MEASUREMENT': 'id_ID.UTF-8', 'LC_IDENTIFICATION': 'id_ID.UTF-8', 'QT_IM_MODULE': 'ibus', 'PWD': '/home/tiffany/fyp_ws/build/drone_control', 'LC_ALL': 'en_US.UTF-8', 'XDG_CONFIG_DIRS': '/etc/xdg/xdg-ubuntu:/etc/xdg', 'XDG_DATA_DIRS': '/usr/share/ubuntu:/usr/local/share/:/usr/share/:/var/lib/snapd/desktop', 'PYTHONPATH': '/home/tiffany/fyp_ws/build/drone_control/prefix_override:/usr/lib/python3/dist-packages/colcon_core/task/python/colcon_distutils_commands:/home/tiffany/fyp_ws/install/drone_control/lib/python3.10/site-packages:/home/tiffany/fyp_ws/install/formation_msgs/local/lib/python3.10/dist-packages:/opt/ros/humble/lib/python3.10/site-packages:/opt/ros/humble/local/lib/python3.10/dist-packages', 'LC_NUMERIC': 'id_ID.UTF-8', 'LC_PAPER': 'id_ID.UTF-8', 'COLCON': '1', 'VTE_VERSION': '6800', 'CMAKE_PREFIX_PATH': '/home/tiffany/fyp_ws/install/formation_msgs'}, 'shell': False}
[1.617458] (formation_planner) Command: {'cmd': ['/usr/bin/python3', '-W', 'ignore:setup.py install is deprecated', '-W', 'ignore:easy_install command is deprecated', 'setup.py', 'egg_info', '--egg-base', '../../build/formation_planner', 'build', '--build-base', '/home/tiffany/fyp_ws/build/formation_planner/build', 'install', '--record', '/home/tiffany/fyp_ws/build/formation_planner/install.log', '--install-scripts', '$base/lib/formation_planner', '--single-version-externally-managed', 'install_data'], 'cwd': '/home/tiffany/fyp_ws/src/formation_planner', 'env': {'LESSOPEN': '| /usr/bin/lesspipe %s', 'USER': 'tiffany', 'LC_TIME': 'id_ID.UTF-8', 'XDG_SESSION_TYPE': 'wayland', 'SHLVL': '1', 'LD_LIBRARY_PATH': '/home/tiffany/fyp_ws/install/formation_msgs/lib:/opt/ros/humble/opt/rviz_ogre_vendor/lib:/opt/ros/humble/lib/x86_64-linux-gnu:/opt/ros/humble/lib', 'HOME': '/home/tiffany', 'OLDPWD': '/home/tiffany', 'DESKTOP_SESSION': 'ubuntu', 'ROS_PYTHON_VERSION': '3', 'GNOME_SHELL_SESSION_MODE': 'ubuntu', 'GTK_MODULES': 'gail:atk-bridge', 'LC_MONETARY': 'id_ID.UTF-8', 'SYSTEMD_EXEC_PID': '2164', 'DBUS_SESSION_BUS_ADDRESS': 'unix:path=/run/user/1000/bus', 'COLORTERM': 'truecolor', 'IM_CONFIG_PHASE': '1', 'WAYLAND_DISPLAY': 'wayland-0', 'ROS_DISTRO': 'humble', 'LOGNAME': 'tiffany', '_': '/usr/bin/colcon', 'ROS_VERSION': '2', 'XDG_SESSION_CLASS': 'user', 'USERNAME': 'tiffany', 'TERM': 'xterm-256color', 'GNOME_DESKTOP_SESSION_ID': 'this-is-deprecated', 'ROS_LOCALHOST_ONLY': '0', 'PATH': '/opt/ros/humble/bin:/home/tiffany/.local/bin:/usr/local/sbin:/usr/local/bin:/usr/sbin:/usr/bin:/sbin:/bin:/usr/games:/usr/local/games:/snap/bin:/snap/bin', 'SESSION_MANAGER': 'local/tiffany-HP:@/tmp/.ICE-unix/1923,unix/tiffany-HP:/tmp/.ICE-unix/1923', 'XDG_MENU_PREFIX': 'gnome-', 'LC_ADDRESS': 'id_ID.UTF-8', 'GNOME_TERMINAL_SCREEN': '/org/gnome/Terminal/screen/0591c535_17eb_4e94_af3f_ca0ecd2cf809', 'GNOME_SETUP_DISPLAY': ':1', 'XDG_RUNTIME_DIR': '/run/user/1000', 'DISPLAY': ':0', 'LANG': 'en_US.UTF-8', 'XDG_CURRENT_DESKTOP': 'ubuntu:GNOME', 'LC_TELEPHONE': 'id_ID.UTF-8', 'XMODIFIERS': '@im=ibus', 'XDG_SESSION_DESKTOP': 'ubuntu', 'XAUTHORITY': '/run/user/1000/.mutter-Xwaylandauth.5SBQV3', 'LS_COLORS': 'rs=0:di=01;34:ln=01;36:mh=00:pi=40;33:so=01;35:do=01;35:bd=40;33;01:cd=40;33;01:or=40;31;01:mi=00:su=37;41:sg=30;43:ca=30;41:tw=30;42:ow=34;42:st=37;44:ex=01;32:*.tar=01;31:*.tgz=01;31:*.arc=01;31:*.arj=01;31:*.taz=01;31:*.lha=01;31:*.lz4=01;31:*.lzh=01;31:*.lzma=01;31:*.tlz=01;31:*.txz=01;31:*.tzo=01;31:*.t7z=01;31:*.zip=01;31:*.z=01;31:*.dz=01;31:*.gz=01;31:*.lrz=01;31:*.lz=01;31:*.lzo=01;31:*.xz=01;31:*.zst=01;31:*.tzst=01;31:*.bz2=01;31:*.bz=01;31:*.tbz=01;31:*.tbz2=01;31:*.tz=01;31:*.deb=01;31:*.rpm=01;31:*.jar=01;31:*.war=01;31:*.ear=01;31:*.sar=01;31:*.rar=01;31:*.alz=01;31:*.ace=01;31:*.zoo=01;31:*.cpio=01;31:*.7z=01;31:*.rz=01;31:*.cab=01;31:*.wim=01;31:*.swm=01;31:*.dwm=01;31:*.esd=01;31:*.jpg=01;35:*.jpeg=01;35:*.mjpg=01;35:*.mjpeg=01;35:*.gif=01;35:*.bmp=01;35:*.pbm=01;35:*.pgm=01;35:*.ppm=01;35:*.tga=01;35:*.xbm=01;35:*.xpm=01;35:*.tif=01;35:*.tiff=01;35:*.png=01;35:*.svg=01;35:*.svgz=01;35:*.mng=01;35:*.pcx=01;35:*.mov=01;35:*.mpg=01;35:*.mpeg=01;35:*.m2v=01;35:*.mkv=01;35:*.webm=01;35:*.webp=01;35:*.ogm=01;35:*.mp4=01;35:*.m4v=01;35:*.mp4v=01;35:*.vob=01;35:*.qt=01;35:*.nuv=01;35:*.wmv=01;35:*.asf=01;35:*.rm=01;35:*.rmvb=01;35:*.flc=01;35:*.avi=01;35:*.fli=01;35:*.flv=01;35:*.gl=01;35:*.dl=01;35:*.xcf=01;35:*.xwd=01;35:*.yuv=01;35:*.cgm=01;35:*.emf=01;35:*.ogv=01;35:*.ogx=01;35:*.aac=00;36:*.au=00;36:*.flac=00;36:*.m4a=00;36:*.mid=00;36:*.midi=00;36:*.mka=00;36:*.mp3=00;36:*.mpc=00;36:*.ogg=00;36:*.ra=00;36:*.wav=00;36:*.oga=00;36:*.opus=00;36:*.spx=00;36:*.xspf=00;36:', 'GNOME_TERMINAL_SERVICE': ':1.177', 'SSH_AGENT_LAUNCHER': 'gnome-keyring', 'SSH_AUTH_SOCK': '/run/user/1000/keyring/ssh', 'AMENT_PREFIX_PATH': '/home/tiffany/fyp_ws/install/formation_msgs:/opt/ros/humble', 'SHELL': '/bin/bash', 'LC_NAME': 'id_ID.UTF-8', 'QT_ACCESSIBILITY': '1', 'GDMSESSION': 'ubuntu', 'LESSCLOSE': '/usr/bin/lesspipe %s %s', 'IGN_GAZEBO_RESOURCE_PATH': ':/home/tiffany/fyp_ws/src/formation_gazebo/models', 'LC_MEASUREMENT': 'id_ID.UTF-8', 'LC_IDENTIFICATION': 'id_ID.UTF-8', 'QT_IM_MODULE': 'ibus', 'PWD': '/home/tiffany/fyp_ws/build/formation_planner', 'LC_ALL': 'en_US.UTF-8', 'XDG_CONFIG_DIRS': '/etc/xdg/xdg-ubuntu:/etc/xdg', 'XDG_DATA_DIRS': '/usr/share/ubuntu:/usr/local/share/:/usr/share/:/var/lib/snapd/desktop', 'PYTHONPATH': '/home/tiffany/fyp_ws/build/formation_planner/prefix_override:/usr/lib/python3/dist-packages/colcon_core/task/python/colcon_distutils_commands:/home/tiffany/fyp_ws/install/formation_planner/lib/python3.10/site-packages:/home/tiffany/fyp_ws/install/formation_msgs/local/lib/python3.10/dist-packages:/opt/ros/humble/lib/python3.10/site-packages:/opt/ros/humble/local/lib/python3.10/dist-packages', 'LC_NUMERIC': 'id_ID.UTF-8', 'LC_PAPER': 'id_ID.UTF-8', 'COLCON': '1', 'VTE_VERSION': '6800', 'CMAKE_PREFIX_PATH': '/home/tiffany/fyp_ws/install/formation_msgs'}, 'shell': False}
[1.621022] (llm_refinement) Command: {'cmd': ['/usr/bin/python3', '-W', 'ignore:setup.py install is deprecated', '-W', 'ignore:easy_install command is deprecated', 'setup.py', 'egg_info', '--egg-base', '../../build/llm_refinement', 'build', '--build-base', '/home/tiffany/fyp_ws/build/llm_refinement/build', 'install', '--record', '/home/tiffany/fyp_ws/build/llm_refinement/install.log', '--install-scripts', '$base/lib/llm_refinement', '--single-version-externally-managed', 'install_data'], 'cwd': '/home/tiffany/fyp_ws/src/llm_refinement', 'env': {'LESSOPEN': '| /usr/bin/lesspipe %s', 'USER': 'tiffany', 'LC_TIME': 'id_ID.UTF-8', 'XDG_SESSION_TYPE': 'wayland', 'SHLVL': '1', 'LD_LIBRARY_PATH': '/home/tiffany/fyp_ws/install/formation_msgs/lib:/opt/ros/humble/opt/rviz_ogre_vendor/lib:/opt/ros/humble/lib/x86_64-linux-gnu:/opt/ros/humble/lib', 'HOME': '/home/tiffany', 'OLDPWD': '/home/tiffany', 'DESKTOP_SESSION': 'ubuntu', 'ROS_PYTHON_VERSION': '3', 'GNOME_SHELL_SESSION_MODE': 'ubuntu', 'GTK_MODULES': 'gail:atk-bridge', 'LC_MONETARY': 'id_ID.UTF-8', 'SYSTEMD_EXEC_PID': '2164', 'DBUS_SESSION_BUS_ADDRESS': 'unix:path=/run/user/1000/bus', 'COLORTERM': 'truecolor', 'IM_CONFIG_PHASE': '1', 'WAYLAND_DISPLAY': 'wayland-0', 'ROS_DISTRO': 'humble', 'LOGNAME': 'tiffany', '_': '/usr/bin/colcon', 'ROS_VERSION': '2', 'XDG_SESSION_CLASS': 'user', 'USERNAME': 'tiffany', 'TERM': 'xterm-256color', 'GNOME_DESKTOP_SESSION_ID': 'this-is-deprecated', 'ROS_LOCALHOST_ONLY': '0', 'PATH': '/opt/ros/humble/bin:/home/tiffany/.local/bin:/usr/local/sbin:/usr/local/bin:/usr/sbin:/usr/bin:/sbin:/bin:/usr/games:/usr/local/games:/snap/bin:/snap/bin', 'SESSION_MANAGER': 'local/tiffany-HP:@/tmp/.ICE-unix/1923,unix/tiffany-HP:/tmp/.ICE-unix/1923', 'XDG_MENU_PREFIX': 'gnome-', 'LC_ADDRESS': 'id_ID.UTF-8', 'GNOME_TERMINAL_SCREEN': '/org/gnome/Terminal/screen/0591c535_17eb_4e94_af3f_ca0ecd2cf809', 'GNOME_SETUP_DISPLAY': ':1', 'XDG_RUNTIME_DIR': '/run/user/1000', 'DISPLAY': ':0', 'LANG': 'en_US.UTF-8', 'XDG_CURRENT_DESKTOP': 'ubuntu:GNOME', 'LC_TELEPHONE': 'id_ID.UTF-8', 'XMODIFIERS': '@im=ibus', 'XDG_SESSION_DESKTOP': 'ubuntu', 'XAUTHORITY': '/run/user/1000/.mutter-Xwaylandauth.5SBQV3', 'LS_COLORS': 'rs=0:di=01;34:ln=01;36:mh=00:pi=40;33:so=01;35:do=01;35:bd=40;33;01:cd=40;33;01:or=40;31;01:mi=00:su=37;41:sg=30;43:ca=30;41:tw=30;42:ow=34;42:st=37;44:ex=01;32:*.tar=01;31:*.tgz=01;31:*.arc=01;31:*.arj=01;31:*.taz=01;31:*.lha=01;31:*.lz4=01;31:*.lzh=01;31:*.lzma=01;31:*.tlz=01;31:*.txz=01;31:*.tzo=01;31:*.t7z=01;31:*.zip=01;31:*.z=01;31:*.dz=01;31:*.gz=01;31:*.lrz=01;31:*.lz=01;31:*.lzo=01;31:*.xz=01;31:*.zst=01;31:*.tzst=01;31:*.bz2=01;31:*.bz=01;31:*.tbz=01;31:*.tbz2=01;31:*.tz=01;31:*.deb=01;31:*.rpm=01;31:*.jar=01;31:*.war=01;31:*.ear=01;31:*.sar=01;31:*.rar=01;31:*.alz=01;31:*.ace=01;31:*.zoo=01;31:*.cpio=01;31:*.7z=01;31:*.rz=01;31:*.cab=01;31:*.wim=01;31:*.swm=01;31:*.dwm=01;31:*.esd=01;31:*.jpg=01;35:*.jpeg=01;35:*.mjpg=01;35:*.mjpeg=01;35:*.gif=01;35:*.bmp=01;35:*.pbm=01;35:*.pgm=01;35:*.ppm=01;35:*.tga=01;35:*.xbm=01;35:*.xpm=01;35:*.tif=01;35:*.tiff=01;35:*.png=01;35:*.svg=01;35:*.svgz=01;35:*.mng=01;35:*.pcx=01;35:*.mov=01;35:*.mpg=01;35:*.mpeg=01;35:*.m2v=01;35:*.mkv=01;35:*.webm=01;35:*.webp=01;35:*.ogm=01;35:*.mp4=01;35:*.m4v=01;35:*.mp4v=01;35:*.vob=01;35:*.qt=01;35:*.nuv=01;35:*.wmv=01;35:*.asf=01;35:*.rm=01;35:*.rmvb=01;35:*.flc=01;35:*.avi=01;35:*.fli=01;35:*.flv=01;35:*.gl=01;35:*.dl=01;35:*.xcf=01;35:*.xwd=01;35:*.yuv=01;35:*.cgm=01;35:*.emf=01;35:*.ogv=01;35:*.ogx=01;35:*.aac=00;36:*.au=00;36:*.flac=00;36:*.m4a=00;36:*.mid=00;36:*.midi=00;36:*.mka=00;36:*.mp3=00;36:*.mpc=00;36:*.ogg=00;36:*.ra=00;36:*.wav=00;36:*.oga=00;36:*.opus=00;36:*.spx=00;36:*.xspf=00;36:', 'GNOME_TERMINAL_SERVICE': ':1.177', 'SSH_AGENT_LAUNCHER': 'gnome-keyring', 'SSH_AUTH_SOCK': '/run/user/1000/keyring/ssh', 'AMENT_PREFIX_PATH': '/home/tiffany/fyp_ws/install/formation_msgs:/opt/ros/humble', 'SHELL': '/bin/bash', 'LC_NAME': 'id_ID.UTF-8', 'QT_ACCESSIBILITY': '1', 'GDMSESSION': 'ubuntu', 'LESSCLOSE': '/usr/bin/lesspipe %s %s', 'IGN_GAZEBO_RESOURCE_PATH': ':/home/tiffany/fyp_ws/src/formation_gazebo/models', 'LC_MEASUREMENT': 'id_ID.UTF-8', 'LC_IDENTIFICATION': 'id_ID.UTF-8', 'QT_IM_MODULE': 'ibus', 'PWD': '/home/tiffany/fyp_ws/build/llm_refinement', 'LC_ALL': 'en_US.UTF-8', 'XDG_CONFIG_DIRS': '/etc/xdg/xdg-ubuntu:/etc/xdg', 'XDG_DATA_DIRS': '/usr/share/ubuntu:/usr/local/share/:/usr/share/:/var/lib/snapd/desktop', 'PYTHONPATH': '/home/tiffany/fyp_ws/build/llm_refinement/prefix_override:/usr/lib/python3/dist-packages/colcon_core/task/python/colcon_distutils_commands:/home/tiffany/fyp_ws/install/llm_refinement/lib/python3.10/site-packages:/home/tiffany/fyp_ws/install/formation_msgs/local/lib/python3.10/dist-packages:/opt/ros/humble/lib/python3.10/site-packages:/opt/ros/humble/local/lib/python3.10/dist-packages', 'LC_NUMERIC': 'id_ID.UTF-8', 'LC_PAPER': 'id_ID.UTF-8', 'COLCON': '1', 'VTE_VERSION': '6800', 'CMAKE_PREFIX_PATH': '/home/tiffany/fyp_ws/install/formation_msgs'}, 'shell': False}
[1.624214] (formation_ui) Command: {'cmd': ['/usr/bin/python3', '-W', 'ignore:setup.py install is deprecated', '-W', 'ignore:easy_install command is deprecated', 'setup.py', 'egg_info', '--egg-base', '../../build/formation_ui', 'build', '--build-base', '/home/tiffany/fyp_ws/build/formation_ui/build', 'install', '--record', '/home/tiffany/fyp_ws/build/formation_ui/install.log', '--install-scripts', '$base/lib/formation_ui', '--single-version-externally-managed', 'install_data'], 'cwd': '/home/tiffany/fyp_ws/src/formation_ui', 'env': {'LESSOPEN': '| /usr/bin/lesspipe %s', 'USER': 'tiffany', 'LC_TIME': 'id_ID.UTF-8', 'XDG_SESSION_TYPE': 'wayland', 'SHLVL': '1', 'LD_LIBRARY_PATH': '/home/tiffany/fyp_ws/install/formation_msgs/lib:/opt/ros/humble/opt/rviz_ogre_vendor/lib:/opt/ros/humble/lib/x86_64-linux-gnu:/opt/ros/humble/lib', 'HOME': '/home/tiffany', 'OLDPWD': '/home/tiffany', 'DESKTOP_SESSION': 'ubuntu', 'ROS_PYTHON_VERSION': '3', 'GNOME_SHELL_SESSION_MODE': 'ubuntu', 'GTK_MODULES': 'gail:atk-bridge', 'LC_MONETARY': 'id_ID.UTF-8', 'SYSTEMD_EXEC_PID': '2164', 'DBUS_SESSION_BUS_ADDRESS': 'unix:path=/run/user/1000/bus', 'COLORTERM': 'truecolor', 'IM_CONFIG_PHASE': '1', 'WAYLAND_DISPLAY': 'wayland-0', 'ROS_DISTRO': 'humble', 'LOGNAME': 'tiffany', '_': '/usr/bin/colcon', 'ROS_VERSION': '2', 'XDG_SESSION_CLASS': 'user', 'USERNAME': 'tiffany', 'TERM': 'xterm-256color', 'GNOME_DESKTOP_SESSION_ID': 'this-is-deprecated', 'ROS_LOCALHOST_ONLY': '0', 'PATH': '/opt/ros/humble/bin:/home/tiffany/.local/bin:/usr/local/sbin:/usr/local/bin:/usr/sbin:/usr/bin:/sbin:/bin:/usr/games:/usr/local/games:/snap/bin:/snap/bin', 'SESSION_MANAGER': 'local/tiffany-HP:@/tmp/.ICE-unix/1923,unix/tiffany-HP:/tmp/.ICE-unix/1923', 'XDG_MENU_PREFIX': 'gnome-', 'LC_ADDRESS': 'id_ID.UTF-8', 'GNOME_TERMINAL_SCREEN': '/org/gnome/Terminal/screen/0591c535_17eb_4e94_af3f_ca0ecd2cf809', 'GNOME_SETUP_DISPLAY': ':1', 'XDG_RUNTIME_DIR': '/run/user/1000', 'DISPLAY': ':0', 'LANG': 'en_US.UTF-8', 'XDG_CURRENT_DESKTOP': 'ubuntu:GNOME', 'LC_TELEPHONE': 'id_ID.UTF-8', 'XMODIFIERS': '@im=ibus', 'XDG_SESSION_DESKTOP': 'ubuntu', 'XAUTHORITY': '/run/user/1000/.mutter-Xwaylandauth.5SBQV3', 'LS_COLORS': 'rs=0:di=01;34:ln=01;36:mh=00:pi=40;33:so=01;35:do=01;35:bd=40;33;01:cd=40;33;01:or=40;31;01:mi=00:su=37;41:sg=30;43:ca=30;41:tw=30;42:ow=34;42:st=37;44:ex=01;32:*.tar=01;31:*.tgz=01;31:*.arc=01;31:*.arj=01;31:*.taz=01;31:*.lha=01;31:*.lz4=01;31:*.lzh=01;31:*.lzma=01;31:*.tlz=01;31:*.txz=01;31:*.tzo=01;31:*.t7z=01;31:*.zip=01;31:*.z=01;31:*.dz=01;31:*.gz=01;31:*.lrz=01;31:*.lz=01;31:*.lzo=01;31:*.xz=01;31:*.zst=01;31:*.tzst=01;31:*.bz2=01;31:*.bz=01;31:*.tbz=01;31:*.tbz2=01;31:*.tz=01;31:*.deb=01;31:*.rpm=01;31:*.jar=01;31:*.war=01;31:*.ear=01;31:*.sar=01;31:*.rar=01;31:*.alz=01;31:*.ace=01;31:*.zoo=01;31:*.cpio=01;31:*.7z=01;31:*.rz=01;31:*.cab=01;31:*.wim=01;31:*.swm=01;31:*.dwm=01;31:*.esd=01;31:*.jpg=01;35:*.jpeg=01;35:*.mjpg=01;35:*.mjpeg=01;35:*.gif=01;35:*.bmp=01;35:*.pbm=01;35:*.pgm=01;35:*.ppm=01;35:*.tga=01;35:*.xbm=01;35:*.xpm=01;35:*.tif=01;35:*.tiff=01;35:*.png=01;35:*.svg=01;35:*.svgz=01;35:*.mng=01;35:*.pcx=01;35:*.mov=01;35:*.mpg=01;35:*.mpeg=01;35:*.m2v=01;35:*.mkv=01;35:*.webm=01;35:*.webp=01;35:*.ogm=01;35:*.mp4=01;35:*.m4v=01;35:*.mp4v=01;35:*.vob=01;35:*.qt=01;35:*.nuv=01;35:*.wmv=01;35:*.asf=01;35:*.rm=01;35:*.rmvb=01;35:*.flc=01;35:*.avi=01;35:*.fli=01;35:*.flv=01;35:*.gl=01;35:*.dl=01;35:*.xcf=01;35:*.xwd=01;35:*.yuv=01;35:*.cgm=01;35:*.emf=01;35:*.ogv=01;35:*.ogx=01;35:*.aac=00;36:*.au=00;36:*.flac=00;36:*.m4a=00;36:*.mid=00;36:*.midi=00;36:*.mka=00;36:*.mp3=00;36:*.mpc=00;36:*.ogg=00;36:*.ra=00;36:*.wav=00;36:*.oga=00;36:*.opus=00;36:*.spx=00;36:*.xspf=00;36:', 'GNOME_TERMINAL_SERVICE': ':1.177', 'SSH_AGENT_LAUNCHER': 'gnome-keyring', 'SSH_AUTH_SOCK': '/run/user/1000/keyring/ssh', 'AMENT_PREFIX_PATH': '/home/tiffany/fyp_ws/install/formation_msgs:/opt/ros/humble', 'SHELL': '/bin/bash', 'LC_NAME': 'id_ID.UTF-8', 'QT_ACCESSIBILITY': '1', 'GDMSESSION': 'ubuntu', 'LESSCLOSE': '/usr/bin/lesspipe %s %s', 'IGN_GAZEBO_RESOURCE_PATH': ':/home/tiffany/fyp_ws/src/formation_gazebo/models', 'LC_MEASUREMENT': 'id_ID.UTF-8', 'LC_IDENTIFICATION': 'id_ID.UTF-8', 'QT_IM_MODULE': 'ibus', 'PWD': '/home/tiffany/fyp_ws/build/formation_ui', 'LC_ALL': 'en_US.UTF-8', 'XDG_CONFIG_DIRS': '/etc/xdg/xdg-ubuntu:/etc/xdg', 'XDG_DATA_DIRS': '/usr/share/ubuntu:/usr/local/share/:/usr/share/:/var/lib/snapd/desktop', 'PYTHONPATH': '/home/tiffany/fyp_ws/build/formation_ui/prefix_override:/usr/lib/python3/dist-packages/colcon_core/task/python/colcon_distutils_commands:/home/tiffany/fyp_ws/install/formation_ui/lib/python3.10/site-packages:/home/tiffany/fyp_ws/install/formation_msgs/local/lib/python3.10/dist-packages:/opt/ros/humble/lib/python3.10/site-packages:/opt/ros/humble/local/lib/python3.10/dist-packages', 'LC_NUMERIC': 'id_ID.UTF-8', 'LC_PAPER': 'id_ID.UTF-8', 'COLCON': '1', 'VTE_VERSION': '6800', 'CMAKE_PREFIX_PATH': '/home/tiffany/fyp_ws/install/formation_msgs'}, 'shell': False}
[1.703790] (-) TimerEvent: {}
[1.804074] (-) TimerEvent: {}
[1.806453] (task_manager) StdoutLine: {'line': b'running egg_info\n'}
[1.806995] (task_manager) StdoutLine: {'line': b'writing ../../build/task_manager/task_manager.egg-info/PKG-INFO\n'}
[1.807250] (task_manager) StdoutLine: {'line': b'writing dependency_links to ../../build/task_manager/task_manager.egg-info/dependency_links.txt\n'}
[1.807409] (task_manager) StdoutLine: {'line': b'writing entry points to ../../build/task_manager/task_manager.egg-info/entry_points.txt\n'}
[1.807550] (task_manager) StdoutLine: {'line': b'writing requirements to ../../build/task_manager/task_manager.egg-info/requires.txt\n'}
[1.807669] (task_manager) StdoutLine: {'line': b'writing top-level names to ../../build/task_manager/task_manager.egg-info/top_level.txt\n'}
[1.809061] (task_manager) StdoutLine: {'line': b"reading manifest file '../../build/task_manager/task_manager.egg-info/SOURCES.txt'\n"}
[1.809761] (task_manager) StdoutLine: {'line': b"writing manifest file '../../build/task_manager/task_manager.egg-info/SOURCES.txt'\n"}
[1.809894] (task_manager) StdoutLine: {'line': b'running build\n'}
[1.809950] (task_manager) StdoutLine: {'line': b'running build_py\n'}
[1.810136] (task_manager) StdoutLine: {'line': b'running install\n'}
[1.810395] (task_manager) StdoutLine: {'line': b'running install_lib\n'}
[1.812400] (task_manager) StdoutLine: {'line': b'running install_data\n'}
[1.812525] (task_manager) StdoutLine: {'line': b'running install_egg_info\n'}
[1.813854] (task_manager) StdoutLine: {'line': b"removing '/home/tiffany/fyp_ws/install/task_manager/lib/python3.10/site-packages/task_manager-0.0.0-py3.10.egg-info' (and everything under it)\n"}
[1.814191] (task_manager) StdoutLine: {'line': b'Copying ../../build/task_manager/task_manager.egg-info to /home/tiffany/fyp_ws/install/task_manager/lib/python3.10/site-packages/task_manager-0.0.0-py3.10.egg-info\n'}
[1.815081] (task_manager) StdoutLine: {'line': b'running install_scripts\n'}
[1.822087] (drone_control) StdoutLine: {'line': b'running egg_info\n'}
[1.822644] (drone_control) StdoutLine: {'line': b'writing ../../build/drone_control/drone_control.egg-info/PKG-INFO\n'}
[1.822848] (drone_control) StdoutLine: {'line': b'writing dependency_links to ../../build/drone_control/drone_control.egg-info/dependency_links.txt\n'}
[1.823024] (drone_control) StdoutLine: {'line': b'writing entry points to ../../build/drone_control/drone_control.egg-info/entry_points.txt\n'}
[1.823188] (drone_control) StdoutLine: {'line': b'writing requirements to ../../build/drone_control/drone_control.egg-info/requires.txt\n'}
[1.823303] (drone_control) StdoutLine: {'line': b'writing top-level names to ../../build/drone_control/drone_control.egg-info/top_level.txt\n'}
[1.824821] (drone_control) StdoutLine: {'line': b"reading manifest file '../../build/drone_control/drone_control.egg-info/SOURCES.txt'\n"}
[1.825553] (drone_control) StdoutLine: {'line': b"writing manifest file '../../build/drone_control/drone_control.egg-info/SOURCES.txt'\n"}
[1.825668] (drone_control) StdoutLine: {'line': b'running build\n'}
[1.825730] (drone_control) StdoutLine: {'line': b'running build_py\n'}
[1.825827] (formation_planner) StdoutLine: {'line': b'running egg_info\n'}
[1.825929] (drone_control) StdoutLine: {'line': b'copying drone_control/sim_bridge_node.py -> /home/tiffany/fyp_ws/build/drone_control/build/lib/drone_control\n'}
[1.826210] (drone_control) StdoutLine: {'line': b'running install\n'}
[1.826403] (formation_planner) StdoutLine: {'line': b'writing ../../build/formation_planner/formation_planner.egg-info/PKG-INFO\n'}
[1.826478] (drone_control) StdoutLine: {'line': b'running install_lib\n'}
[1.826552] (llm_refinement) StdoutLine: {'line': b'running egg_info\n'}
[1.826634] (formation_planner) StdoutLine: {'line': b'writing dependency_links to ../../build/formation_planner/formation_planner.egg-info/dependency_links.txt\n'}
[1.826758] (formation_planner) StdoutLine: {'line': b'writing entry points to ../../build/formation_planner/formation_planner.egg-info/entry_points.txt\n'}
[1.826883] (formation_planner) StdoutLine: {'line': b'writing requirements to ../../build/formation_planner/formation_planner.egg-info/requires.txt\n'}
[1.826986] (formation_planner) StdoutLine: {'line': b'writing top-level names to ../../build/formation_planner/formation_planner.egg-info/top_level.txt\n'}
[1.827129] (llm_refinement) StdoutLine: {'line': b'writing ../../build/llm_refinement/llm_refinement.egg-info/PKG-INFO\n'}
[1.827338] (llm_refinement) StdoutLine: {'line': b'writing dependency_links to ../../build/llm_refinement/llm_refinement.egg-info/dependency_links.txt\n'}
[1.827496] (llm_refinement) StdoutLine: {'line': b'writing entry points to ../../build/llm_refinement/llm_refinement.egg-info/entry_points.txt\n'}
[1.827633] (llm_refinement) StdoutLine: {'line': b'writing requirements to ../../build/llm_refinement/llm_refinement.egg-info/requires.txt\n'}
[1.827730] (llm_refinement) StdoutLine: {'line': b'writing top-level names to ../../build/llm_refinement/llm_refinement.egg-info/top_level.txt\n'}
[1.828235] (drone_control) StdoutLine: {'line': b'copying /home/tiffany/fyp_ws/build/drone_control/build/lib/drone_control/sim_bridge_node.py -> /home/tiffany/fyp_ws/install/drone_control/lib/python3.10/site-packages/drone_control\n'}
[1.828483] (formation_planner) StdoutLine: {'line': b"reading manifest file '../../build/formation_planner/formation_planner.egg-info/SOURCES.txt'\n"}
[1.828777] (drone_control) StdoutLine: {'line': b'byte-compiling /home/tiffany/fyp_ws/install/drone_control/lib/python3.10/site-packages/drone_control/sim_bridge_node.py to sim_bridge_node.cpython-310.pyc\n'}
[1.829239] (formation_planner) StdoutLine: {'line': b"writing manifest file '../../build/formation_planner/formation_planner.egg-info/SOURCES.txt'\n"}
[1.829324] (formation_planner) StdoutLine: {'line': b'running build\n'}
[1.829374] (formation_planner) StdoutLine: {'line': b'running build_py\n'}
[1.829620] (formation_ui) StdoutLine: {'line': b'running egg_info\n'}
[1.829783] (formation_planner) StdoutLine: {'line': b'running install\n'}
[1.830087] (formation_planner) StdoutLine: {'line': b'running install_lib\n'}
[1.830170] (drone_control) StdoutLine: {'line': b'running install_data\n'}
[1.830271] (drone_control) StdoutLine: {'line': b'running install_egg_info\n'}
[1.830381] (formation_ui) StdoutLine: {'line': b'writing ../../build/formation_ui/formation_ui.egg-info/PKG-INFO\n'}
[1.830451] (llm_refinement) StdoutLine: {'line': b"reading manifest file '../../build/llm_refinement/llm_refinement.egg-info/SOURCES.txt'\n"}
[1.830546] (formation_ui) StdoutLine: {'line': b'writing dependency_links to ../../build/formation_ui/formation_ui.egg-info/dependency_links.txt\n'}
[1.830668] (formation_ui) StdoutLine: {'line': b'writing entry points to ../../build/formation_ui/formation_ui.egg-info/entry_points.txt\n'}
[1.830804] (formation_ui) StdoutLine: {'line': b'writing requirements to ../../build/formation_ui/formation_ui.egg-info/requires.txt\n'}
[1.830910] (formation_ui) StdoutLine: {'line': b'writing top-level names to ../../build/formation_ui/formation_ui.egg-info/top_level.txt\n'}
[1.831112] (llm_refinement) StdoutLine: {'line': b"writing manifest file '../../build/llm_refinement/llm_refinement.egg-info/SOURCES.txt'\n"}
[1.831229] (llm_refinement) StdoutLine: {'line': b'running build\n'}
[1.831284] (llm_refinement) StdoutLine: {'line': b'running build_py\n'}
[1.831437] (formation_planner) StdoutLine: {'line': b'running install_data\n'}
[1.831529] (llm_refinement) StdoutLine: {'line': b'running install\n'}
[1.831605] (formation_planner) StdoutLine: {'line': b'running install_egg_info\n'}
[1.831800] (llm_refinement) StdoutLine: {'line': b'running install_lib\n'}
[1.831930] (drone_control) StdoutLine: {'line': b"removing '/home/tiffany/fyp_ws/install/drone_control/lib/python3.10/site-packages/drone_control-0.0.0-py3.10.egg-info' (and everything under it)\n"}
[1.832260] (drone_control) StdoutLine: {'line': b'Copying ../../build/drone_control/drone_control.egg-info to /home/tiffany/fyp_ws/install/drone_control/lib/python3.10/site-packages/drone_control-0.0.0-py3.10.egg-info\n'}
[1.832789] (llm_refinement) StdoutLine: {'line': b'running install_data\n'}
[1.832889] (llm_refinement) StdoutLine: {'line': b'running install_egg_info\n'}
[1.833003] (formation_planner) StdoutLine: {'line': b"removing '/home/tiffany/fyp_ws/install/formation_planner/lib/python3.10/site-packages/formation_planner-0.0.0-py3.10.egg-info' (and everything under it)\n"}
[1.833171] (drone_control) StdoutLine: {'line': b'running install_scripts\n'}
[1.833262] (task_manager) StdoutLine: {'line': b'Installing task_manager_node script to /home/tiffany/fyp_ws/install/task_manager/lib/task_manager\n'}
[1.833345] (formation_planner) StdoutLine: {'line': b'Copying ../../build/formation_planner/formation_planner.egg-info to /home/tiffany/fyp_ws/install/formation_planner/lib/python3.10/site-packages/formation_planner-0.0.0-py3.10.egg-info\n'}
[1.833526] (formation_ui) StdoutLine: {'line': b"reading manifest file '../../build/formation_ui/formation_ui.egg-info/SOURCES.txt'\n"}
[1.833597] (task_manager) StdoutLine: {'line': b"writing list of installed files to '/home/tiffany/fyp_ws/build/task_manager/install.log'\n"}
[1.834173] (formation_planner) StdoutLine: {'line': b'running install_scripts\n'}
[1.834272] (formation_ui) StdoutLine: {'line': b"writing manifest file '../../build/formation_ui/formation_ui.egg-info/SOURCES.txt'\n"}
[1.834363] (formation_ui) StdoutLine: {'line': b'running build\n'}
[1.834437] (formation_ui) StdoutLine: {'line': b'running build_py\n'}
[1.834534] (llm_refinement) StdoutLine: {'line': b"removing '/home/tiffany/fyp_ws/install/llm_refinement/lib/python3.10/site-packages/llm_refinement-0.0.0-py3.10.egg-info' (and everything under it)\n"}
[1.834622] (formation_ui) StdoutLine: {'line': b'running install\n'}
[1.834722] (llm_refinement) StdoutLine: {'line': b'Copying ../../build/llm_refinement/llm_refinement.egg-info to /home/tiffany/fyp_ws/install/llm_refinement/lib/python3.10/site-packages/llm_refinement-0.0.0-py3.10.egg-info\n'}
[1.834838] (formation_ui) StdoutLine: {'line': b'running install_lib\n'}
[1.835570] (llm_refinement) StdoutLine: {'line': b'running install_scripts\n'}
[1.835782] (formation_ui) StdoutLine: {'line': b'running install_data\n'}
[1.835884] (formation_ui) StdoutLine: {'line': b'running install_egg_info\n'}
[1.837369] (formation_ui) StdoutLine: {'line': b"removing '/home/tiffany/fyp_ws/install/formation_ui/lib/python3.10/site-packages/formation_ui-0.0.0-py3.10.egg-info' (and everything under it)\n"}
[1.837680] (formation_ui) StdoutLine: {'line': b'Copying ../../build/formation_ui/formation_ui.egg-info to /home/tiffany/fyp_ws/install/formation_ui/lib/python3.10/site-packages/formation_ui-0.0.0-py3.10.egg-info\n'}
[1.838513] (formation_ui) StdoutLine: {'line': b'running install_scripts\n'}
[1.852013] (drone_control) StdoutLine: {'line': b'Installing drone_controller_node script to /home/tiffany/fyp_ws/install/drone_control/lib/drone_control\n'}
[1.852237] (drone_control) StdoutLine: {'line': b'Installing fylo_bridge_node script to /home/tiffany/fyp_ws/install/drone_control/lib/drone_control\n'}
[1.852337] (drone_control) StdoutLine: {'line': b'Installing pose_publisher_node script to /home/tiffany/fyp_ws/install/drone_control/lib/drone_control\n'}
[1.852437] (formation_planner) StdoutLine: {'line': b'Installing assignment_node script to /home/tiffany/fyp_ws/install/formation_planner/lib/formation_planner\n'}
[1.852544] (drone_control) StdoutLine: {'line': b'Installing sim_bridge_node script to /home/tiffany/fyp_ws/install/drone_control/lib/drone_control\n'}
[1.852600] (formation_planner) StdoutLine: {'line': b'Installing coords_mapping_node script to /home/tiffany/fyp_ws/install/formation_planner/lib/formation_planner\n'}
[1.852677] (formation_planner) StdoutLine: {'line': b'Installing drone_validator_node script to /home/tiffany/fyp_ws/install/formation_planner/lib/formation_planner\n'}
[1.852751] (formation_planner) StdoutLine: {'line': b'Installing mapf_node script to /home/tiffany/fyp_ws/install/formation_planner/lib/formation_planner\n'}
[1.852836] (drone_control) StdoutLine: {'line': b"writing list of installed files to '/home/tiffany/fyp_ws/build/drone_control/install.log'\n"}
[1.852905] (formation_planner) StdoutLine: {'line': b'Installing shape_sampling_node script to /home/tiffany/fyp_ws/install/formation_planner/lib/formation_planner\n'}
[1.853249] (formation_planner) StdoutLine: {'line': b"writing list of installed files to '/home/tiffany/fyp_ws/build/formation_planner/install.log'\n"}
[1.853441] (llm_refinement) StdoutLine: {'line': b'Installing coords_adjust_node script to /home/tiffany/fyp_ws/install/llm_refinement/lib/llm_refinement\n'}
[1.853602] (llm_refinement) StdoutLine: {'line': b'Installing llm_interface_node script to /home/tiffany/fyp_ws/install/llm_refinement/lib/llm_refinement\n'}
[1.853956] (llm_refinement) StdoutLine: {'line': b"writing list of installed files to '/home/tiffany/fyp_ws/build/llm_refinement/install.log'\n"}
[1.856569] (formation_ui) StdoutLine: {'line': b'Installing canvas_server_node script to /home/tiffany/fyp_ws/install/formation_ui/lib/formation_ui\n'}
[1.856985] (formation_ui) StdoutLine: {'line': b"writing list of installed files to '/home/tiffany/fyp_ws/build/formation_ui/install.log'\n"}
[1.867014] (task_manager) CommandEnded: {'returncode': 0}
[1.872215] (task_manager) JobEnded: {'identifier': 'task_manager', 'rc': 0}
[1.892048] (llm_refinement) CommandEnded: {'returncode': 0}
[1.897614] (llm_refinement) JobEnded: {'identifier': 'llm_refinement', 'rc': 0}
[1.898863] (formation_ui) CommandEnded: {'returncode': 0}
[1.903595] (formation_ui) JobEnded: {'identifier': 'formation_ui', 'rc': 0}
[1.904059] (formation_planner) CommandEnded: {'returncode': 0}
[1.904333] (-) TimerEvent: {}
[1.908658] (formation_planner) JobEnded: {'identifier': 'formation_planner', 'rc': 0}
[1.909086] (drone_control) CommandEnded: {'returncode': 0}
[1.913195] (drone_control) JobEnded: {'identifier': 'drone_control', 'rc': 0}
[1.913764] (-) EventReactorShutdown: {}
