[0.000000] (-) TimerEvent: {}
[0.000199] (formation_msgs) JobQueued: {'identifier': 'formation_msgs', 'dependencies': OrderedDict()}
[0.000282] (drone_control) JobQueued: {'identifier': 'drone_control', 'dependencies': OrderedDict([('formation_msgs', '/home/tiffany/fyp_ws/install/formation_msgs')])}
[0.000317] (formation_planner) JobQueued: {'identifier': 'formation_planner', 'dependencies': OrderedDict([('formation_msgs', '/home/tiffany/fyp_ws/install/formation_msgs')])}
[0.000342] (formation_ui) JobQueued: {'identifier': 'formation_ui', 'dependencies': OrderedDict([('formation_msgs', '/home/tiffany/fyp_ws/install/formation_msgs')])}
[0.000365] (llm_refinement) JobQueued: {'identifier': 'llm_refinement', 'dependencies': OrderedDict([('formation_msgs', '/home/tiffany/fyp_ws/install/formation_msgs')])}
[0.000402] (task_manager) JobQueued: {'identifier': 'task_manager', 'dependencies': OrderedDict([('formation_msgs', '/home/tiffany/fyp_ws/install/formation_msgs')])}
[0.000419] (formation_msgs) JobStarted: {'identifier': 'formation_msgs'}
[0.011493] (formation_msgs) JobProgress: {'identifier': 'formation_msgs', 'progress': 'cmake'}
[0.012811] (formation_msgs) JobProgress: {'identifier': 'formation_msgs', 'progress': 'build'}
[0.013506] (formation_msgs) Command: {'cmd': ['/usr/bin/cmake', '--build', '/home/tiffany/fyp_ws/build/formation_msgs', '--', '-j16', '-l16'], 'cwd': '/home/tiffany/fyp_ws/build/formation_msgs', 'env': OrderedDict([('LESSOPEN', '| /usr/bin/lesspipe %s'), ('USER', 'tiffany'), ('LC_TIME', 'id_ID.UTF-8'), ('XDG_SESSION_TYPE', 'wayland'), ('SHLVL', '1'), ('LD_LIBRARY_PATH', '/opt/ros/humble/lib/x86_64-linux-gnu:/opt/ros/humble/lib'), ('HOME', '/home/tiffany'), ('OLDPWD', '/home/tiffany'), ('DESKTOP_SESSION', 'ubuntu'), ('ROS_PYTHON_VERSION', '3'), ('GNOME_SHELL_SESSION_MODE', 'ubuntu'), ('GTK_MODULES', 'gail:atk-bridge'), ('LC_MONETARY', 'id_ID.UTF-8'), ('SYSTEMD_EXEC_PID', '2060'), ('DBUS_SESSION_BUS_ADDRESS', 'unix:path=/run/user/1000/bus'), ('COLORTERM', 'truecolor'), ('IM_CONFIG_PHASE', '1'), ('WAYLAND_DISPLAY', 'wayland-0'), ('ROS_DISTRO', 'humble'), ('LOGNAME', 'tiffany'), ('_', '/usr/bin/colcon'), ('ROS_VERSION', '2'), ('XDG_SESSION_CLASS', 'user'), ('USERNAME', 'tiffany'), ('TERM', 'xterm-256color'), ('GNOME_DESKTOP_SESSION_ID', 'this-is-deprecated'), ('ROS_LOCALHOST_ONLY', '0'), ('PATH', '/opt/ros/humble/bin:/home/tiffany/.local/bin:/usr/local/sbin:/usr/local/bin:/usr/sbin:/usr/bin:/sbin:/bin:/usr/games:/usr/local/games:/snap/bin:/snap/bin'), ('SESSION_MANAGER', 'local/tiffany-HP:@/tmp/.ICE-unix/1841,unix/tiffany-HP:/tmp/.ICE-unix/1841'), ('XDG_MENU_PREFIX', 'gnome-'), ('LC_ADDRESS', 'id_ID.UTF-8'), ('GNOME_TERMINAL_SCREEN', '/org/gnome/Terminal/screen/cf40eff0_27e4_4034_8175_93af309267ad'), ('GNOME_SETUP_DISPLAY', ':1'), ('XDG_RUNTIME_DIR', '/run/user/1000'), ('DISPLAY', ':0'), ('LANG', 'en_US.UTF-8'), ('XDG_CURRENT_DESKTOP', 'ubuntu:GNOME'), ('LC_TELEPHONE', 'id_ID.UTF-8'), ('XMODIFIERS', '@im=ibus'), ('XDG_SESSION_DESKTOP', 'ubuntu'), ('XAUTHORITY', '/run/user/1000/.mutter-Xwaylandauth.K9JAV3'), ('LS_COLORS', 'rs=0:di=01;34:ln=01;36:mh=00:pi=40;33:so=01;35:do=01;35:bd=40;33;01:cd=40;33;01:or=40;31;01:mi=00:su=37;41:sg=30;43:ca=30;41:tw=30;42:ow=34;42:st=37;44:ex=01;32:*.tar=01;31:*.tgz=01;31:*.arc=01;31:*.arj=01;31:*.taz=01;31:*.lha=01;31:*.lz4=01;31:*.lzh=01;31:*.lzma=01;31:*.tlz=01;31:*.txz=01;31:*.tzo=01;31:*.t7z=01;31:*.zip=01;31:*.z=01;31:*.dz=01;31:*.gz=01;31:*.lrz=01;31:*.lz=01;31:*.lzo=01;31:*.xz=01;31:*.zst=01;31:*.tzst=01;31:*.bz2=01;31:*.bz=01;31:*.tbz=01;31:*.tbz2=01;31:*.tz=01;31:*.deb=01;31:*.rpm=01;31:*.jar=01;31:*.war=01;31:*.ear=01;31:*.sar=01;31:*.rar=01;31:*.alz=01;31:*.ace=01;31:*.zoo=01;31:*.cpio=01;31:*.7z=01;31:*.rz=01;31:*.cab=01;31:*.wim=01;31:*.swm=01;31:*.dwm=01;31:*.esd=01;31:*.jpg=01;35:*.jpeg=01;35:*.mjpg=01;35:*.mjpeg=01;35:*.gif=01;35:*.bmp=01;35:*.pbm=01;35:*.pgm=01;35:*.ppm=01;35:*.tga=01;35:*.xbm=01;35:*.xpm=01;35:*.tif=01;35:*.tiff=01;35:*.png=01;35:*.svg=01;35:*.svgz=01;35:*.mng=01;35:*.pcx=01;35:*.mov=01;35:*.mpg=01;35:*.mpeg=01;35:*.m2v=01;35:*.mkv=01;35:*.webm=01;35:*.webp=01;35:*.ogm=01;35:*.mp4=01;35:*.m4v=01;35:*.mp4v=01;35:*.vob=01;35:*.qt=01;35:*.nuv=01;35:*.wmv=01;35:*.asf=01;35:*.rm=01;35:*.rmvb=01;35:*.flc=01;35:*.avi=01;35:*.fli=01;35:*.flv=01;35:*.gl=01;35:*.dl=01;35:*.xcf=01;35:*.xwd=01;35:*.yuv=01;35:*.cgm=01;35:*.emf=01;35:*.ogv=01;35:*.ogx=01;35:*.aac=00;36:*.au=00;36:*.flac=00;36:*.m4a=00;36:*.mid=00;36:*.midi=00;36:*.mka=00;36:*.mp3=00;36:*.mpc=00;36:*.ogg=00;36:*.ra=00;36:*.wav=00;36:*.oga=00;36:*.opus=00;36:*.spx=00;36:*.xspf=00;36:'), ('GNOME_TERMINAL_SERVICE', ':1.121'), ('SSH_AGENT_LAUNCHER', 'gnome-keyring'), ('SSH_AUTH_SOCK', '/run/user/1000/keyring/ssh'), ('AMENT_PREFIX_PATH', '/opt/ros/humble'), ('SHELL', '/bin/bash'), ('LC_NAME', 'id_ID.UTF-8'), ('QT_ACCESSIBILITY', '1'), ('GDMSESSION', 'ubuntu'), ('LESSCLOSE', '/usr/bin/lesspipe %s %s'), ('LC_MEASUREMENT', 'id_ID.UTF-8'), ('LC_IDENTIFICATION', 'id_ID.UTF-8'), ('QT_IM_MODULE', 'ibus'), ('PWD', '/home/tiffany/fyp_ws/build/formation_msgs'), ('LC_ALL', 'en_US.UTF-8'), ('XDG_CONFIG_DIRS', '/etc/xdg/xdg-ubuntu:/etc/xdg'), ('XDG_DATA_DIRS', '/usr/share/ubuntu:/usr/local/share/:/usr/share/:/var/lib/snapd/desktop'), ('PYTHONPATH', '/opt/ros/humble/lib/python3.10/site-packages:/opt/ros/humble/local/lib/python3.10/dist-packages'), ('LC_NUMERIC', 'id_ID.UTF-8'), ('LC_PAPER', 'id_ID.UTF-8'), ('COLCON', '1'), ('VTE_VERSION', '6800'), ('CMAKE_PREFIX_PATH', '/opt/ros/humble')]), 'shell': False}
[0.099056] (-) TimerEvent: {}
[0.133812] (formation_msgs) StdoutLine: {'line': b'\x1b[35m\x1b[1mConsolidate compiler generated dependencies of target formation_msgs__rosidl_generator_c\x1b[0m\n'}
[0.142410] (formation_msgs) StdoutLine: {'line': b'[  0%] Built target formation_msgs__cpp\n'}
[0.142807] (formation_msgs) StdoutLine: {'line': b'[  1%] Built target formation_msgs__rs\n'}
[0.162468] (formation_msgs) StdoutLine: {'line': b'[ 13%] Built target formation_msgs__rosidl_generator_c\n'}
[0.164415] (formation_msgs) StdoutLine: {'line': b'\x1b[35m\x1b[1mConsolidate compiler generated dependencies of target formation_msgs__rosidl_typesupport_cpp\x1b[0m\n'}
[0.164914] (formation_msgs) StdoutLine: {'line': b'\x1b[35m\x1b[1mConsolidate compiler generated dependencies of target formation_msgs__rosidl_typesupport_introspection_cpp\x1b[0m\n'}
[0.165302] (formation_msgs) StdoutLine: {'line': b'\x1b[35m\x1b[1mConsolidate compiler generated dependencies of target formation_msgs__rosidl_typesupport_fastrtps_cpp\x1b[0m\n'}
[0.166326] (formation_msgs) StdoutLine: {'line': b'[ 13%] Built target ament_cmake_python_copy_formation_msgs\n'}
[0.181915] (formation_msgs) StdoutLine: {'line': b'\x1b[35m\x1b[1mConsolidate compiler generated dependencies of target formation_msgs__rosidl_typesupport_c\x1b[0m\n'}
[0.182657] (formation_msgs) StdoutLine: {'line': b'\x1b[35m\x1b[1mConsolidate compiler generated dependencies of target formation_msgs__rosidl_typesupport_introspection_c\x1b[0m\n'}
[0.184456] (formation_msgs) StdoutLine: {'line': b'\x1b[35m\x1b[1mConsolidate compiler generated dependencies of target formation_msgs__rosidl_typesupport_fastrtps_c\x1b[0m\n'}
[0.193565] (formation_msgs) StdoutLine: {'line': b'[ 49%] Built target formation_msgs__rosidl_typesupport_cpp\n'}
[0.193897] (formation_msgs) StdoutLine: {'line': b'[ 49%] Built target formation_msgs__rosidl_typesupport_fastrtps_cpp\n'}
[0.194006] (formation_msgs) StdoutLine: {'line': b'[ 49%] Built target formation_msgs__rosidl_typesupport_introspection_cpp\n'}
[0.198774] (formation_msgs) StdoutLine: {'line': b'[ 60%] Built target formation_msgs__rosidl_typesupport_c\n'}
[0.199110] (-) TimerEvent: {}
[0.200894] (formation_msgs) StdoutLine: {'line': b'[ 71%] Built target formation_msgs__rosidl_typesupport_introspection_c\n'}
[0.210381] (formation_msgs) StdoutLine: {'line': b'[ 82%] Built target formation_msgs__rosidl_typesupport_fastrtps_c\n'}
[0.239714] (formation_msgs) StdoutLine: {'line': b'[ 82%] Built target formation_msgs\n'}
[0.270542] (formation_msgs) StdoutLine: {'line': b'[ 83%] Built target formation_msgs__py\n'}
[0.290963] (formation_msgs) StdoutLine: {'line': b'\x1b[35m\x1b[1mConsolidate compiler generated dependencies of target formation_msgs__rosidl_generator_py\x1b[0m\n'}
[0.299212] (-) TimerEvent: {}
[0.319423] (formation_msgs) StdoutLine: {'line': b'[ 94%] Built target formation_msgs__rosidl_generator_py\n'}
[0.335304] (formation_msgs) StdoutLine: {'line': b'\x1b[35m\x1b[1mConsolidate compiler generated dependencies of target formation_msgs__rosidl_typesupport_introspection_c__pyext\x1b[0m\n'}
[0.335550] (formation_msgs) StdoutLine: {'line': b'\x1b[35m\x1b[1mConsolidate compiler generated dependencies of target formation_msgs__rosidl_typesupport_c__pyext\x1b[0m\n'}
[0.335668] (formation_msgs) StdoutLine: {'line': b'\x1b[35m\x1b[1mConsolidate compiler generated dependencies of target formation_msgs__rosidl_typesupport_fastrtps_c__pyext\x1b[0m\n'}
[0.353092] (formation_msgs) StdoutLine: {'line': b'[100%] Built target formation_msgs__rosidl_typesupport_fastrtps_c__pyext\n'}
[0.353346] (formation_msgs) StdoutLine: {'line': b'[100%] Built target formation_msgs__rosidl_typesupport_introspection_c__pyext\n'}
[0.353441] (formation_msgs) StdoutLine: {'line': b'[100%] Built target formation_msgs__rosidl_typesupport_c__pyext\n'}
[0.399310] (-) TimerEvent: {}
[0.442207] (formation_msgs) StdoutLine: {'line': b'running egg_info\n'}
[0.443280] (formation_msgs) StdoutLine: {'line': b'writing formation_msgs.egg-info/PKG-INFO\n'}
[0.443675] (formation_msgs) StdoutLine: {'line': b'writing dependency_links to formation_msgs.egg-info/dependency_links.txt\n'}
[0.444032] (formation_msgs) StdoutLine: {'line': b'writing top-level names to formation_msgs.egg-info/top_level.txt\n'}
[0.449075] (formation_msgs) StdoutLine: {'line': b"reading manifest file 'formation_msgs.egg-info/SOURCES.txt'\n"}
[0.449826] (formation_msgs) StdoutLine: {'line': b"writing manifest file 'formation_msgs.egg-info/SOURCES.txt'\n"}
[0.480918] (formation_msgs) StdoutLine: {'line': b'[100%] Built target ament_cmake_python_build_formation_msgs_egg\n'}
[0.497719] (formation_msgs) CommandEnded: {'returncode': 0}
[0.499123] (formation_msgs) JobProgress: {'identifier': 'formation_msgs', 'progress': 'install'}
[0.499610] (-) TimerEvent: {}
[0.510510] (formation_msgs) Command: {'cmd': ['/usr/bin/cmake', '--install', '/home/tiffany/fyp_ws/build/formation_msgs'], 'cwd': '/home/tiffany/fyp_ws/build/formation_msgs', 'env': OrderedDict([('LESSOPEN', '| /usr/bin/lesspipe %s'), ('USER', 'tiffany'), ('LC_TIME', 'id_ID.UTF-8'), ('XDG_SESSION_TYPE', 'wayland'), ('SHLVL', '1'), ('LD_LIBRARY_PATH', '/opt/ros/humble/lib/x86_64-linux-gnu:/opt/ros/humble/lib'), ('HOME', '/home/tiffany'), ('OLDPWD', '/home/tiffany'), ('DESKTOP_SESSION', 'ubuntu'), ('ROS_PYTHON_VERSION', '3'), ('GNOME_SHELL_SESSION_MODE', 'ubuntu'), ('GTK_MODULES', 'gail:atk-bridge'), ('LC_MONETARY', 'id_ID.UTF-8'), ('SYSTEMD_EXEC_PID', '2060'), ('DBUS_SESSION_BUS_ADDRESS', 'unix:path=/run/user/1000/bus'), ('COLORTERM', 'truecolor'), ('IM_CONFIG_PHASE', '1'), ('WAYLAND_DISPLAY', 'wayland-0'), ('ROS_DISTRO', 'humble'), ('LOGNAME', 'tiffany'), ('_', '/usr/bin/colcon'), ('ROS_VERSION', '2'), ('XDG_SESSION_CLASS', 'user'), ('USERNAME', 'tiffany'), ('TERM', 'xterm-256color'), ('GNOME_DESKTOP_SESSION_ID', 'this-is-deprecated'), ('ROS_LOCALHOST_ONLY', '0'), ('PATH', '/opt/ros/humble/bin:/home/tiffany/.local/bin:/usr/local/sbin:/usr/local/bin:/usr/sbin:/usr/bin:/sbin:/bin:/usr/games:/usr/local/games:/snap/bin:/snap/bin'), ('SESSION_MANAGER', 'local/tiffany-HP:@/tmp/.ICE-unix/1841,unix/tiffany-HP:/tmp/.ICE-unix/1841'), ('XDG_MENU_PREFIX', 'gnome-'), ('LC_ADDRESS', 'id_ID.UTF-8'), ('GNOME_TERMINAL_SCREEN', '/org/gnome/Terminal/screen/cf40eff0_27e4_4034_8175_93af309267ad'), ('GNOME_SETUP_DISPLAY', ':1'), ('XDG_RUNTIME_DIR', '/run/user/1000'), ('DISPLAY', ':0'), ('LANG', 'en_US.UTF-8'), ('XDG_CURRENT_DESKTOP', 'ubuntu:GNOME'), ('LC_TELEPHONE', 'id_ID.UTF-8'), ('XMODIFIERS', '@im=ibus'), ('XDG_SESSION_DESKTOP', 'ubuntu'), ('XAUTHORITY', '/run/user/1000/.mutter-Xwaylandauth.K9JAV3'), ('LS_COLORS', 'rs=0:di=01;34:ln=01;36:mh=00:pi=40;33:so=01;35:do=01;35:bd=40;33;01:cd=40;33;01:or=40;31;01:mi=00:su=37;41:sg=30;43:ca=30;41:tw=30;42:ow=34;42:st=37;44:ex=01;32:*.tar=01;31:*.tgz=01;31:*.arc=01;31:*.arj=01;31:*.taz=01;31:*.lha=01;31:*.lz4=01;31:*.lzh=01;31:*.lzma=01;31:*.tlz=01;31:*.txz=01;31:*.tzo=01;31:*.t7z=01;31:*.zip=01;31:*.z=01;31:*.dz=01;31:*.gz=01;31:*.lrz=01;31:*.lz=01;31:*.lzo=01;31:*.xz=01;31:*.zst=01;31:*.tzst=01;31:*.bz2=01;31:*.bz=01;31:*.tbz=01;31:*.tbz2=01;31:*.tz=01;31:*.deb=01;31:*.rpm=01;31:*.jar=01;31:*.war=01;31:*.ear=01;31:*.sar=01;31:*.rar=01;31:*.alz=01;31:*.ace=01;31:*.zoo=01;31:*.cpio=01;31:*.7z=01;31:*.rz=01;31:*.cab=01;31:*.wim=01;31:*.swm=01;31:*.dwm=01;31:*.esd=01;31:*.jpg=01;35:*.jpeg=01;35:*.mjpg=01;35:*.mjpeg=01;35:*.gif=01;35:*.bmp=01;35:*.pbm=01;35:*.pgm=01;35:*.ppm=01;35:*.tga=01;35:*.xbm=01;35:*.xpm=01;35:*.tif=01;35:*.tiff=01;35:*.png=01;35:*.svg=01;35:*.svgz=01;35:*.mng=01;35:*.pcx=01;35:*.mov=01;35:*.mpg=01;35:*.mpeg=01;35:*.m2v=01;35:*.mkv=01;35:*.webm=01;35:*.webp=01;35:*.ogm=01;35:*.mp4=01;35:*.m4v=01;35:*.mp4v=01;35:*.vob=01;35:*.qt=01;35:*.nuv=01;35:*.wmv=01;35:*.asf=01;35:*.rm=01;35:*.rmvb=01;35:*.flc=01;35:*.avi=01;35:*.fli=01;35:*.flv=01;35:*.gl=01;35:*.dl=01;35:*.xcf=01;35:*.xwd=01;35:*.yuv=01;35:*.cgm=01;35:*.emf=01;35:*.ogv=01;35:*.ogx=01;35:*.aac=00;36:*.au=00;36:*.flac=00;36:*.m4a=00;36:*.mid=00;36:*.midi=00;36:*.mka=00;36:*.mp3=00;36:*.mpc=00;36:*.ogg=00;36:*.ra=00;36:*.wav=00;36:*.oga=00;36:*.opus=00;36:*.spx=00;36:*.xspf=00;36:'), ('GNOME_TERMINAL_SERVICE', ':1.121'), ('SSH_AGENT_LAUNCHER', 'gnome-keyring'), ('SSH_AUTH_SOCK', '/run/user/1000/keyring/ssh'), ('AMENT_PREFIX_PATH', '/opt/ros/humble'), ('SHELL', '/bin/bash'), ('LC_NAME', 'id_ID.UTF-8'), ('QT_ACCESSIBILITY', '1'), ('GDMSESSION', 'ubuntu'), ('LESSCLOSE', '/usr/bin/lesspipe %s %s'), ('LC_MEASUREMENT', 'id_ID.UTF-8'), ('LC_IDENTIFICATION', 'id_ID.UTF-8'), ('QT_IM_MODULE', 'ibus'), ('PWD', '/home/tiffany/fyp_ws/build/formation_msgs'), ('LC_ALL', 'en_US.UTF-8'), ('XDG_CONFIG_DIRS', '/etc/xdg/xdg-ubuntu:/etc/xdg'), ('XDG_DATA_DIRS', '/usr/share/ubuntu:/usr/local/share/:/usr/share/:/var/lib/snapd/desktop'), ('PYTHONPATH', '/opt/ros/humble/lib/python3.10/site-packages:/opt/ros/humble/local/lib/python3.10/dist-packages'), ('LC_NUMERIC', 'id_ID.UTF-8'), ('LC_PAPER', 'id_ID.UTF-8'), ('COLCON', '1'), ('VTE_VERSION', '6800'), ('CMAKE_PREFIX_PATH', '/opt/ros/humble')]), 'shell': False}
[0.521260] (formation_msgs) StdoutLine: {'line': b'-- Install configuration: ""\n'}
[0.522699] (formation_msgs) StdoutLine: {'line': b'-- Up-to-date: /home/tiffany/fyp_ws/install/formation_msgs/share/ament_index/resource_index/rosidl_interfaces/formation_msgs\n'}
[0.523028] (formation_msgs) StdoutLine: {'line': b'-- Up-to-date: /home/tiffany/fyp_ws/install/formation_msgs/include/formation_msgs/formation_msgs\n'}
[0.523218] (formation_msgs) StdoutLine: {'line': b'-- Up-to-date: /home/tiffany/fyp_ws/install/formation_msgs/include/formation_msgs/formation_msgs/msg\n'}
[0.523418] (formation_msgs) StdoutLine: {'line': b'-- Up-to-date: /home/tiffany/fyp_ws/install/formation_msgs/include/formation_msgs/formation_msgs/msg/generated_transform.h\n'}
[0.523531] (formation_msgs) StdoutLine: {'line': b'-- Up-to-date: /home/tiffany/fyp_ws/install/formation_msgs/include/formation_msgs/formation_msgs/msg/system_state.h\n'}
[0.523606] (formation_msgs) StdoutLine: {'line': b'-- Up-to-date: /home/tiffany/fyp_ws/install/formation_msgs/include/formation_msgs/formation_msgs/msg/drawn_shape.h\n'}
[0.523743] (formation_msgs) StdoutLine: {'line': b'-- Up-to-date: /home/tiffany/fyp_ws/install/formation_msgs/include/formation_msgs/formation_msgs/msg/drone_path.h\n'}
[0.523820] (formation_msgs) StdoutLine: {'line': b'-- Up-to-date: /home/tiffany/fyp_ws/install/formation_msgs/include/formation_msgs/formation_msgs/msg/formation_goal.h\n'}
[0.523873] (formation_msgs) StdoutLine: {'line': b'-- Up-to-date: /home/tiffany/fyp_ws/install/formation_msgs/include/formation_msgs/formation_msgs/msg/plan_status.h\n'}
[0.523944] (formation_msgs) StdoutLine: {'line': b'-- Up-to-date: /home/tiffany/fyp_ws/install/formation_msgs/include/formation_msgs/formation_msgs/msg/rosidl_generator_c__visibility_control.h\n'}
[0.524016] (formation_msgs) StdoutLine: {'line': b'-- Up-to-date: /home/tiffany/fyp_ws/install/formation_msgs/include/formation_msgs/formation_msgs/msg/detail\n'}
[0.524100] (formation_msgs) StdoutLine: {'line': b'-- Up-to-date: /home/tiffany/fyp_ws/install/formation_msgs/include/formation_msgs/formation_msgs/msg/detail/generated_transform__functions.h\n'}
[0.524190] (formation_msgs) StdoutLine: {'line': b'-- Up-to-date: /home/tiffany/fyp_ws/install/formation_msgs/include/formation_msgs/formation_msgs/msg/detail/plan_status__type_support.h\n'}
[0.524312] (formation_msgs) StdoutLine: {'line': b'-- Up-to-date: /home/tiffany/fyp_ws/install/formation_msgs/include/formation_msgs/formation_msgs/msg/detail/drone_state__functions.c\n'}
[0.524377] (formation_msgs) StdoutLine: {'line': b'-- Up-to-date: /home/tiffany/fyp_ws/install/formation_msgs/include/formation_msgs/formation_msgs/msg/detail/plan_status__functions.c\n'}
[0.524434] (formation_msgs) StdoutLine: {'line': b'-- Up-to-date: /home/tiffany/fyp_ws/install/formation_msgs/include/formation_msgs/formation_msgs/msg/detail/refinement_cmd__struct.h\n'}
[0.524491] (formation_msgs) StdoutLine: {'line': b'-- Up-to-date: /home/tiffany/fyp_ws/install/formation_msgs/include/formation_msgs/formation_msgs/msg/detail/drone_path__type_support.h\n'}
[0.524548] (formation_msgs) StdoutLine: {'line': b'-- Up-to-date: /home/tiffany/fyp_ws/install/formation_msgs/include/formation_msgs/formation_msgs/msg/detail/drone_path__functions.h\n'}
[0.524612] (formation_msgs) StdoutLine: {'line': b'-- Up-to-date: /home/tiffany/fyp_ws/install/formation_msgs/include/formation_msgs/formation_msgs/msg/detail/refinement_candidate__struct.h\n'}
[0.524749] (formation_msgs) StdoutLine: {'line': b'-- Up-to-date: /home/tiffany/fyp_ws/install/formation_msgs/include/formation_msgs/formation_msgs/msg/detail/generated_transform__struct.h\n'}
[0.524810] (formation_msgs) StdoutLine: {'line': b'-- Up-to-date: /home/tiffany/fyp_ws/install/formation_msgs/include/formation_msgs/formation_msgs/msg/detail/user_command__struct.h\n'}
[0.524868] (formation_msgs) StdoutLine: {'line': b'-- Up-to-date: /home/tiffany/fyp_ws/install/formation_msgs/include/formation_msgs/formation_msgs/msg/detail/drawn_shape__struct.h\n'}
[0.524925] (formation_msgs) StdoutLine: {'line': b'-- Up-to-date: /home/tiffany/fyp_ws/install/formation_msgs/include/formation_msgs/formation_msgs/msg/detail/system_state__struct.h\n'}
[0.524981] (formation_msgs) StdoutLine: {'line': b'-- Up-to-date: /home/tiffany/fyp_ws/install/formation_msgs/include/formation_msgs/formation_msgs/msg/detail/drawn_shape__functions.h\n'}
[0.525037] (formation_msgs) StdoutLine: {'line': b'-- Up-to-date: /home/tiffany/fyp_ws/install/formation_msgs/include/formation_msgs/formation_msgs/msg/detail/drone_path__functions.c\n'}
[0.525091] (formation_msgs) StdoutLine: {'line': b'-- Up-to-date: /home/tiffany/fyp_ws/install/formation_msgs/include/formation_msgs/formation_msgs/msg/detail/formation_goal__struct.h\n'}
[0.525171] (formation_msgs) StdoutLine: {'line': b'-- Up-to-date: /home/tiffany/fyp_ws/install/formation_msgs/include/formation_msgs/formation_msgs/msg/detail/drawn_shape__functions.c\n'}
[0.525296] (formation_msgs) StdoutLine: {'line': b'-- Up-to-date: /home/tiffany/fyp_ws/install/formation_msgs/include/formation_msgs/formation_msgs/msg/detail/drone_state__type_support.h\n'}
[0.525361] (formation_msgs) StdoutLine: {'line': b'-- Up-to-date: /home/tiffany/fyp_ws/install/formation_msgs/include/formation_msgs/formation_msgs/msg/detail/drone_state__functions.h\n'}
[0.525419] (formation_msgs) StdoutLine: {'line': b'-- Up-to-date: /home/tiffany/fyp_ws/install/formation_msgs/include/formation_msgs/formation_msgs/msg/detail/refinement_candidate__functions.c\n'}
[0.525475] (formation_msgs) StdoutLine: {'line': b'-- Up-to-date: /home/tiffany/fyp_ws/install/formation_msgs/include/formation_msgs/formation_msgs/msg/detail/drone_path__struct.h\n'}
[0.525530] (formation_msgs) StdoutLine: {'line': b'-- Up-to-date: /home/tiffany/fyp_ws/install/formation_msgs/include/formation_msgs/formation_msgs/msg/detail/refinement_cmd__functions.h\n'}
[0.525684] (formation_msgs) StdoutLine: {'line': b'-- Up-to-date: /home/tiffany/fyp_ws/install/formation_msgs/include/formation_msgs/formation_msgs/msg/detail/user_command__type_support.h\n'}
[0.525787] (formation_msgs) StdoutLine: {'line': b'-- Up-to-date: /home/tiffany/fyp_ws/install/formation_msgs/include/formation_msgs/formation_msgs/msg/detail/plan_status__struct.h\n'}
[0.525849] (formation_msgs) StdoutLine: {'line': b'-- Up-to-date: /home/tiffany/fyp_ws/install/formation_msgs/include/formation_msgs/formation_msgs/msg/detail/refinement_candidate__functions.h\n'}
[0.525935] (formation_msgs) StdoutLine: {'line': b'-- Up-to-date: /home/tiffany/fyp_ws/install/formation_msgs/include/formation_msgs/formation_msgs/msg/detail/system_state__functions.h\n'}
[0.526001] (formation_msgs) StdoutLine: {'line': b'-- Up-to-date: /home/tiffany/fyp_ws/install/formation_msgs/include/formation_msgs/formation_msgs/msg/detail/refinement_cmd__functions.c\n'}
[0.526067] (formation_msgs) StdoutLine: {'line': b'-- Up-to-date: /home/tiffany/fyp_ws/install/formation_msgs/include/formation_msgs/formation_msgs/msg/detail/user_command__functions.c\n'}
[0.526122] (formation_msgs) StdoutLine: {'line': b'-- Up-to-date: /home/tiffany/fyp_ws/install/formation_msgs/include/formation_msgs/formation_msgs/msg/detail/refinement_cmd__type_support.h\n'}
[0.526175] (formation_msgs) StdoutLine: {'line': b'-- Up-to-date: /home/tiffany/fyp_ws/install/formation_msgs/include/formation_msgs/formation_msgs/msg/detail/user_command__functions.h\n'}
[0.526332] (formation_msgs) StdoutLine: {'line': b'-- Up-to-date: /home/tiffany/fyp_ws/install/formation_msgs/include/formation_msgs/formation_msgs/msg/detail/drawn_shape__type_support.h\n'}
[0.526475] (formation_msgs) StdoutLine: {'line': b'-- Up-to-date: /home/tiffany/fyp_ws/install/formation_msgs/include/formation_msgs/formation_msgs/msg/detail/formation_goal__functions.h\n'}
[0.526559] (formation_msgs) StdoutLine: {'line': b'-- Up-to-date: /home/tiffany/fyp_ws/install/formation_msgs/include/formation_msgs/formation_msgs/msg/detail/refinement_candidate__type_support.h\n'}
[0.526677] (formation_msgs) StdoutLine: {'line': b'-- Up-to-date: /home/tiffany/fyp_ws/install/formation_msgs/include/formation_msgs/formation_msgs/msg/detail/system_state__functions.c\n'}
[0.526775] (formation_msgs) StdoutLine: {'line': b'-- Up-to-date: /home/tiffany/fyp_ws/install/formation_msgs/include/formation_msgs/formation_msgs/msg/detail/formation_goal__functions.c\n'}
[0.526831] (formation_msgs) StdoutLine: {'line': b'-- Up-to-date: /home/tiffany/fyp_ws/install/formation_msgs/include/formation_msgs/formation_msgs/msg/detail/generated_transform__functions.c\n'}
[0.526901] (formation_msgs) StdoutLine: {'line': b'-- Up-to-date: /home/tiffany/fyp_ws/install/formation_msgs/include/formation_msgs/formation_msgs/msg/detail/formation_goal__type_support.h\n'}
[0.526957] (formation_msgs) StdoutLine: {'line': b'-- Up-to-date: /home/tiffany/fyp_ws/install/formation_msgs/include/formation_msgs/formation_msgs/msg/detail/drone_state__struct.h\n'}
[0.527009] (formation_msgs) StdoutLine: {'line': b'-- Up-to-date: /home/tiffany/fyp_ws/install/formation_msgs/include/formation_msgs/formation_msgs/msg/detail/plan_status__functions.h\n'}
[0.527062] (formation_msgs) StdoutLine: {'line': b'-- Up-to-date: /home/tiffany/fyp_ws/install/formation_msgs/include/formation_msgs/formation_msgs/msg/detail/generated_transform__type_support.h\n'}
[0.527114] (formation_msgs) StdoutLine: {'line': b'-- Up-to-date: /home/tiffany/fyp_ws/install/formation_msgs/include/formation_msgs/formation_msgs/msg/detail/system_state__type_support.h\n'}
[0.527176] (formation_msgs) StdoutLine: {'line': b'-- Up-to-date: /home/tiffany/fyp_ws/install/formation_msgs/include/formation_msgs/formation_msgs/msg/refinement_cmd.h\n'}
[0.527226] (formation_msgs) StdoutLine: {'line': b'-- Up-to-date: /home/tiffany/fyp_ws/install/formation_msgs/include/formation_msgs/formation_msgs/msg/user_command.h\n'}
[0.527276] (formation_msgs) StdoutLine: {'line': b'-- Up-to-date: /home/tiffany/fyp_ws/install/formation_msgs/include/formation_msgs/formation_msgs/msg/drone_state.h\n'}
[0.527332] (formation_msgs) StdoutLine: {'line': b'-- Up-to-date: /home/tiffany/fyp_ws/install/formation_msgs/include/formation_msgs/formation_msgs/msg/refinement_candidate.h\n'}
[0.527381] (formation_msgs) StdoutLine: {'line': b'-- Up-to-date: /home/tiffany/fyp_ws/install/formation_msgs/share/formation_msgs/environment/library_path.sh\n'}
[0.527476] (formation_msgs) StdoutLine: {'line': b'-- Up-to-date: /home/tiffany/fyp_ws/install/formation_msgs/share/formation_msgs/environment/library_path.dsv\n'}
[0.527550] (formation_msgs) StdoutLine: {'line': b'-- Up-to-date: /home/tiffany/fyp_ws/install/formation_msgs/lib/libformation_msgs__rosidl_generator_c.so\n'}
[0.527727] (formation_msgs) StdoutLine: {'line': b'-- Up-to-date: /home/tiffany/fyp_ws/install/formation_msgs/include/formation_msgs/formation_msgs\n'}
[0.527854] (formation_msgs) StdoutLine: {'line': b'-- Up-to-date: /home/tiffany/fyp_ws/install/formation_msgs/include/formation_msgs/formation_msgs/msg\n'}
[0.527969] (formation_msgs) StdoutLine: {'line': b'-- Up-to-date: /home/tiffany/fyp_ws/install/formation_msgs/include/formation_msgs/formation_msgs/msg/rosidl_typesupport_fastrtps_c__visibility_control.h\n'}
[0.528034] (formation_msgs) StdoutLine: {'line': b'-- Up-to-date: /home/tiffany/fyp_ws/install/formation_msgs/include/formation_msgs/formation_msgs/msg/detail\n'}
[0.528094] (formation_msgs) StdoutLine: {'line': b'-- Up-to-date: /home/tiffany/fyp_ws/install/formation_msgs/include/formation_msgs/formation_msgs/msg/detail/drone_path__rosidl_typesupport_fastrtps_c.h\n'}
[0.528152] (formation_msgs) StdoutLine: {'line': b'-- Up-to-date: /home/tiffany/fyp_ws/install/formation_msgs/include/formation_msgs/formation_msgs/msg/detail/formation_goal__rosidl_typesupport_fastrtps_c.h\n'}
[0.528232] (formation_msgs) StdoutLine: {'line': b'-- Up-to-date: /home/tiffany/fyp_ws/install/formation_msgs/include/formation_msgs/formation_msgs/msg/detail/system_state__rosidl_typesupport_fastrtps_c.h\n'}
[0.528344] (formation_msgs) StdoutLine: {'line': b'-- Up-to-date: /home/tiffany/fyp_ws/install/formation_msgs/include/formation_msgs/formation_msgs/msg/detail/generated_transform__rosidl_typesupport_fastrtps_c.h\n'}
[0.528401] (formation_msgs) StdoutLine: {'line': b'-- Up-to-date: /home/tiffany/fyp_ws/install/formation_msgs/include/formation_msgs/formation_msgs/msg/detail/user_command__rosidl_typesupport_fastrtps_c.h\n'}
[0.528466] (formation_msgs) StdoutLine: {'line': b'-- Up-to-date: /home/tiffany/fyp_ws/install/formation_msgs/include/formation_msgs/formation_msgs/msg/detail/drone_state__rosidl_typesupport_fastrtps_c.h\n'}
[0.528516] (formation_msgs) StdoutLine: {'line': b'-- Up-to-date: /home/tiffany/fyp_ws/install/formation_msgs/include/formation_msgs/formation_msgs/msg/detail/drawn_shape__rosidl_typesupport_fastrtps_c.h\n'}
[0.528566] (formation_msgs) StdoutLine: {'line': b'-- Up-to-date: /home/tiffany/fyp_ws/install/formation_msgs/include/formation_msgs/formation_msgs/msg/detail/plan_status__rosidl_typesupport_fastrtps_c.h\n'}
[0.528625] (formation_msgs) StdoutLine: {'line': b'-- Up-to-date: /home/tiffany/fyp_ws/install/formation_msgs/include/formation_msgs/formation_msgs/msg/detail/refinement_candidate__rosidl_typesupport_fastrtps_c.h\n'}
[0.528714] (formation_msgs) StdoutLine: {'line': b'-- Up-to-date: /home/tiffany/fyp_ws/install/formation_msgs/include/formation_msgs/formation_msgs/msg/detail/refinement_cmd__rosidl_typesupport_fastrtps_c.h\n'}
[0.529323] (formation_msgs) StdoutLine: {'line': b'-- Up-to-date: /home/tiffany/fyp_ws/install/formation_msgs/lib/libformation_msgs__rosidl_typesupport_fastrtps_c.so\n'}
[0.529635] (formation_msgs) StdoutLine: {'line': b'-- Up-to-date: /home/tiffany/fyp_ws/install/formation_msgs/include/formation_msgs/formation_msgs\n'}
[0.529766] (formation_msgs) StdoutLine: {'line': b'-- Up-to-date: /home/tiffany/fyp_ws/install/formation_msgs/include/formation_msgs/formation_msgs/msg\n'}
[0.529851] (formation_msgs) StdoutLine: {'line': b'-- Up-to-date: /home/tiffany/fyp_ws/install/formation_msgs/include/formation_msgs/formation_msgs/msg/rosidl_typesupport_introspection_c__visibility_control.h\n'}
[0.529915] (formation_msgs) StdoutLine: {'line': b'-- Up-to-date: /home/tiffany/fyp_ws/install/formation_msgs/include/formation_msgs/formation_msgs/msg/detail\n'}
[0.530007] (formation_msgs) StdoutLine: {'line': b'-- Up-to-date: /home/tiffany/fyp_ws/install/formation_msgs/include/formation_msgs/formation_msgs/msg/detail/drone_state__type_support.c\n'}
[0.530081] (formation_msgs) StdoutLine: {'line': b'-- Up-to-date: /home/tiffany/fyp_ws/install/formation_msgs/include/formation_msgs/formation_msgs/msg/detail/generated_transform__rosidl_typesupport_introspection_c.h\n'}
[0.530145] (formation_msgs) StdoutLine: {'line': b'-- Up-to-date: /home/tiffany/fyp_ws/install/formation_msgs/include/formation_msgs/formation_msgs/msg/detail/formation_goal__rosidl_typesupport_introspection_c.h\n'}
[0.530207] (formation_msgs) StdoutLine: {'line': b'-- Up-to-date: /home/tiffany/fyp_ws/install/formation_msgs/include/formation_msgs/formation_msgs/msg/detail/plan_status__rosidl_typesupport_introspection_c.h\n'}
[0.530266] (formation_msgs) StdoutLine: {'line': b'-- Up-to-date: /home/tiffany/fyp_ws/install/formation_msgs/include/formation_msgs/formation_msgs/msg/detail/user_command__rosidl_typesupport_introspection_c.h\n'}
[0.530345] (formation_msgs) StdoutLine: {'line': b'-- Up-to-date: /home/tiffany/fyp_ws/install/formation_msgs/include/formation_msgs/formation_msgs/msg/detail/refinement_cmd__type_support.c\n'}
[0.530467] (formation_msgs) StdoutLine: {'line': b'-- Up-to-date: /home/tiffany/fyp_ws/install/formation_msgs/include/formation_msgs/formation_msgs/msg/detail/drawn_shape__type_support.c\n'}
[0.530530] (formation_msgs) StdoutLine: {'line': b'-- Up-to-date: /home/tiffany/fyp_ws/install/formation_msgs/include/formation_msgs/formation_msgs/msg/detail/drone_path__rosidl_typesupport_introspection_c.h\n'}
[0.530587] (formation_msgs) StdoutLine: {'line': b'-- Up-to-date: /home/tiffany/fyp_ws/install/formation_msgs/include/formation_msgs/formation_msgs/msg/detail/drone_path__type_support.c\n'}
[0.530691] (formation_msgs) StdoutLine: {'line': b'-- Up-to-date: /home/tiffany/fyp_ws/install/formation_msgs/include/formation_msgs/formation_msgs/msg/detail/drone_state__rosidl_typesupport_introspection_c.h\n'}
[0.530748] (formation_msgs) StdoutLine: {'line': b'-- Up-to-date: /home/tiffany/fyp_ws/install/formation_msgs/include/formation_msgs/formation_msgs/msg/detail/user_command__type_support.c\n'}
[0.530812] (formation_msgs) StdoutLine: {'line': b'-- Up-to-date: /home/tiffany/fyp_ws/install/formation_msgs/include/formation_msgs/formation_msgs/msg/detail/plan_status__type_support.c\n'}
[0.530867] (formation_msgs) StdoutLine: {'line': b'-- Up-to-date: /home/tiffany/fyp_ws/install/formation_msgs/include/formation_msgs/formation_msgs/msg/detail/system_state__rosidl_typesupport_introspection_c.h\n'}
[0.530919] (formation_msgs) StdoutLine: {'line': b'-- Up-to-date: /home/tiffany/fyp_ws/install/formation_msgs/include/formation_msgs/formation_msgs/msg/detail/formation_goal__type_support.c\n'}
[0.530995] (formation_msgs) StdoutLine: {'line': b'-- Up-to-date: /home/tiffany/fyp_ws/install/formation_msgs/include/formation_msgs/formation_msgs/msg/detail/refinement_candidate__type_support.c\n'}
[0.531048] (formation_msgs) StdoutLine: {'line': b'-- Up-to-date: /home/tiffany/fyp_ws/install/formation_msgs/include/formation_msgs/formation_msgs/msg/detail/generated_transform__type_support.c\n'}
[0.531099] (formation_msgs) StdoutLine: {'line': b'-- Up-to-date: /home/tiffany/fyp_ws/install/formation_msgs/include/formation_msgs/formation_msgs/msg/detail/refinement_cmd__rosidl_typesupport_introspection_c.h\n'}
[0.531150] (formation_msgs) StdoutLine: {'line': b'-- Up-to-date: /home/tiffany/fyp_ws/install/formation_msgs/include/formation_msgs/formation_msgs/msg/detail/system_state__type_support.c\n'}
[0.531215] (formation_msgs) StdoutLine: {'line': b'-- Up-to-date: /home/tiffany/fyp_ws/install/formation_msgs/include/formation_msgs/formation_msgs/msg/detail/drawn_shape__rosidl_typesupport_introspection_c.h\n'}
[0.531276] (formation_msgs) StdoutLine: {'line': b'-- Up-to-date: /home/tiffany/fyp_ws/install/formation_msgs/include/formation_msgs/formation_msgs/msg/detail/refinement_candidate__rosidl_typesupport_introspection_c.h\n'}
[0.531445] (formation_msgs) StdoutLine: {'line': b'-- Up-to-date: /home/tiffany/fyp_ws/install/formation_msgs/lib/libformation_msgs__rosidl_typesupport_introspection_c.so\n'}
[0.532532] (formation_msgs) StdoutLine: {'line': b'-- Up-to-date: /home/tiffany/fyp_ws/install/formation_msgs/lib/libformation_msgs__rosidl_typesupport_c.so\n'}
[0.533037] (formation_msgs) StdoutLine: {'line': b'-- Up-to-date: /home/tiffany/fyp_ws/install/formation_msgs/include/formation_msgs/formation_msgs\n'}
[0.533208] (formation_msgs) StdoutLine: {'line': b'-- Up-to-date: /home/tiffany/fyp_ws/install/formation_msgs/include/formation_msgs/formation_msgs/msg\n'}
[0.533285] (formation_msgs) StdoutLine: {'line': b'-- Up-to-date: /home/tiffany/fyp_ws/install/formation_msgs/include/formation_msgs/formation_msgs/msg/user_command.hpp\n'}
[0.533351] (formation_msgs) StdoutLine: {'line': b'-- Up-to-date: /home/tiffany/fyp_ws/install/formation_msgs/include/formation_msgs/formation_msgs/msg/plan_status.hpp\n'}
[0.533498] (formation_msgs) StdoutLine: {'line': b'-- Up-to-date: /home/tiffany/fyp_ws/install/formation_msgs/include/formation_msgs/formation_msgs/msg/drone_path.hpp\n'}
[0.533646] (formation_msgs) StdoutLine: {'line': b'-- Up-to-date: /home/tiffany/fyp_ws/install/formation_msgs/include/formation_msgs/formation_msgs/msg/rosidl_generator_cpp__visibility_control.hpp\n'}
[0.533781] (formation_msgs) StdoutLine: {'line': b'-- Up-to-date: /home/tiffany/fyp_ws/install/formation_msgs/include/formation_msgs/formation_msgs/msg/formation_goal.hpp\n'}
[0.533860] (formation_msgs) StdoutLine: {'line': b'-- Up-to-date: /home/tiffany/fyp_ws/install/formation_msgs/include/formation_msgs/formation_msgs/msg/drone_state.hpp\n'}
[0.533934] (formation_msgs) StdoutLine: {'line': b'-- Up-to-date: /home/tiffany/fyp_ws/install/formation_msgs/include/formation_msgs/formation_msgs/msg/generated_transform.hpp\n'}
[0.534006] (formation_msgs) StdoutLine: {'line': b'-- Up-to-date: /home/tiffany/fyp_ws/install/formation_msgs/include/formation_msgs/formation_msgs/msg/refinement_candidate.hpp\n'}
[0.534077] (formation_msgs) StdoutLine: {'line': b'-- Up-to-date: /home/tiffany/fyp_ws/install/formation_msgs/include/formation_msgs/formation_msgs/msg/detail\n'}
[0.534149] (formation_msgs) StdoutLine: {'line': b'-- Up-to-date: /home/tiffany/fyp_ws/install/formation_msgs/include/formation_msgs/formation_msgs/msg/detail/generated_transform__traits.hpp\n'}
[0.534221] (formation_msgs) StdoutLine: {'line': b'-- Up-to-date: /home/tiffany/fyp_ws/install/formation_msgs/include/formation_msgs/formation_msgs/msg/detail/drone_path__struct.hpp\n'}
[0.534293] (formation_msgs) StdoutLine: {'line': b'-- Up-to-date: /home/tiffany/fyp_ws/install/formation_msgs/include/formation_msgs/formation_msgs/msg/detail/generated_transform__builder.hpp\n'}
[0.534363] (formation_msgs) StdoutLine: {'line': b'-- Up-to-date: /home/tiffany/fyp_ws/install/formation_msgs/include/formation_msgs/formation_msgs/msg/detail/drawn_shape__struct.hpp\n'}
[0.534424] (formation_msgs) StdoutLine: {'line': b'-- Up-to-date: /home/tiffany/fyp_ws/install/formation_msgs/include/formation_msgs/formation_msgs/msg/detail/refinement_candidate__struct.hpp\n'}
[0.534481] (formation_msgs) StdoutLine: {'line': b'-- Up-to-date: /home/tiffany/fyp_ws/install/formation_msgs/include/formation_msgs/formation_msgs/msg/detail/refinement_cmd__traits.hpp\n'}
[0.534537] (formation_msgs) StdoutLine: {'line': b'-- Up-to-date: /home/tiffany/fyp_ws/install/formation_msgs/include/formation_msgs/formation_msgs/msg/detail/user_command__builder.hpp\n'}
[0.534624] (formation_msgs) StdoutLine: {'line': b'-- Up-to-date: /home/tiffany/fyp_ws/install/formation_msgs/include/formation_msgs/formation_msgs/msg/detail/refinement_cmd__struct.hpp\n'}
[0.535466] (formation_msgs) StdoutLine: {'line': b'-- Up-to-date: /home/tiffany/fyp_ws/install/formation_msgs/include/formation_msgs/formation_msgs/msg/detail/refinement_candidate__traits.hpp\n'}
[0.535547] (formation_msgs) StdoutLine: {'line': b'-- Up-to-date: /home/tiffany/fyp_ws/install/formation_msgs/include/formation_msgs/formation_msgs/msg/detail/plan_status__builder.hpp\n'}
[0.535623] (formation_msgs) StdoutLine: {'line': b'-- Up-to-date: /home/tiffany/fyp_ws/install/formation_msgs/include/formation_msgs/formation_msgs/msg/detail/drone_path__traits.hpp\n'}
[0.535740] (formation_msgs) StdoutLine: {'line': b'-- Up-to-date: /home/tiffany/fyp_ws/install/formation_msgs/include/formation_msgs/formation_msgs/msg/detail/drone_state__type_support.hpp\n'}
[0.535808] (formation_msgs) StdoutLine: {'line': b'-- Up-to-date: /home/tiffany/fyp_ws/install/formation_msgs/include/formation_msgs/formation_msgs/msg/detail/formation_goal__traits.hpp\n'}
[0.535871] (formation_msgs) StdoutLine: {'line': b'-- Up-to-date: /home/tiffany/fyp_ws/install/formation_msgs/include/formation_msgs/formation_msgs/msg/detail/user_command__struct.hpp\n'}
[0.535931] (formation_msgs) StdoutLine: {'line': b'-- Up-to-date: /home/tiffany/fyp_ws/install/formation_msgs/include/formation_msgs/formation_msgs/msg/detail/formation_goal__builder.hpp\n'}
[0.535989] (formation_msgs) StdoutLine: {'line': b'-- Up-to-date: /home/tiffany/fyp_ws/install/formation_msgs/include/formation_msgs/formation_msgs/msg/detail/generated_transform__struct.hpp\n'}
[0.536048] (formation_msgs) StdoutLine: {'line': b'-- Up-to-date: /home/tiffany/fyp_ws/install/formation_msgs/include/formation_msgs/formation_msgs/msg/detail/refinement_candidate__type_support.hpp\n'}
[0.536178] (formation_msgs) StdoutLine: {'line': b'-- Up-to-date: /home/tiffany/fyp_ws/install/formation_msgs/include/formation_msgs/formation_msgs/msg/detail/drone_state__builder.hpp\n'}
[0.536234] (formation_msgs) StdoutLine: {'line': b'-- Up-to-date: /home/tiffany/fyp_ws/install/formation_msgs/include/formation_msgs/formation_msgs/msg/detail/user_command__type_support.hpp\n'}
[0.536301] (formation_msgs) StdoutLine: {'line': b'-- Up-to-date: /home/tiffany/fyp_ws/install/formation_msgs/include/formation_msgs/formation_msgs/msg/detail/system_state__struct.hpp\n'}
[0.536364] (formation_msgs) StdoutLine: {'line': b'-- Up-to-date: /home/tiffany/fyp_ws/install/formation_msgs/include/formation_msgs/formation_msgs/msg/detail/formation_goal__type_support.hpp\n'}
[0.536420] (formation_msgs) StdoutLine: {'line': b'-- Up-to-date: /home/tiffany/fyp_ws/install/formation_msgs/include/formation_msgs/formation_msgs/msg/detail/system_state__traits.hpp\n'}
[0.536470] (formation_msgs) StdoutLine: {'line': b'-- Up-to-date: /home/tiffany/fyp_ws/install/formation_msgs/include/formation_msgs/formation_msgs/msg/detail/formation_goal__struct.hpp\n'}
[0.536520] (formation_msgs) StdoutLine: {'line': b'-- Up-to-date: /home/tiffany/fyp_ws/install/formation_msgs/include/formation_msgs/formation_msgs/msg/detail/plan_status__type_support.hpp\n'}
[0.536581] (formation_msgs) StdoutLine: {'line': b'-- Up-to-date: /home/tiffany/fyp_ws/install/formation_msgs/include/formation_msgs/formation_msgs/msg/detail/drawn_shape__type_support.hpp\n'}
[0.536688] (formation_msgs) StdoutLine: {'line': b'-- Up-to-date: /home/tiffany/fyp_ws/install/formation_msgs/include/formation_msgs/formation_msgs/msg/detail/user_command__traits.hpp\n'}
[0.536744] (formation_msgs) StdoutLine: {'line': b'-- Up-to-date: /home/tiffany/fyp_ws/install/formation_msgs/include/formation_msgs/formation_msgs/msg/detail/refinement_cmd__builder.hpp\n'}
[0.536794] (formation_msgs) StdoutLine: {'line': b'-- Up-to-date: /home/tiffany/fyp_ws/install/formation_msgs/include/formation_msgs/formation_msgs/msg/detail/drone_path__type_support.hpp\n'}
[0.536843] (formation_msgs) StdoutLine: {'line': b'-- Up-to-date: /home/tiffany/fyp_ws/install/formation_msgs/include/formation_msgs/formation_msgs/msg/detail/drone_state__struct.hpp\n'}
[0.536892] (formation_msgs) StdoutLine: {'line': b'-- Up-to-date: /home/tiffany/fyp_ws/install/formation_msgs/include/formation_msgs/formation_msgs/msg/detail/refinement_cmd__type_support.hpp\n'}
[0.536955] (formation_msgs) StdoutLine: {'line': b'-- Up-to-date: /home/tiffany/fyp_ws/install/formation_msgs/include/formation_msgs/formation_msgs/msg/detail/refinement_candidate__builder.hpp\n'}
[0.537012] (formation_msgs) StdoutLine: {'line': b'-- Up-to-date: /home/tiffany/fyp_ws/install/formation_msgs/include/formation_msgs/formation_msgs/msg/detail/system_state__builder.hpp\n'}
[0.537069] (formation_msgs) StdoutLine: {'line': b'-- Up-to-date: /home/tiffany/fyp_ws/install/formation_msgs/include/formation_msgs/formation_msgs/msg/detail/plan_status__traits.hpp\n'}
[0.537125] (formation_msgs) StdoutLine: {'line': b'-- Up-to-date: /home/tiffany/fyp_ws/install/formation_msgs/include/formation_msgs/formation_msgs/msg/detail/drawn_shape__builder.hpp\n'}
[0.537188] (formation_msgs) StdoutLine: {'line': b'-- Up-to-date: /home/tiffany/fyp_ws/install/formation_msgs/include/formation_msgs/formation_msgs/msg/detail/drone_path__builder.hpp\n'}
[0.537249] (formation_msgs) StdoutLine: {'line': b'-- Up-to-date: /home/tiffany/fyp_ws/install/formation_msgs/include/formation_msgs/formation_msgs/msg/detail/plan_status__struct.hpp\n'}
[0.537306] (formation_msgs) StdoutLine: {'line': b'-- Up-to-date: /home/tiffany/fyp_ws/install/formation_msgs/include/formation_msgs/formation_msgs/msg/detail/generated_transform__type_support.hpp\n'}
[0.537377] (formation_msgs) StdoutLine: {'line': b'-- Up-to-date: /home/tiffany/fyp_ws/install/formation_msgs/include/formation_msgs/formation_msgs/msg/detail/system_state__type_support.hpp\n'}
[0.537434] (formation_msgs) StdoutLine: {'line': b'-- Up-to-date: /home/tiffany/fyp_ws/install/formation_msgs/include/formation_msgs/formation_msgs/msg/detail/drone_state__traits.hpp\n'}
[0.537542] (formation_msgs) StdoutLine: {'line': b'-- Up-to-date: /home/tiffany/fyp_ws/install/formation_msgs/include/formation_msgs/formation_msgs/msg/detail/drawn_shape__traits.hpp\n'}
[0.537640] (formation_msgs) StdoutLine: {'line': b'-- Up-to-date: /home/tiffany/fyp_ws/install/formation_msgs/include/formation_msgs/formation_msgs/msg/system_state.hpp\n'}
[0.537749] (formation_msgs) StdoutLine: {'line': b'-- Up-to-date: /home/tiffany/fyp_ws/install/formation_msgs/include/formation_msgs/formation_msgs/msg/drawn_shape.hpp\n'}
[0.537811] (formation_msgs) StdoutLine: {'line': b'-- Up-to-date: /home/tiffany/fyp_ws/install/formation_msgs/include/formation_msgs/formation_msgs/msg/refinement_cmd.hpp\n'}
[0.537869] (formation_msgs) StdoutLine: {'line': b'-- Up-to-date: /home/tiffany/fyp_ws/install/formation_msgs/include/formation_msgs/formation_msgs\n'}
[0.537927] (formation_msgs) StdoutLine: {'line': b'-- Up-to-date: /home/tiffany/fyp_ws/install/formation_msgs/include/formation_msgs/formation_msgs/msg\n'}
[0.537983] (formation_msgs) StdoutLine: {'line': b'-- Up-to-date: /home/tiffany/fyp_ws/install/formation_msgs/include/formation_msgs/formation_msgs/msg/detail\n'}
[0.538040] (formation_msgs) StdoutLine: {'line': b'-- Up-to-date: /home/tiffany/fyp_ws/install/formation_msgs/include/formation_msgs/formation_msgs/msg/detail/dds_fastrtps\n'}
[0.538096] (formation_msgs) StdoutLine: {'line': b'-- Up-to-date: /home/tiffany/fyp_ws/install/formation_msgs/include/formation_msgs/formation_msgs/msg/detail/refinement_cmd__rosidl_typesupport_fastrtps_cpp.hpp\n'}
[0.538152] (formation_msgs) StdoutLine: {'line': b'-- Up-to-date: /home/tiffany/fyp_ws/install/formation_msgs/include/formation_msgs/formation_msgs/msg/detail/user_command__rosidl_typesupport_fastrtps_cpp.hpp\n'}
[0.538207] (formation_msgs) StdoutLine: {'line': b'-- Up-to-date: /home/tiffany/fyp_ws/install/formation_msgs/include/formation_msgs/formation_msgs/msg/detail/formation_goal__rosidl_typesupport_fastrtps_cpp.hpp\n'}
[0.538262] (formation_msgs) StdoutLine: {'line': b'-- Up-to-date: /home/tiffany/fyp_ws/install/formation_msgs/include/formation_msgs/formation_msgs/msg/detail/generated_transform__rosidl_typesupport_fastrtps_cpp.hpp\n'}
[0.538317] (formation_msgs) StdoutLine: {'line': b'-- Up-to-date: /home/tiffany/fyp_ws/install/formation_msgs/include/formation_msgs/formation_msgs/msg/detail/system_state__rosidl_typesupport_fastrtps_cpp.hpp\n'}
[0.538394] (formation_msgs) StdoutLine: {'line': b'-- Up-to-date: /home/tiffany/fyp_ws/install/formation_msgs/include/formation_msgs/formation_msgs/msg/detail/refinement_candidate__rosidl_typesupport_fastrtps_cpp.hpp\n'}
[0.538464] (formation_msgs) StdoutLine: {'line': b'-- Up-to-date: /home/tiffany/fyp_ws/install/formation_msgs/include/formation_msgs/formation_msgs/msg/detail/drone_path__rosidl_typesupport_fastrtps_cpp.hpp\n'}
[0.538520] (formation_msgs) StdoutLine: {'line': b'-- Up-to-date: /home/tiffany/fyp_ws/install/formation_msgs/include/formation_msgs/formation_msgs/msg/detail/plan_status__rosidl_typesupport_fastrtps_cpp.hpp\n'}
[0.538627] (formation_msgs) StdoutLine: {'line': b'-- Up-to-date: /home/tiffany/fyp_ws/install/formation_msgs/include/formation_msgs/formation_msgs/msg/detail/drawn_shape__rosidl_typesupport_fastrtps_cpp.hpp\n'}
[0.538707] (formation_msgs) StdoutLine: {'line': b'-- Up-to-date: /home/tiffany/fyp_ws/install/formation_msgs/include/formation_msgs/formation_msgs/msg/detail/drone_state__rosidl_typesupport_fastrtps_cpp.hpp\n'}
[0.538759] (formation_msgs) StdoutLine: {'line': b'-- Up-to-date: /home/tiffany/fyp_ws/install/formation_msgs/include/formation_msgs/formation_msgs/msg/rosidl_typesupport_fastrtps_cpp__visibility_control.h\n'}
[0.538809] (formation_msgs) StdoutLine: {'line': b'-- Up-to-date: /home/tiffany/fyp_ws/install/formation_msgs/lib/libformation_msgs__rosidl_typesupport_fastrtps_cpp.so\n'}
[0.538867] (formation_msgs) StdoutLine: {'line': b'-- Up-to-date: /home/tiffany/fyp_ws/install/formation_msgs/include/formation_msgs/formation_msgs\n'}
[0.538923] (formation_msgs) StdoutLine: {'line': b'-- Up-to-date: /home/tiffany/fyp_ws/install/formation_msgs/include/formation_msgs/formation_msgs/msg\n'}
[0.538972] (formation_msgs) StdoutLine: {'line': b'-- Up-to-date: /home/tiffany/fyp_ws/install/formation_msgs/include/formation_msgs/formation_msgs/msg/detail\n'}
[0.539021] (formation_msgs) StdoutLine: {'line': b'-- Up-to-date: /home/tiffany/fyp_ws/install/formation_msgs/include/formation_msgs/formation_msgs/msg/detail/plan_status__type_support.cpp\n'}
[0.539070] (formation_msgs) StdoutLine: {'line': b'-- Up-to-date: /home/tiffany/fyp_ws/install/formation_msgs/include/formation_msgs/formation_msgs/msg/detail/drone_state__rosidl_typesupport_introspection_cpp.hpp\n'}
[0.539120] (formation_msgs) StdoutLine: {'line': b'-- Up-to-date: /home/tiffany/fyp_ws/install/formation_msgs/include/formation_msgs/formation_msgs/msg/detail/user_command__type_support.cpp\n'}
[0.539186] (formation_msgs) StdoutLine: {'line': b'-- Up-to-date: /home/tiffany/fyp_ws/install/formation_msgs/include/formation_msgs/formation_msgs/msg/detail/generated_transform__rosidl_typesupport_introspection_cpp.hpp\n'}
[0.539237] (formation_msgs) StdoutLine: {'line': b'-- Up-to-date: /home/tiffany/fyp_ws/install/formation_msgs/include/formation_msgs/formation_msgs/msg/detail/refinement_cmd__rosidl_typesupport_introspection_cpp.hpp\n'}
[0.539291] (formation_msgs) StdoutLine: {'line': b'-- Up-to-date: /home/tiffany/fyp_ws/install/formation_msgs/include/formation_msgs/formation_msgs/msg/detail/drawn_shape__rosidl_typesupport_introspection_cpp.hpp\n'}
[0.539342] (formation_msgs) StdoutLine: {'line': b'-- Up-to-date: /home/tiffany/fyp_ws/install/formation_msgs/include/formation_msgs/formation_msgs/msg/detail/refinement_cmd__type_support.cpp\n'}
[0.539390] (formation_msgs) StdoutLine: {'line': b'-- Up-to-date: /home/tiffany/fyp_ws/install/formation_msgs/include/formation_msgs/formation_msgs/msg/detail/drawn_shape__type_support.cpp\n'}
[0.539439] (formation_msgs) StdoutLine: {'line': b'-- Up-to-date: /home/tiffany/fyp_ws/install/formation_msgs/include/formation_msgs/formation_msgs/msg/detail/plan_status__rosidl_typesupport_introspection_cpp.hpp\n'}
[0.539505] (formation_msgs) StdoutLine: {'line': b'-- Up-to-date: /home/tiffany/fyp_ws/install/formation_msgs/include/formation_msgs/formation_msgs/msg/detail/user_command__rosidl_typesupport_introspection_cpp.hpp\n'}
[0.539560] (formation_msgs) StdoutLine: {'line': b'-- Up-to-date: /home/tiffany/fyp_ws/install/formation_msgs/include/formation_msgs/formation_msgs/msg/detail/formation_goal__type_support.cpp\n'}
[0.539638] (formation_msgs) StdoutLine: {'line': b'-- Up-to-date: /home/tiffany/fyp_ws/install/formation_msgs/include/formation_msgs/formation_msgs/msg/detail/system_state__type_support.cpp\n'}
[0.539715] (formation_msgs) StdoutLine: {'line': b'-- Up-to-date: /home/tiffany/fyp_ws/install/formation_msgs/include/formation_msgs/formation_msgs/msg/detail/drone_state__type_support.cpp\n'}
[0.539774] (formation_msgs) StdoutLine: {'line': b'-- Up-to-date: /home/tiffany/fyp_ws/install/formation_msgs/include/formation_msgs/formation_msgs/msg/detail/drone_path__type_support.cpp\n'}
[0.539823] (formation_msgs) StdoutLine: {'line': b'-- Up-to-date: /home/tiffany/fyp_ws/install/formation_msgs/include/formation_msgs/formation_msgs/msg/detail/refinement_candidate__type_support.cpp\n'}
[0.539872] (formation_msgs) StdoutLine: {'line': b'-- Up-to-date: /home/tiffany/fyp_ws/install/formation_msgs/include/formation_msgs/formation_msgs/msg/detail/formation_goal__rosidl_typesupport_introspection_cpp.hpp\n'}
[0.539925] (formation_msgs) StdoutLine: {'line': b'-- Up-to-date: /home/tiffany/fyp_ws/install/formation_msgs/include/formation_msgs/formation_msgs/msg/detail/generated_transform__type_support.cpp\n'}
[0.539983] (formation_msgs) StdoutLine: {'line': b'-- Up-to-date: /home/tiffany/fyp_ws/install/formation_msgs/include/formation_msgs/formation_msgs/msg/detail/refinement_candidate__rosidl_typesupport_introspection_cpp.hpp\n'}
[0.540032] (formation_msgs) StdoutLine: {'line': b'-- Up-to-date: /home/tiffany/fyp_ws/install/formation_msgs/include/formation_msgs/formation_msgs/msg/detail/system_state__rosidl_typesupport_introspection_cpp.hpp\n'}
[0.540080] (formation_msgs) StdoutLine: {'line': b'-- Up-to-date: /home/tiffany/fyp_ws/install/formation_msgs/include/formation_msgs/formation_msgs/msg/detail/drone_path__rosidl_typesupport_introspection_cpp.hpp\n'}
[0.540128] (formation_msgs) StdoutLine: {'line': b'-- Up-to-date: /home/tiffany/fyp_ws/install/formation_msgs/lib/libformation_msgs__rosidl_typesupport_introspection_cpp.so\n'}
[0.540266] (formation_msgs) StdoutLine: {'line': b'-- Up-to-date: /home/tiffany/fyp_ws/install/formation_msgs/lib/libformation_msgs__rosidl_typesupport_cpp.so\n'}
[0.540634] (formation_msgs) StdoutLine: {'line': b'-- Up-to-date: /home/tiffany/fyp_ws/install/formation_msgs/share/formation_msgs/environment/pythonpath.sh\n'}
[0.540834] (formation_msgs) StdoutLine: {'line': b'-- Up-to-date: /home/tiffany/fyp_ws/install/formation_msgs/share/formation_msgs/environment/pythonpath.dsv\n'}
[0.541388] (formation_msgs) StdoutLine: {'line': b'-- Up-to-date: /home/tiffany/fyp_ws/install/formation_msgs/local/lib/python3.10/dist-packages/formation_msgs-0.0.0-py3.10.egg-info\n'}
[0.541569] (formation_msgs) StdoutLine: {'line': b'-- Installing: /home/tiffany/fyp_ws/install/formation_msgs/local/lib/python3.10/dist-packages/formation_msgs-0.0.0-py3.10.egg-info/SOURCES.txt\n'}
[0.541882] (formation_msgs) StdoutLine: {'line': b'-- Installing: /home/tiffany/fyp_ws/install/formation_msgs/local/lib/python3.10/dist-packages/formation_msgs-0.0.0-py3.10.egg-info/top_level.txt\n'}
[0.542115] (formation_msgs) StdoutLine: {'line': b'-- Installing: /home/tiffany/fyp_ws/install/formation_msgs/local/lib/python3.10/dist-packages/formation_msgs-0.0.0-py3.10.egg-info/dependency_links.txt\n'}
[0.542342] (formation_msgs) StdoutLine: {'line': b'-- Installing: /home/tiffany/fyp_ws/install/formation_msgs/local/lib/python3.10/dist-packages/formation_msgs-0.0.0-py3.10.egg-info/PKG-INFO\n'}
[0.542622] (formation_msgs) StdoutLine: {'line': b'-- Up-to-date: /home/tiffany/fyp_ws/install/formation_msgs/local/lib/python3.10/dist-packages/formation_msgs\n'}
[0.542818] (formation_msgs) StdoutLine: {'line': b'-- Up-to-date: /home/tiffany/fyp_ws/install/formation_msgs/local/lib/python3.10/dist-packages/formation_msgs/__init__.py\n'}
[0.542916] (formation_msgs) StdoutLine: {'line': b'-- Up-to-date: /home/tiffany/fyp_ws/install/formation_msgs/local/lib/python3.10/dist-packages/formation_msgs/formation_msgs_s__rosidl_typesupport_introspection_c.cpython-310-x86_64-linux-gnu.so\n'}
[0.543023] (formation_msgs) StdoutLine: {'line': b'-- Up-to-date: /home/tiffany/fyp_ws/install/formation_msgs/local/lib/python3.10/dist-packages/formation_msgs/libformation_msgs__rosidl_generator_py.so\n'}
[0.543104] (formation_msgs) StdoutLine: {'line': b'-- Up-to-date: /home/tiffany/fyp_ws/install/formation_msgs/local/lib/python3.10/dist-packages/formation_msgs/formation_msgs_s__rosidl_typesupport_fastrtps_c.cpython-310-x86_64-linux-gnu.so\n'}
[0.543168] (formation_msgs) StdoutLine: {'line': b'-- Up-to-date: /home/tiffany/fyp_ws/install/formation_msgs/local/lib/python3.10/dist-packages/formation_msgs/_formation_msgs_s.ep.rosidl_typesupport_introspection_c.c\n'}
[0.543228] (formation_msgs) StdoutLine: {'line': b'-- Up-to-date: /home/tiffany/fyp_ws/install/formation_msgs/local/lib/python3.10/dist-packages/formation_msgs/_formation_msgs_s.ep.rosidl_typesupport_fastrtps_c.c\n'}
[0.543289] (formation_msgs) StdoutLine: {'line': b'-- Up-to-date: /home/tiffany/fyp_ws/install/formation_msgs/local/lib/python3.10/dist-packages/formation_msgs/msg\n'}
[0.543396] (formation_msgs) StdoutLine: {'line': b'-- Up-to-date: /home/tiffany/fyp_ws/install/formation_msgs/local/lib/python3.10/dist-packages/formation_msgs/msg/__init__.py\n'}
[0.543464] (formation_msgs) StdoutLine: {'line': b'-- Up-to-date: /home/tiffany/fyp_ws/install/formation_msgs/local/lib/python3.10/dist-packages/formation_msgs/msg/_drone_path.py\n'}
[0.543525] (formation_msgs) StdoutLine: {'line': b'-- Up-to-date: /home/tiffany/fyp_ws/install/formation_msgs/local/lib/python3.10/dist-packages/formation_msgs/msg/_refinement_candidate.py\n'}
[0.543586] (formation_msgs) StdoutLine: {'line': b'-- Up-to-date: /home/tiffany/fyp_ws/install/formation_msgs/local/lib/python3.10/dist-packages/formation_msgs/msg/_formation_goal.py\n'}
[0.543750] (formation_msgs) StdoutLine: {'line': b'-- Up-to-date: /home/tiffany/fyp_ws/install/formation_msgs/local/lib/python3.10/dist-packages/formation_msgs/msg/_plan_status.py\n'}
[0.543834] (formation_msgs) StdoutLine: {'line': b'-- Up-to-date: /home/tiffany/fyp_ws/install/formation_msgs/local/lib/python3.10/dist-packages/formation_msgs/msg/_generated_transform_s.c\n'}
[0.543894] (formation_msgs) StdoutLine: {'line': b'-- Up-to-date: /home/tiffany/fyp_ws/install/formation_msgs/local/lib/python3.10/dist-packages/formation_msgs/msg/_drone_state_s.c\n'}
[0.543952] (formation_msgs) StdoutLine: {'line': b'-- Up-to-date: /home/tiffany/fyp_ws/install/formation_msgs/local/lib/python3.10/dist-packages/formation_msgs/msg/_refinement_candidate_s.c\n'}
[0.544008] (formation_msgs) StdoutLine: {'line': b'-- Up-to-date: /home/tiffany/fyp_ws/install/formation_msgs/local/lib/python3.10/dist-packages/formation_msgs/msg/_drawn_shape.py\n'}
[0.544065] (formation_msgs) StdoutLine: {'line': b'-- Up-to-date: /home/tiffany/fyp_ws/install/formation_msgs/local/lib/python3.10/dist-packages/formation_msgs/msg/_formation_goal_s.c\n'}
[0.544124] (formation_msgs) StdoutLine: {'line': b'-- Up-to-date: /home/tiffany/fyp_ws/install/formation_msgs/local/lib/python3.10/dist-packages/formation_msgs/msg/_user_command_s.c\n'}
[0.544181] (formation_msgs) StdoutLine: {'line': b'-- Up-to-date: /home/tiffany/fyp_ws/install/formation_msgs/local/lib/python3.10/dist-packages/formation_msgs/msg/_drone_state.py\n'}
[0.544238] (formation_msgs) StdoutLine: {'line': b'-- Up-to-date: /home/tiffany/fyp_ws/install/formation_msgs/local/lib/python3.10/dist-packages/formation_msgs/msg/_drawn_shape_s.c\n'}
[0.544294] (formation_msgs) StdoutLine: {'line': b'-- Up-to-date: /home/tiffany/fyp_ws/install/formation_msgs/local/lib/python3.10/dist-packages/formation_msgs/msg/_user_command.py\n'}
[0.544391] (formation_msgs) StdoutLine: {'line': b'-- Up-to-date: /home/tiffany/fyp_ws/install/formation_msgs/local/lib/python3.10/dist-packages/formation_msgs/msg/_refinement_cmd.py\n'}
[0.544450] (formation_msgs) StdoutLine: {'line': b'-- Up-to-date: /home/tiffany/fyp_ws/install/formation_msgs/local/lib/python3.10/dist-packages/formation_msgs/msg/_plan_status_s.c\n'}
[0.544500] (formation_msgs) StdoutLine: {'line': b'-- Up-to-date: /home/tiffany/fyp_ws/install/formation_msgs/local/lib/python3.10/dist-packages/formation_msgs/msg/_refinement_cmd_s.c\n'}
[0.544549] (formation_msgs) StdoutLine: {'line': b'-- Up-to-date: /home/tiffany/fyp_ws/install/formation_msgs/local/lib/python3.10/dist-packages/formation_msgs/msg/_system_state.py\n'}
[0.544606] (formation_msgs) StdoutLine: {'line': b'-- Up-to-date: /home/tiffany/fyp_ws/install/formation_msgs/local/lib/python3.10/dist-packages/formation_msgs/msg/_generated_transform.py\n'}
[0.544676] (formation_msgs) StdoutLine: {'line': b'-- Up-to-date: /home/tiffany/fyp_ws/install/formation_msgs/local/lib/python3.10/dist-packages/formation_msgs/msg/_system_state_s.c\n'}
[0.544727] (formation_msgs) StdoutLine: {'line': b'-- Up-to-date: /home/tiffany/fyp_ws/install/formation_msgs/local/lib/python3.10/dist-packages/formation_msgs/msg/_drone_path_s.c\n'}
[0.544782] (formation_msgs) StdoutLine: {'line': b'-- Up-to-date: /home/tiffany/fyp_ws/install/formation_msgs/local/lib/python3.10/dist-packages/formation_msgs/formation_msgs_s__rosidl_typesupport_c.cpython-310-x86_64-linux-gnu.so\n'}
[0.544843] (formation_msgs) StdoutLine: {'line': b'-- Up-to-date: /home/tiffany/fyp_ws/install/formation_msgs/local/lib/python3.10/dist-packages/formation_msgs/_formation_msgs_s.ep.rosidl_typesupport_c.c\n'}
[0.581856] (formation_msgs) StdoutLine: {'line': b"Listing '/home/tiffany/fyp_ws/install/formation_msgs/local/lib/python3.10/dist-packages/formation_msgs'...\n"}
[0.582015] (formation_msgs) StdoutLine: {'line': b"Listing '/home/tiffany/fyp_ws/install/formation_msgs/local/lib/python3.10/dist-packages/formation_msgs/msg'...\n"}
[0.586169] (formation_msgs) StdoutLine: {'line': b'-- Up-to-date: /home/tiffany/fyp_ws/install/formation_msgs/local/lib/python3.10/dist-packages/formation_msgs/formation_msgs_s__rosidl_typesupport_fastrtps_c.cpython-310-x86_64-linux-gnu.so\n'}
[0.586916] (formation_msgs) StdoutLine: {'line': b'-- Up-to-date: /home/tiffany/fyp_ws/install/formation_msgs/local/lib/python3.10/dist-packages/formation_msgs/formation_msgs_s__rosidl_typesupport_introspection_c.cpython-310-x86_64-linux-gnu.so\n'}
[0.587624] (formation_msgs) StdoutLine: {'line': b'-- Up-to-date: /home/tiffany/fyp_ws/install/formation_msgs/local/lib/python3.10/dist-packages/formation_msgs/formation_msgs_s__rosidl_typesupport_c.cpython-310-x86_64-linux-gnu.so\n'}
[0.588618] (formation_msgs) StdoutLine: {'line': b'-- Up-to-date: /home/tiffany/fyp_ws/install/formation_msgs/lib/libformation_msgs__rosidl_generator_py.so\n'}
[0.589022] (formation_msgs) StdoutLine: {'line': b'-- Up-to-date: /home/tiffany/fyp_ws/install/formation_msgs/share/ament_index/resource_index/rust_packages/formation_msgs\n'}
[0.589181] (formation_msgs) StdoutLine: {'line': b'-- Up-to-date: /home/tiffany/fyp_ws/install/formation_msgs/share/formation_msgs/rust\n'}
[0.589302] (formation_msgs) StdoutLine: {'line': b'-- Up-to-date: /home/tiffany/fyp_ws/install/formation_msgs/share/formation_msgs/rust/build.rs\n'}
[0.589460] (formation_msgs) StdoutLine: {'line': b'-- Up-to-date: /home/tiffany/fyp_ws/install/formation_msgs/share/formation_msgs/rust/Cargo.toml\n'}
[0.589518] (formation_msgs) StdoutLine: {'line': b'-- Up-to-date: /home/tiffany/fyp_ws/install/formation_msgs/share/formation_msgs/rust/src\n'}
[0.589652] (formation_msgs) StdoutLine: {'line': b'-- Up-to-date: /home/tiffany/fyp_ws/install/formation_msgs/share/formation_msgs/rust/src/lib.rs\n'}
[0.589806] (formation_msgs) StdoutLine: {'line': b'-- Up-to-date: /home/tiffany/fyp_ws/install/formation_msgs/share/formation_msgs/rust/src/msg.rs\n'}
[0.589865] (formation_msgs) StdoutLine: {'line': b'-- Up-to-date: /home/tiffany/fyp_ws/install/formation_msgs/share/formation_msgs/rust/src/msg\n'}
[0.589988] (formation_msgs) StdoutLine: {'line': b'-- Up-to-date: /home/tiffany/fyp_ws/install/formation_msgs/share/formation_msgs/rust/src/msg/rmw.rs\n'}
[0.590112] (formation_msgs) StdoutLine: {'line': b'-- Up-to-date: /home/tiffany/fyp_ws/install/formation_msgs/share/formation_msgs/msg/DrawnShape.idl\n'}
[0.590297] (formation_msgs) StdoutLine: {'line': b'-- Up-to-date: /home/tiffany/fyp_ws/install/formation_msgs/share/formation_msgs/msg/FormationGoal.idl\n'}
[0.590394] (formation_msgs) StdoutLine: {'line': b'-- Up-to-date: /home/tiffany/fyp_ws/install/formation_msgs/share/formation_msgs/msg/DronePath.idl\n'}
[0.590501] (formation_msgs) StdoutLine: {'line': b'-- Up-to-date: /home/tiffany/fyp_ws/install/formation_msgs/share/formation_msgs/msg/DroneState.idl\n'}
[0.590599] (formation_msgs) StdoutLine: {'line': b'-- Up-to-date: /home/tiffany/fyp_ws/install/formation_msgs/share/formation_msgs/msg/RefinementCmd.idl\n'}
[0.590730] (formation_msgs) StdoutLine: {'line': b'-- Up-to-date: /home/tiffany/fyp_ws/install/formation_msgs/share/formation_msgs/msg/RefinementCandidate.idl\n'}
[0.590806] (formation_msgs) StdoutLine: {'line': b'-- Up-to-date: /home/tiffany/fyp_ws/install/formation_msgs/share/formation_msgs/msg/GeneratedTransform.idl\n'}
[0.590901] (formation_msgs) StdoutLine: {'line': b'-- Up-to-date: /home/tiffany/fyp_ws/install/formation_msgs/share/formation_msgs/msg/PlanStatus.idl\n'}
[0.590964] (formation_msgs) StdoutLine: {'line': b'-- Up-to-date: /home/tiffany/fyp_ws/install/formation_msgs/share/formation_msgs/msg/SystemState.idl\n'}
[0.591062] (formation_msgs) StdoutLine: {'line': b'-- Up-to-date: /home/tiffany/fyp_ws/install/formation_msgs/share/formation_msgs/msg/UserCommand.idl\n'}
[0.591134] (formation_msgs) StdoutLine: {'line': b'-- Up-to-date: /home/tiffany/fyp_ws/install/formation_msgs/share/formation_msgs/msg/DrawnShape.msg\n'}
[0.591231] (formation_msgs) StdoutLine: {'line': b'-- Up-to-date: /home/tiffany/fyp_ws/install/formation_msgs/share/formation_msgs/msg/FormationGoal.msg\n'}
[0.591306] (formation_msgs) StdoutLine: {'line': b'-- Up-to-date: /home/tiffany/fyp_ws/install/formation_msgs/share/formation_msgs/msg/DronePath.msg\n'}
[0.591367] (formation_msgs) StdoutLine: {'line': b'-- Up-to-date: /home/tiffany/fyp_ws/install/formation_msgs/share/formation_msgs/msg/DroneState.msg\n'}
[0.591455] (formation_msgs) StdoutLine: {'line': b'-- Up-to-date: /home/tiffany/fyp_ws/install/formation_msgs/share/formation_msgs/msg/RefinementCmd.msg\n'}
[0.591512] (formation_msgs) StdoutLine: {'line': b'-- Up-to-date: /home/tiffany/fyp_ws/install/formation_msgs/share/formation_msgs/msg/RefinementCandidate.msg\n'}
[0.591611] (formation_msgs) StdoutLine: {'line': b'-- Up-to-date: /home/tiffany/fyp_ws/install/formation_msgs/share/formation_msgs/msg/GeneratedTransform.msg\n'}
[0.591712] (formation_msgs) StdoutLine: {'line': b'-- Up-to-date: /home/tiffany/fyp_ws/install/formation_msgs/share/formation_msgs/msg/PlanStatus.msg\n'}
[0.591766] (formation_msgs) StdoutLine: {'line': b'-- Up-to-date: /home/tiffany/fyp_ws/install/formation_msgs/share/formation_msgs/msg/SystemState.msg\n'}
[0.591846] (formation_msgs) StdoutLine: {'line': b'-- Up-to-date: /home/tiffany/fyp_ws/install/formation_msgs/share/formation_msgs/msg/UserCommand.msg\n'}
[0.592032] (formation_msgs) StdoutLine: {'line': b'-- Up-to-date: /home/tiffany/fyp_ws/install/formation_msgs/share/ament_index/resource_index/package_run_dependencies/formation_msgs\n'}
[0.592347] (formation_msgs) StdoutLine: {'line': b'-- Up-to-date: /home/tiffany/fyp_ws/install/formation_msgs/share/ament_index/resource_index/parent_prefix_path/formation_msgs\n'}
[0.592488] (formation_msgs) StdoutLine: {'line': b'-- Up-to-date: /home/tiffany/fyp_ws/install/formation_msgs/share/formation_msgs/environment/ament_prefix_path.sh\n'}
[0.592633] (formation_msgs) StdoutLine: {'line': b'-- Up-to-date: /home/tiffany/fyp_ws/install/formation_msgs/share/formation_msgs/environment/ament_prefix_path.dsv\n'}
[0.592731] (formation_msgs) StdoutLine: {'line': b'-- Up-to-date: /home/tiffany/fyp_ws/install/formation_msgs/share/formation_msgs/environment/path.sh\n'}
[0.592835] (formation_msgs) StdoutLine: {'line': b'-- Up-to-date: /home/tiffany/fyp_ws/install/formation_msgs/share/formation_msgs/environment/path.dsv\n'}
[0.592913] (formation_msgs) StdoutLine: {'line': b'-- Up-to-date: /home/tiffany/fyp_ws/install/formation_msgs/share/formation_msgs/local_setup.bash\n'}
[0.593016] (formation_msgs) StdoutLine: {'line': b'-- Up-to-date: /home/tiffany/fyp_ws/install/formation_msgs/share/formation_msgs/local_setup.sh\n'}
[0.593087] (formation_msgs) StdoutLine: {'line': b'-- Up-to-date: /home/tiffany/fyp_ws/install/formation_msgs/share/formation_msgs/local_setup.zsh\n'}
[0.593152] (formation_msgs) StdoutLine: {'line': b'-- Up-to-date: /home/tiffany/fyp_ws/install/formation_msgs/share/formation_msgs/local_setup.dsv\n'}
[0.593236] (formation_msgs) StdoutLine: {'line': b'-- Installing: /home/tiffany/fyp_ws/install/formation_msgs/share/formation_msgs/package.dsv\n'}
[0.593741] (formation_msgs) StdoutLine: {'line': b'-- Up-to-date: /home/tiffany/fyp_ws/install/formation_msgs/share/ament_index/resource_index/packages/formation_msgs\n'}
[0.594988] (formation_msgs) StdoutLine: {'line': b'-- Up-to-date: /home/tiffany/fyp_ws/install/formation_msgs/share/formation_msgs/cmake/export_formation_msgs__rosidl_generator_cExport.cmake\n'}
[0.595187] (formation_msgs) StdoutLine: {'line': b'-- Up-to-date: /home/tiffany/fyp_ws/install/formation_msgs/share/formation_msgs/cmake/export_formation_msgs__rosidl_generator_cExport-noconfig.cmake\n'}
[0.595666] (formation_msgs) StdoutLine: {'line': b'-- Up-to-date: /home/tiffany/fyp_ws/install/formation_msgs/share/formation_msgs/cmake/export_formation_msgs__rosidl_typesupport_fastrtps_cExport.cmake\n'}
[0.595887] (formation_msgs) StdoutLine: {'line': b'-- Up-to-date: /home/tiffany/fyp_ws/install/formation_msgs/share/formation_msgs/cmake/export_formation_msgs__rosidl_typesupport_fastrtps_cExport-noconfig.cmake\n'}
[0.596252] (formation_msgs) StdoutLine: {'line': b'-- Up-to-date: /home/tiffany/fyp_ws/install/formation_msgs/share/formation_msgs/cmake/formation_msgs__rosidl_typesupport_introspection_cExport.cmake\n'}
[0.596408] (formation_msgs) StdoutLine: {'line': b'-- Up-to-date: /home/tiffany/fyp_ws/install/formation_msgs/share/formation_msgs/cmake/formation_msgs__rosidl_typesupport_introspection_cExport-noconfig.cmake\n'}
[0.596867] (formation_msgs) StdoutLine: {'line': b'-- Up-to-date: /home/tiffany/fyp_ws/install/formation_msgs/share/formation_msgs/cmake/formation_msgs__rosidl_typesupport_cExport.cmake\n'}
[0.597067] (formation_msgs) StdoutLine: {'line': b'-- Up-to-date: /home/tiffany/fyp_ws/install/formation_msgs/share/formation_msgs/cmake/formation_msgs__rosidl_typesupport_cExport-noconfig.cmake\n'}
[0.597400] (formation_msgs) StdoutLine: {'line': b'-- Up-to-date: /home/tiffany/fyp_ws/install/formation_msgs/share/formation_msgs/cmake/export_formation_msgs__rosidl_generator_cppExport.cmake\n'}
[0.598000] (formation_msgs) StdoutLine: {'line': b'-- Up-to-date: /home/tiffany/fyp_ws/install/formation_msgs/share/formation_msgs/cmake/export_formation_msgs__rosidl_typesupport_fastrtps_cppExport.cmake\n'}
[0.598166] (formation_msgs) StdoutLine: {'line': b'-- Up-to-date: /home/tiffany/fyp_ws/install/formation_msgs/share/formation_msgs/cmake/export_formation_msgs__rosidl_typesupport_fastrtps_cppExport-noconfig.cmake\n'}
[0.598525] (formation_msgs) StdoutLine: {'line': b'-- Up-to-date: /home/tiffany/fyp_ws/install/formation_msgs/share/formation_msgs/cmake/formation_msgs__rosidl_typesupport_introspection_cppExport.cmake\n'}
[0.598707] (formation_msgs) StdoutLine: {'line': b'-- Up-to-date: /home/tiffany/fyp_ws/install/formation_msgs/share/formation_msgs/cmake/formation_msgs__rosidl_typesupport_introspection_cppExport-noconfig.cmake\n'}
[0.599177] (formation_msgs) StdoutLine: {'line': b'-- Up-to-date: /home/tiffany/fyp_ws/install/formation_msgs/share/formation_msgs/cmake/formation_msgs__rosidl_typesupport_cppExport.cmake\n'}
[0.599336] (formation_msgs) StdoutLine: {'line': b'-- Up-to-date: /home/tiffany/fyp_ws/install/formation_msgs/share/formation_msgs/cmake/formation_msgs__rosidl_typesupport_cppExport-noconfig.cmake\n'}
[0.599691] (-) TimerEvent: {}
[0.599889] (formation_msgs) StdoutLine: {'line': b'-- Up-to-date: /home/tiffany/fyp_ws/install/formation_msgs/share/formation_msgs/cmake/export_formation_msgs__rosidl_generator_pyExport.cmake\n'}
[0.600042] (formation_msgs) StdoutLine: {'line': b'-- Up-to-date: /home/tiffany/fyp_ws/install/formation_msgs/share/formation_msgs/cmake/export_formation_msgs__rosidl_generator_pyExport-noconfig.cmake\n'}
[0.600128] (formation_msgs) StdoutLine: {'line': b'-- Up-to-date: /home/tiffany/fyp_ws/install/formation_msgs/share/formation_msgs/cmake/rosidl_cmake-extras.cmake\n'}
[0.600194] (formation_msgs) StdoutLine: {'line': b'-- Up-to-date: /home/tiffany/fyp_ws/install/formation_msgs/share/formation_msgs/cmake/ament_cmake_export_dependencies-extras.cmake\n'}
[0.600288] (formation_msgs) StdoutLine: {'line': b'-- Up-to-date: /home/tiffany/fyp_ws/install/formation_msgs/share/formation_msgs/cmake/ament_cmake_export_include_directories-extras.cmake\n'}
[0.600361] (formation_msgs) StdoutLine: {'line': b'-- Up-to-date: /home/tiffany/fyp_ws/install/formation_msgs/share/formation_msgs/cmake/ament_cmake_export_libraries-extras.cmake\n'}
[0.600456] (formation_msgs) StdoutLine: {'line': b'-- Up-to-date: /home/tiffany/fyp_ws/install/formation_msgs/share/formation_msgs/cmake/ament_cmake_export_targets-extras.cmake\n'}
[0.600519] (formation_msgs) StdoutLine: {'line': b'-- Up-to-date: /home/tiffany/fyp_ws/install/formation_msgs/share/formation_msgs/cmake/rosidl_cmake_export_typesupport_targets-extras.cmake\n'}
[0.600613] (formation_msgs) StdoutLine: {'line': b'-- Up-to-date: /home/tiffany/fyp_ws/install/formation_msgs/share/formation_msgs/cmake/rosidl_cmake_export_typesupport_libraries-extras.cmake\n'}
[0.600706] (formation_msgs) StdoutLine: {'line': b'-- Up-to-date: /home/tiffany/fyp_ws/install/formation_msgs/share/formation_msgs/cmake/formation_msgsConfig.cmake\n'}
[0.600771] (formation_msgs) StdoutLine: {'line': b'-- Up-to-date: /home/tiffany/fyp_ws/install/formation_msgs/share/formation_msgs/cmake/formation_msgsConfig-version.cmake\n'}
[0.600852] (formation_msgs) StdoutLine: {'line': b'-- Up-to-date: /home/tiffany/fyp_ws/install/formation_msgs/share/formation_msgs/package.xml\n'}
[0.605023] (formation_msgs) CommandEnded: {'returncode': 0}
[0.636117] (formation_msgs) JobEnded: {'identifier': 'formation_msgs', 'rc': 0}
[0.637054] (drone_control) JobStarted: {'identifier': 'drone_control'}
[0.641328] (formation_planner) JobStarted: {'identifier': 'formation_planner'}
[0.646411] (formation_ui) JobStarted: {'identifier': 'formation_ui'}
[0.651381] (llm_refinement) JobStarted: {'identifier': 'llm_refinement'}
[0.655565] (task_manager) JobStarted: {'identifier': 'task_manager'}
[0.699833] (-) TimerEvent: {}
[0.800220] (-) TimerEvent: {}
[0.900641] (-) TimerEvent: {}
[1.001031] (-) TimerEvent: {}
[1.101393] (-) TimerEvent: {}
[1.201817] (-) TimerEvent: {}
[1.302229] (-) TimerEvent: {}
[1.402611] (-) TimerEvent: {}
[1.502901] (-) TimerEvent: {}
[1.603202] (-) TimerEvent: {}
[1.703505] (-) TimerEvent: {}
[1.803817] (-) TimerEvent: {}
[1.904110] (-) TimerEvent: {}
[2.004419] (-) TimerEvent: {}
[2.104734] (-) TimerEvent: {}
[2.205094] (-) TimerEvent: {}
[2.305455] (-) TimerEvent: {}
[2.405828] (-) TimerEvent: {}
[2.482281] (task_manager) Command: {'cmd': ['/usr/bin/python3', '-W', 'ignore:setup.py install is deprecated', '-W', 'ignore:easy_install command is deprecated', 'setup.py', 'egg_info', '--egg-base', '../../build/task_manager', 'build', '--build-base', '/home/tiffany/fyp_ws/build/task_manager/build', 'install', '--record', '/home/tiffany/fyp_ws/build/task_manager/install.log', '--install-scripts', '$base/lib/task_manager', '--single-version-externally-managed', 'install_data'], 'cwd': '/home/tiffany/fyp_ws/src/task_manager', 'env': {'LESSOPEN': '| /usr/bin/lesspipe %s', 'USER': 'tiffany', 'LC_TIME': 'id_ID.UTF-8', 'XDG_SESSION_TYPE': 'wayland', 'SHLVL': '1', 'LD_LIBRARY_PATH': '/home/tiffany/fyp_ws/install/formation_msgs/lib:/opt/ros/humble/lib/x86_64-linux-gnu:/opt/ros/humble/lib', 'HOME': '/home/tiffany', 'OLDPWD': '/home/tiffany', 'DESKTOP_SESSION': 'ubuntu', 'ROS_PYTHON_VERSION': '3', 'GNOME_SHELL_SESSION_MODE': 'ubuntu', 'GTK_MODULES': 'gail:atk-bridge', 'LC_MONETARY': 'id_ID.UTF-8', 'SYSTEMD_EXEC_PID': '2060', 'DBUS_SESSION_BUS_ADDRESS': 'unix:path=/run/user/1000/bus', 'COLORTERM': 'truecolor', 'IM_CONFIG_PHASE': '1', 'WAYLAND_DISPLAY': 'wayland-0', 'ROS_DISTRO': 'humble', 'LOGNAME': 'tiffany', '_': '/usr/bin/colcon', 'ROS_VERSION': '2', 'XDG_SESSION_CLASS': 'user', 'USERNAME': 'tiffany', 'TERM': 'xterm-256color', 'GNOME_DESKTOP_SESSION_ID': 'this-is-deprecated', 'ROS_LOCALHOST_ONLY': '0', 'PATH': '/opt/ros/humble/bin:/home/tiffany/.local/bin:/usr/local/sbin:/usr/local/bin:/usr/sbin:/usr/bin:/sbin:/bin:/usr/games:/usr/local/games:/snap/bin:/snap/bin', 'SESSION_MANAGER': 'local/tiffany-HP:@/tmp/.ICE-unix/1841,unix/tiffany-HP:/tmp/.ICE-unix/1841', 'XDG_MENU_PREFIX': 'gnome-', 'LC_ADDRESS': 'id_ID.UTF-8', 'GNOME_TERMINAL_SCREEN': '/org/gnome/Terminal/screen/cf40eff0_27e4_4034_8175_93af309267ad', 'GNOME_SETUP_DISPLAY': ':1', 'XDG_RUNTIME_DIR': '/run/user/1000', 'DISPLAY': ':0', 'LANG': 'en_US.UTF-8', 'XDG_CURRENT_DESKTOP': 'ubuntu:GNOME', 'LC_TELEPHONE': 'id_ID.UTF-8', 'XMODIFIERS': '@im=ibus', 'XDG_SESSION_DESKTOP': 'ubuntu', 'XAUTHORITY': '/run/user/1000/.mutter-Xwaylandauth.K9JAV3', 'LS_COLORS': 'rs=0:di=01;34:ln=01;36:mh=00:pi=40;33:so=01;35:do=01;35:bd=40;33;01:cd=40;33;01:or=40;31;01:mi=00:su=37;41:sg=30;43:ca=30;41:tw=30;42:ow=34;42:st=37;44:ex=01;32:*.tar=01;31:*.tgz=01;31:*.arc=01;31:*.arj=01;31:*.taz=01;31:*.lha=01;31:*.lz4=01;31:*.lzh=01;31:*.lzma=01;31:*.tlz=01;31:*.txz=01;31:*.tzo=01;31:*.t7z=01;31:*.zip=01;31:*.z=01;31:*.dz=01;31:*.gz=01;31:*.lrz=01;31:*.lz=01;31:*.lzo=01;31:*.xz=01;31:*.zst=01;31:*.tzst=01;31:*.bz2=01;31:*.bz=01;31:*.tbz=01;31:*.tbz2=01;31:*.tz=01;31:*.deb=01;31:*.rpm=01;31:*.jar=01;31:*.war=01;31:*.ear=01;31:*.sar=01;31:*.rar=01;31:*.alz=01;31:*.ace=01;31:*.zoo=01;31:*.cpio=01;31:*.7z=01;31:*.rz=01;31:*.cab=01;31:*.wim=01;31:*.swm=01;31:*.dwm=01;31:*.esd=01;31:*.jpg=01;35:*.jpeg=01;35:*.mjpg=01;35:*.mjpeg=01;35:*.gif=01;35:*.bmp=01;35:*.pbm=01;35:*.pgm=01;35:*.ppm=01;35:*.tga=01;35:*.xbm=01;35:*.xpm=01;35:*.tif=01;35:*.tiff=01;35:*.png=01;35:*.svg=01;35:*.svgz=01;35:*.mng=01;35:*.pcx=01;35:*.mov=01;35:*.mpg=01;35:*.mpeg=01;35:*.m2v=01;35:*.mkv=01;35:*.webm=01;35:*.webp=01;35:*.ogm=01;35:*.mp4=01;35:*.m4v=01;35:*.mp4v=01;35:*.vob=01;35:*.qt=01;35:*.nuv=01;35:*.wmv=01;35:*.asf=01;35:*.rm=01;35:*.rmvb=01;35:*.flc=01;35:*.avi=01;35:*.fli=01;35:*.flv=01;35:*.gl=01;35:*.dl=01;35:*.xcf=01;35:*.xwd=01;35:*.yuv=01;35:*.cgm=01;35:*.emf=01;35:*.ogv=01;35:*.ogx=01;35:*.aac=00;36:*.au=00;36:*.flac=00;36:*.m4a=00;36:*.mid=00;36:*.midi=00;36:*.mka=00;36:*.mp3=00;36:*.mpc=00;36:*.ogg=00;36:*.ra=00;36:*.wav=00;36:*.oga=00;36:*.opus=00;36:*.spx=00;36:*.xspf=00;36:', 'GNOME_TERMINAL_SERVICE': ':1.121', 'SSH_AGENT_LAUNCHER': 'gnome-keyring', 'SSH_AUTH_SOCK': '/run/user/1000/keyring/ssh', 'AMENT_PREFIX_PATH': '/home/tiffany/fyp_ws/install/formation_msgs:/opt/ros/humble', 'SHELL': '/bin/bash', 'LC_NAME': 'id_ID.UTF-8', 'QT_ACCESSIBILITY': '1', 'GDMSESSION': 'ubuntu', 'LESSCLOSE': '/usr/bin/lesspipe %s %s', 'LC_MEASUREMENT': 'id_ID.UTF-8', 'LC_IDENTIFICATION': 'id_ID.UTF-8', 'QT_IM_MODULE': 'ibus', 'PWD': '/home/tiffany/fyp_ws/build/task_manager', 'LC_ALL': 'en_US.UTF-8', 'XDG_CONFIG_DIRS': '/etc/xdg/xdg-ubuntu:/etc/xdg', 'XDG_DATA_DIRS': '/usr/share/ubuntu:/usr/local/share/:/usr/share/:/var/lib/snapd/desktop', 'PYTHONPATH': '/home/tiffany/fyp_ws/build/task_manager/prefix_override:/usr/lib/python3/dist-packages/colcon_core/task/python/colcon_distutils_commands:/home/tiffany/fyp_ws/install/task_manager/lib/python3.10/site-packages:/home/tiffany/fyp_ws/install/formation_msgs/local/lib/python3.10/dist-packages:/opt/ros/humble/lib/python3.10/site-packages:/opt/ros/humble/local/lib/python3.10/dist-packages', 'LC_NUMERIC': 'id_ID.UTF-8', 'LC_PAPER': 'id_ID.UTF-8', 'COLCON': '1', 'VTE_VERSION': '6800', 'CMAKE_PREFIX_PATH': '/home/tiffany/fyp_ws/install/formation_msgs'}, 'shell': False}
[2.485433] (formation_ui) Command: {'cmd': ['/usr/bin/python3', '-W', 'ignore:setup.py install is deprecated', '-W', 'ignore:easy_install command is deprecated', 'setup.py', 'egg_info', '--egg-base', '../../build/formation_ui', 'build', '--build-base', '/home/tiffany/fyp_ws/build/formation_ui/build', 'install', '--record', '/home/tiffany/fyp_ws/build/formation_ui/install.log', '--install-scripts', '$base/lib/formation_ui', '--single-version-externally-managed', 'install_data'], 'cwd': '/home/tiffany/fyp_ws/src/formation_ui', 'env': {'LESSOPEN': '| /usr/bin/lesspipe %s', 'USER': 'tiffany', 'LC_TIME': 'id_ID.UTF-8', 'XDG_SESSION_TYPE': 'wayland', 'SHLVL': '1', 'LD_LIBRARY_PATH': '/home/tiffany/fyp_ws/install/formation_msgs/lib:/opt/ros/humble/lib/x86_64-linux-gnu:/opt/ros/humble/lib', 'HOME': '/home/tiffany', 'OLDPWD': '/home/tiffany', 'DESKTOP_SESSION': 'ubuntu', 'ROS_PYTHON_VERSION': '3', 'GNOME_SHELL_SESSION_MODE': 'ubuntu', 'GTK_MODULES': 'gail:atk-bridge', 'LC_MONETARY': 'id_ID.UTF-8', 'SYSTEMD_EXEC_PID': '2060', 'DBUS_SESSION_BUS_ADDRESS': 'unix:path=/run/user/1000/bus', 'COLORTERM': 'truecolor', 'IM_CONFIG_PHASE': '1', 'WAYLAND_DISPLAY': 'wayland-0', 'ROS_DISTRO': 'humble', 'LOGNAME': 'tiffany', '_': '/usr/bin/colcon', 'ROS_VERSION': '2', 'XDG_SESSION_CLASS': 'user', 'USERNAME': 'tiffany', 'TERM': 'xterm-256color', 'GNOME_DESKTOP_SESSION_ID': 'this-is-deprecated', 'ROS_LOCALHOST_ONLY': '0', 'PATH': '/opt/ros/humble/bin:/home/tiffany/.local/bin:/usr/local/sbin:/usr/local/bin:/usr/sbin:/usr/bin:/sbin:/bin:/usr/games:/usr/local/games:/snap/bin:/snap/bin', 'SESSION_MANAGER': 'local/tiffany-HP:@/tmp/.ICE-unix/1841,unix/tiffany-HP:/tmp/.ICE-unix/1841', 'XDG_MENU_PREFIX': 'gnome-', 'LC_ADDRESS': 'id_ID.UTF-8', 'GNOME_TERMINAL_SCREEN': '/org/gnome/Terminal/screen/cf40eff0_27e4_4034_8175_93af309267ad', 'GNOME_SETUP_DISPLAY': ':1', 'XDG_RUNTIME_DIR': '/run/user/1000', 'DISPLAY': ':0', 'LANG': 'en_US.UTF-8', 'XDG_CURRENT_DESKTOP': 'ubuntu:GNOME', 'LC_TELEPHONE': 'id_ID.UTF-8', 'XMODIFIERS': '@im=ibus', 'XDG_SESSION_DESKTOP': 'ubuntu', 'XAUTHORITY': '/run/user/1000/.mutter-Xwaylandauth.K9JAV3', 'LS_COLORS': 'rs=0:di=01;34:ln=01;36:mh=00:pi=40;33:so=01;35:do=01;35:bd=40;33;01:cd=40;33;01:or=40;31;01:mi=00:su=37;41:sg=30;43:ca=30;41:tw=30;42:ow=34;42:st=37;44:ex=01;32:*.tar=01;31:*.tgz=01;31:*.arc=01;31:*.arj=01;31:*.taz=01;31:*.lha=01;31:*.lz4=01;31:*.lzh=01;31:*.lzma=01;31:*.tlz=01;31:*.txz=01;31:*.tzo=01;31:*.t7z=01;31:*.zip=01;31:*.z=01;31:*.dz=01;31:*.gz=01;31:*.lrz=01;31:*.lz=01;31:*.lzo=01;31:*.xz=01;31:*.zst=01;31:*.tzst=01;31:*.bz2=01;31:*.bz=01;31:*.tbz=01;31:*.tbz2=01;31:*.tz=01;31:*.deb=01;31:*.rpm=01;31:*.jar=01;31:*.war=01;31:*.ear=01;31:*.sar=01;31:*.rar=01;31:*.alz=01;31:*.ace=01;31:*.zoo=01;31:*.cpio=01;31:*.7z=01;31:*.rz=01;31:*.cab=01;31:*.wim=01;31:*.swm=01;31:*.dwm=01;31:*.esd=01;31:*.jpg=01;35:*.jpeg=01;35:*.mjpg=01;35:*.mjpeg=01;35:*.gif=01;35:*.bmp=01;35:*.pbm=01;35:*.pgm=01;35:*.ppm=01;35:*.tga=01;35:*.xbm=01;35:*.xpm=01;35:*.tif=01;35:*.tiff=01;35:*.png=01;35:*.svg=01;35:*.svgz=01;35:*.mng=01;35:*.pcx=01;35:*.mov=01;35:*.mpg=01;35:*.mpeg=01;35:*.m2v=01;35:*.mkv=01;35:*.webm=01;35:*.webp=01;35:*.ogm=01;35:*.mp4=01;35:*.m4v=01;35:*.mp4v=01;35:*.vob=01;35:*.qt=01;35:*.nuv=01;35:*.wmv=01;35:*.asf=01;35:*.rm=01;35:*.rmvb=01;35:*.flc=01;35:*.avi=01;35:*.fli=01;35:*.flv=01;35:*.gl=01;35:*.dl=01;35:*.xcf=01;35:*.xwd=01;35:*.yuv=01;35:*.cgm=01;35:*.emf=01;35:*.ogv=01;35:*.ogx=01;35:*.aac=00;36:*.au=00;36:*.flac=00;36:*.m4a=00;36:*.mid=00;36:*.midi=00;36:*.mka=00;36:*.mp3=00;36:*.mpc=00;36:*.ogg=00;36:*.ra=00;36:*.wav=00;36:*.oga=00;36:*.opus=00;36:*.spx=00;36:*.xspf=00;36:', 'GNOME_TERMINAL_SERVICE': ':1.121', 'SSH_AGENT_LAUNCHER': 'gnome-keyring', 'SSH_AUTH_SOCK': '/run/user/1000/keyring/ssh', 'AMENT_PREFIX_PATH': '/home/tiffany/fyp_ws/install/formation_msgs:/opt/ros/humble', 'SHELL': '/bin/bash', 'LC_NAME': 'id_ID.UTF-8', 'QT_ACCESSIBILITY': '1', 'GDMSESSION': 'ubuntu', 'LESSCLOSE': '/usr/bin/lesspipe %s %s', 'LC_MEASUREMENT': 'id_ID.UTF-8', 'LC_IDENTIFICATION': 'id_ID.UTF-8', 'QT_IM_MODULE': 'ibus', 'PWD': '/home/tiffany/fyp_ws/build/formation_ui', 'LC_ALL': 'en_US.UTF-8', 'XDG_CONFIG_DIRS': '/etc/xdg/xdg-ubuntu:/etc/xdg', 'XDG_DATA_DIRS': '/usr/share/ubuntu:/usr/local/share/:/usr/share/:/var/lib/snapd/desktop', 'PYTHONPATH': '/home/tiffany/fyp_ws/build/formation_ui/prefix_override:/usr/lib/python3/dist-packages/colcon_core/task/python/colcon_distutils_commands:/home/tiffany/fyp_ws/install/formation_ui/lib/python3.10/site-packages:/home/tiffany/fyp_ws/install/formation_msgs/local/lib/python3.10/dist-packages:/opt/ros/humble/lib/python3.10/site-packages:/opt/ros/humble/local/lib/python3.10/dist-packages', 'LC_NUMERIC': 'id_ID.UTF-8', 'LC_PAPER': 'id_ID.UTF-8', 'COLCON': '1', 'VTE_VERSION': '6800', 'CMAKE_PREFIX_PATH': '/home/tiffany/fyp_ws/install/formation_msgs'}, 'shell': False}
[2.489243] (formation_planner) Command: {'cmd': ['/usr/bin/python3', '-W', 'ignore:setup.py install is deprecated', '-W', 'ignore:easy_install command is deprecated', 'setup.py', 'egg_info', '--egg-base', '../../build/formation_planner', 'build', '--build-base', '/home/tiffany/fyp_ws/build/formation_planner/build', 'install', '--record', '/home/tiffany/fyp_ws/build/formation_planner/install.log', '--install-scripts', '$base/lib/formation_planner', '--single-version-externally-managed', 'install_data'], 'cwd': '/home/tiffany/fyp_ws/src/formation_planner', 'env': {'LESSOPEN': '| /usr/bin/lesspipe %s', 'USER': 'tiffany', 'LC_TIME': 'id_ID.UTF-8', 'XDG_SESSION_TYPE': 'wayland', 'SHLVL': '1', 'LD_LIBRARY_PATH': '/home/tiffany/fyp_ws/install/formation_msgs/lib:/opt/ros/humble/lib/x86_64-linux-gnu:/opt/ros/humble/lib', 'HOME': '/home/tiffany', 'OLDPWD': '/home/tiffany', 'DESKTOP_SESSION': 'ubuntu', 'ROS_PYTHON_VERSION': '3', 'GNOME_SHELL_SESSION_MODE': 'ubuntu', 'GTK_MODULES': 'gail:atk-bridge', 'LC_MONETARY': 'id_ID.UTF-8', 'SYSTEMD_EXEC_PID': '2060', 'DBUS_SESSION_BUS_ADDRESS': 'unix:path=/run/user/1000/bus', 'COLORTERM': 'truecolor', 'IM_CONFIG_PHASE': '1', 'WAYLAND_DISPLAY': 'wayland-0', 'ROS_DISTRO': 'humble', 'LOGNAME': 'tiffany', '_': '/usr/bin/colcon', 'ROS_VERSION': '2', 'XDG_SESSION_CLASS': 'user', 'USERNAME': 'tiffany', 'TERM': 'xterm-256color', 'GNOME_DESKTOP_SESSION_ID': 'this-is-deprecated', 'ROS_LOCALHOST_ONLY': '0', 'PATH': '/opt/ros/humble/bin:/home/tiffany/.local/bin:/usr/local/sbin:/usr/local/bin:/usr/sbin:/usr/bin:/sbin:/bin:/usr/games:/usr/local/games:/snap/bin:/snap/bin', 'SESSION_MANAGER': 'local/tiffany-HP:@/tmp/.ICE-unix/1841,unix/tiffany-HP:/tmp/.ICE-unix/1841', 'XDG_MENU_PREFIX': 'gnome-', 'LC_ADDRESS': 'id_ID.UTF-8', 'GNOME_TERMINAL_SCREEN': '/org/gnome/Terminal/screen/cf40eff0_27e4_4034_8175_93af309267ad', 'GNOME_SETUP_DISPLAY': ':1', 'XDG_RUNTIME_DIR': '/run/user/1000', 'DISPLAY': ':0', 'LANG': 'en_US.UTF-8', 'XDG_CURRENT_DESKTOP': 'ubuntu:GNOME', 'LC_TELEPHONE': 'id_ID.UTF-8', 'XMODIFIERS': '@im=ibus', 'XDG_SESSION_DESKTOP': 'ubuntu', 'XAUTHORITY': '/run/user/1000/.mutter-Xwaylandauth.K9JAV3', 'LS_COLORS': 'rs=0:di=01;34:ln=01;36:mh=00:pi=40;33:so=01;35:do=01;35:bd=40;33;01:cd=40;33;01:or=40;31;01:mi=00:su=37;41:sg=30;43:ca=30;41:tw=30;42:ow=34;42:st=37;44:ex=01;32:*.tar=01;31:*.tgz=01;31:*.arc=01;31:*.arj=01;31:*.taz=01;31:*.lha=01;31:*.lz4=01;31:*.lzh=01;31:*.lzma=01;31:*.tlz=01;31:*.txz=01;31:*.tzo=01;31:*.t7z=01;31:*.zip=01;31:*.z=01;31:*.dz=01;31:*.gz=01;31:*.lrz=01;31:*.lz=01;31:*.lzo=01;31:*.xz=01;31:*.zst=01;31:*.tzst=01;31:*.bz2=01;31:*.bz=01;31:*.tbz=01;31:*.tbz2=01;31:*.tz=01;31:*.deb=01;31:*.rpm=01;31:*.jar=01;31:*.war=01;31:*.ear=01;31:*.sar=01;31:*.rar=01;31:*.alz=01;31:*.ace=01;31:*.zoo=01;31:*.cpio=01;31:*.7z=01;31:*.rz=01;31:*.cab=01;31:*.wim=01;31:*.swm=01;31:*.dwm=01;31:*.esd=01;31:*.jpg=01;35:*.jpeg=01;35:*.mjpg=01;35:*.mjpeg=01;35:*.gif=01;35:*.bmp=01;35:*.pbm=01;35:*.pgm=01;35:*.ppm=01;35:*.tga=01;35:*.xbm=01;35:*.xpm=01;35:*.tif=01;35:*.tiff=01;35:*.png=01;35:*.svg=01;35:*.svgz=01;35:*.mng=01;35:*.pcx=01;35:*.mov=01;35:*.mpg=01;35:*.mpeg=01;35:*.m2v=01;35:*.mkv=01;35:*.webm=01;35:*.webp=01;35:*.ogm=01;35:*.mp4=01;35:*.m4v=01;35:*.mp4v=01;35:*.vob=01;35:*.qt=01;35:*.nuv=01;35:*.wmv=01;35:*.asf=01;35:*.rm=01;35:*.rmvb=01;35:*.flc=01;35:*.avi=01;35:*.fli=01;35:*.flv=01;35:*.gl=01;35:*.dl=01;35:*.xcf=01;35:*.xwd=01;35:*.yuv=01;35:*.cgm=01;35:*.emf=01;35:*.ogv=01;35:*.ogx=01;35:*.aac=00;36:*.au=00;36:*.flac=00;36:*.m4a=00;36:*.mid=00;36:*.midi=00;36:*.mka=00;36:*.mp3=00;36:*.mpc=00;36:*.ogg=00;36:*.ra=00;36:*.wav=00;36:*.oga=00;36:*.opus=00;36:*.spx=00;36:*.xspf=00;36:', 'GNOME_TERMINAL_SERVICE': ':1.121', 'SSH_AGENT_LAUNCHER': 'gnome-keyring', 'SSH_AUTH_SOCK': '/run/user/1000/keyring/ssh', 'AMENT_PREFIX_PATH': '/home/tiffany/fyp_ws/install/formation_msgs:/opt/ros/humble', 'SHELL': '/bin/bash', 'LC_NAME': 'id_ID.UTF-8', 'QT_ACCESSIBILITY': '1', 'GDMSESSION': 'ubuntu', 'LESSCLOSE': '/usr/bin/lesspipe %s %s', 'LC_MEASUREMENT': 'id_ID.UTF-8', 'LC_IDENTIFICATION': 'id_ID.UTF-8', 'QT_IM_MODULE': 'ibus', 'PWD': '/home/tiffany/fyp_ws/build/formation_planner', 'LC_ALL': 'en_US.UTF-8', 'XDG_CONFIG_DIRS': '/etc/xdg/xdg-ubuntu:/etc/xdg', 'XDG_DATA_DIRS': '/usr/share/ubuntu:/usr/local/share/:/usr/share/:/var/lib/snapd/desktop', 'PYTHONPATH': '/home/tiffany/fyp_ws/build/formation_planner/prefix_override:/usr/lib/python3/dist-packages/colcon_core/task/python/colcon_distutils_commands:/home/tiffany/fyp_ws/install/formation_planner/lib/python3.10/site-packages:/home/tiffany/fyp_ws/install/formation_msgs/local/lib/python3.10/dist-packages:/opt/ros/humble/lib/python3.10/site-packages:/opt/ros/humble/local/lib/python3.10/dist-packages', 'LC_NUMERIC': 'id_ID.UTF-8', 'LC_PAPER': 'id_ID.UTF-8', 'COLCON': '1', 'VTE_VERSION': '6800', 'CMAKE_PREFIX_PATH': '/home/tiffany/fyp_ws/install/formation_msgs'}, 'shell': False}
[2.492558] (llm_refinement) Command: {'cmd': ['/usr/bin/python3', '-W', 'ignore:setup.py install is deprecated', '-W', 'ignore:easy_install command is deprecated', 'setup.py', 'egg_info', '--egg-base', '../../build/llm_refinement', 'build', '--build-base', '/home/tiffany/fyp_ws/build/llm_refinement/build', 'install', '--record', '/home/tiffany/fyp_ws/build/llm_refinement/install.log', '--install-scripts', '$base/lib/llm_refinement', '--single-version-externally-managed', 'install_data'], 'cwd': '/home/tiffany/fyp_ws/src/llm_refinement', 'env': {'LESSOPEN': '| /usr/bin/lesspipe %s', 'USER': 'tiffany', 'LC_TIME': 'id_ID.UTF-8', 'XDG_SESSION_TYPE': 'wayland', 'SHLVL': '1', 'LD_LIBRARY_PATH': '/home/tiffany/fyp_ws/install/formation_msgs/lib:/opt/ros/humble/lib/x86_64-linux-gnu:/opt/ros/humble/lib', 'HOME': '/home/tiffany', 'OLDPWD': '/home/tiffany', 'DESKTOP_SESSION': 'ubuntu', 'ROS_PYTHON_VERSION': '3', 'GNOME_SHELL_SESSION_MODE': 'ubuntu', 'GTK_MODULES': 'gail:atk-bridge', 'LC_MONETARY': 'id_ID.UTF-8', 'SYSTEMD_EXEC_PID': '2060', 'DBUS_SESSION_BUS_ADDRESS': 'unix:path=/run/user/1000/bus', 'COLORTERM': 'truecolor', 'IM_CONFIG_PHASE': '1', 'WAYLAND_DISPLAY': 'wayland-0', 'ROS_DISTRO': 'humble', 'LOGNAME': 'tiffany', '_': '/usr/bin/colcon', 'ROS_VERSION': '2', 'XDG_SESSION_CLASS': 'user', 'USERNAME': 'tiffany', 'TERM': 'xterm-256color', 'GNOME_DESKTOP_SESSION_ID': 'this-is-deprecated', 'ROS_LOCALHOST_ONLY': '0', 'PATH': '/opt/ros/humble/bin:/home/tiffany/.local/bin:/usr/local/sbin:/usr/local/bin:/usr/sbin:/usr/bin:/sbin:/bin:/usr/games:/usr/local/games:/snap/bin:/snap/bin', 'SESSION_MANAGER': 'local/tiffany-HP:@/tmp/.ICE-unix/1841,unix/tiffany-HP:/tmp/.ICE-unix/1841', 'XDG_MENU_PREFIX': 'gnome-', 'LC_ADDRESS': 'id_ID.UTF-8', 'GNOME_TERMINAL_SCREEN': '/org/gnome/Terminal/screen/cf40eff0_27e4_4034_8175_93af309267ad', 'GNOME_SETUP_DISPLAY': ':1', 'XDG_RUNTIME_DIR': '/run/user/1000', 'DISPLAY': ':0', 'LANG': 'en_US.UTF-8', 'XDG_CURRENT_DESKTOP': 'ubuntu:GNOME', 'LC_TELEPHONE': 'id_ID.UTF-8', 'XMODIFIERS': '@im=ibus', 'XDG_SESSION_DESKTOP': 'ubuntu', 'XAUTHORITY': '/run/user/1000/.mutter-Xwaylandauth.K9JAV3', 'LS_COLORS': 'rs=0:di=01;34:ln=01;36:mh=00:pi=40;33:so=01;35:do=01;35:bd=40;33;01:cd=40;33;01:or=40;31;01:mi=00:su=37;41:sg=30;43:ca=30;41:tw=30;42:ow=34;42:st=37;44:ex=01;32:*.tar=01;31:*.tgz=01;31:*.arc=01;31:*.arj=01;31:*.taz=01;31:*.lha=01;31:*.lz4=01;31:*.lzh=01;31:*.lzma=01;31:*.tlz=01;31:*.txz=01;31:*.tzo=01;31:*.t7z=01;31:*.zip=01;31:*.z=01;31:*.dz=01;31:*.gz=01;31:*.lrz=01;31:*.lz=01;31:*.lzo=01;31:*.xz=01;31:*.zst=01;31:*.tzst=01;31:*.bz2=01;31:*.bz=01;31:*.tbz=01;31:*.tbz2=01;31:*.tz=01;31:*.deb=01;31:*.rpm=01;31:*.jar=01;31:*.war=01;31:*.ear=01;31:*.sar=01;31:*.rar=01;31:*.alz=01;31:*.ace=01;31:*.zoo=01;31:*.cpio=01;31:*.7z=01;31:*.rz=01;31:*.cab=01;31:*.wim=01;31:*.swm=01;31:*.dwm=01;31:*.esd=01;31:*.jpg=01;35:*.jpeg=01;35:*.mjpg=01;35:*.mjpeg=01;35:*.gif=01;35:*.bmp=01;35:*.pbm=01;35:*.pgm=01;35:*.ppm=01;35:*.tga=01;35:*.xbm=01;35:*.xpm=01;35:*.tif=01;35:*.tiff=01;35:*.png=01;35:*.svg=01;35:*.svgz=01;35:*.mng=01;35:*.pcx=01;35:*.mov=01;35:*.mpg=01;35:*.mpeg=01;35:*.m2v=01;35:*.mkv=01;35:*.webm=01;35:*.webp=01;35:*.ogm=01;35:*.mp4=01;35:*.m4v=01;35:*.mp4v=01;35:*.vob=01;35:*.qt=01;35:*.nuv=01;35:*.wmv=01;35:*.asf=01;35:*.rm=01;35:*.rmvb=01;35:*.flc=01;35:*.avi=01;35:*.fli=01;35:*.flv=01;35:*.gl=01;35:*.dl=01;35:*.xcf=01;35:*.xwd=01;35:*.yuv=01;35:*.cgm=01;35:*.emf=01;35:*.ogv=01;35:*.ogx=01;35:*.aac=00;36:*.au=00;36:*.flac=00;36:*.m4a=00;36:*.mid=00;36:*.midi=00;36:*.mka=00;36:*.mp3=00;36:*.mpc=00;36:*.ogg=00;36:*.ra=00;36:*.wav=00;36:*.oga=00;36:*.opus=00;36:*.spx=00;36:*.xspf=00;36:', 'GNOME_TERMINAL_SERVICE': ':1.121', 'SSH_AGENT_LAUNCHER': 'gnome-keyring', 'SSH_AUTH_SOCK': '/run/user/1000/keyring/ssh', 'AMENT_PREFIX_PATH': '/home/tiffany/fyp_ws/install/formation_msgs:/opt/ros/humble', 'SHELL': '/bin/bash', 'LC_NAME': 'id_ID.UTF-8', 'QT_ACCESSIBILITY': '1', 'GDMSESSION': 'ubuntu', 'LESSCLOSE': '/usr/bin/lesspipe %s %s', 'LC_MEASUREMENT': 'id_ID.UTF-8', 'LC_IDENTIFICATION': 'id_ID.UTF-8', 'QT_IM_MODULE': 'ibus', 'PWD': '/home/tiffany/fyp_ws/build/llm_refinement', 'LC_ALL': 'en_US.UTF-8', 'XDG_CONFIG_DIRS': '/etc/xdg/xdg-ubuntu:/etc/xdg', 'XDG_DATA_DIRS': '/usr/share/ubuntu:/usr/local/share/:/usr/share/:/var/lib/snapd/desktop', 'PYTHONPATH': '/home/tiffany/fyp_ws/build/llm_refinement/prefix_override:/usr/lib/python3/dist-packages/colcon_core/task/python/colcon_distutils_commands:/home/tiffany/fyp_ws/install/llm_refinement/lib/python3.10/site-packages:/home/tiffany/fyp_ws/install/formation_msgs/local/lib/python3.10/dist-packages:/opt/ros/humble/lib/python3.10/site-packages:/opt/ros/humble/local/lib/python3.10/dist-packages', 'LC_NUMERIC': 'id_ID.UTF-8', 'LC_PAPER': 'id_ID.UTF-8', 'COLCON': '1', 'VTE_VERSION': '6800', 'CMAKE_PREFIX_PATH': '/home/tiffany/fyp_ws/install/formation_msgs'}, 'shell': False}
[2.495214] (drone_control) Command: {'cmd': ['/usr/bin/python3', '-W', 'ignore:setup.py install is deprecated', '-W', 'ignore:easy_install command is deprecated', 'setup.py', 'egg_info', '--egg-base', '../../build/drone_control', 'build', '--build-base', '/home/tiffany/fyp_ws/build/drone_control/build', 'install', '--record', '/home/tiffany/fyp_ws/build/drone_control/install.log', '--install-scripts', '$base/lib/drone_control', '--single-version-externally-managed', 'install_data'], 'cwd': '/home/tiffany/fyp_ws/src/drone_control', 'env': {'LESSOPEN': '| /usr/bin/lesspipe %s', 'USER': 'tiffany', 'LC_TIME': 'id_ID.UTF-8', 'XDG_SESSION_TYPE': 'wayland', 'SHLVL': '1', 'LD_LIBRARY_PATH': '/home/tiffany/fyp_ws/install/formation_msgs/lib:/opt/ros/humble/lib/x86_64-linux-gnu:/opt/ros/humble/lib', 'HOME': '/home/tiffany', 'OLDPWD': '/home/tiffany', 'DESKTOP_SESSION': 'ubuntu', 'ROS_PYTHON_VERSION': '3', 'GNOME_SHELL_SESSION_MODE': 'ubuntu', 'GTK_MODULES': 'gail:atk-bridge', 'LC_MONETARY': 'id_ID.UTF-8', 'SYSTEMD_EXEC_PID': '2060', 'DBUS_SESSION_BUS_ADDRESS': 'unix:path=/run/user/1000/bus', 'COLORTERM': 'truecolor', 'IM_CONFIG_PHASE': '1', 'WAYLAND_DISPLAY': 'wayland-0', 'ROS_DISTRO': 'humble', 'LOGNAME': 'tiffany', '_': '/usr/bin/colcon', 'ROS_VERSION': '2', 'XDG_SESSION_CLASS': 'user', 'USERNAME': 'tiffany', 'TERM': 'xterm-256color', 'GNOME_DESKTOP_SESSION_ID': 'this-is-deprecated', 'ROS_LOCALHOST_ONLY': '0', 'PATH': '/opt/ros/humble/bin:/home/tiffany/.local/bin:/usr/local/sbin:/usr/local/bin:/usr/sbin:/usr/bin:/sbin:/bin:/usr/games:/usr/local/games:/snap/bin:/snap/bin', 'SESSION_MANAGER': 'local/tiffany-HP:@/tmp/.ICE-unix/1841,unix/tiffany-HP:/tmp/.ICE-unix/1841', 'XDG_MENU_PREFIX': 'gnome-', 'LC_ADDRESS': 'id_ID.UTF-8', 'GNOME_TERMINAL_SCREEN': '/org/gnome/Terminal/screen/cf40eff0_27e4_4034_8175_93af309267ad', 'GNOME_SETUP_DISPLAY': ':1', 'XDG_RUNTIME_DIR': '/run/user/1000', 'DISPLAY': ':0', 'LANG': 'en_US.UTF-8', 'XDG_CURRENT_DESKTOP': 'ubuntu:GNOME', 'LC_TELEPHONE': 'id_ID.UTF-8', 'XMODIFIERS': '@im=ibus', 'XDG_SESSION_DESKTOP': 'ubuntu', 'XAUTHORITY': '/run/user/1000/.mutter-Xwaylandauth.K9JAV3', 'LS_COLORS': 'rs=0:di=01;34:ln=01;36:mh=00:pi=40;33:so=01;35:do=01;35:bd=40;33;01:cd=40;33;01:or=40;31;01:mi=00:su=37;41:sg=30;43:ca=30;41:tw=30;42:ow=34;42:st=37;44:ex=01;32:*.tar=01;31:*.tgz=01;31:*.arc=01;31:*.arj=01;31:*.taz=01;31:*.lha=01;31:*.lz4=01;31:*.lzh=01;31:*.lzma=01;31:*.tlz=01;31:*.txz=01;31:*.tzo=01;31:*.t7z=01;31:*.zip=01;31:*.z=01;31:*.dz=01;31:*.gz=01;31:*.lrz=01;31:*.lz=01;31:*.lzo=01;31:*.xz=01;31:*.zst=01;31:*.tzst=01;31:*.bz2=01;31:*.bz=01;31:*.tbz=01;31:*.tbz2=01;31:*.tz=01;31:*.deb=01;31:*.rpm=01;31:*.jar=01;31:*.war=01;31:*.ear=01;31:*.sar=01;31:*.rar=01;31:*.alz=01;31:*.ace=01;31:*.zoo=01;31:*.cpio=01;31:*.7z=01;31:*.rz=01;31:*.cab=01;31:*.wim=01;31:*.swm=01;31:*.dwm=01;31:*.esd=01;31:*.jpg=01;35:*.jpeg=01;35:*.mjpg=01;35:*.mjpeg=01;35:*.gif=01;35:*.bmp=01;35:*.pbm=01;35:*.pgm=01;35:*.ppm=01;35:*.tga=01;35:*.xbm=01;35:*.xpm=01;35:*.tif=01;35:*.tiff=01;35:*.png=01;35:*.svg=01;35:*.svgz=01;35:*.mng=01;35:*.pcx=01;35:*.mov=01;35:*.mpg=01;35:*.mpeg=01;35:*.m2v=01;35:*.mkv=01;35:*.webm=01;35:*.webp=01;35:*.ogm=01;35:*.mp4=01;35:*.m4v=01;35:*.mp4v=01;35:*.vob=01;35:*.qt=01;35:*.nuv=01;35:*.wmv=01;35:*.asf=01;35:*.rm=01;35:*.rmvb=01;35:*.flc=01;35:*.avi=01;35:*.fli=01;35:*.flv=01;35:*.gl=01;35:*.dl=01;35:*.xcf=01;35:*.xwd=01;35:*.yuv=01;35:*.cgm=01;35:*.emf=01;35:*.ogv=01;35:*.ogx=01;35:*.aac=00;36:*.au=00;36:*.flac=00;36:*.m4a=00;36:*.mid=00;36:*.midi=00;36:*.mka=00;36:*.mp3=00;36:*.mpc=00;36:*.ogg=00;36:*.ra=00;36:*.wav=00;36:*.oga=00;36:*.opus=00;36:*.spx=00;36:*.xspf=00;36:', 'GNOME_TERMINAL_SERVICE': ':1.121', 'SSH_AGENT_LAUNCHER': 'gnome-keyring', 'SSH_AUTH_SOCK': '/run/user/1000/keyring/ssh', 'AMENT_PREFIX_PATH': '/home/tiffany/fyp_ws/install/formation_msgs:/opt/ros/humble', 'SHELL': '/bin/bash', 'LC_NAME': 'id_ID.UTF-8', 'QT_ACCESSIBILITY': '1', 'GDMSESSION': 'ubuntu', 'LESSCLOSE': '/usr/bin/lesspipe %s %s', 'LC_MEASUREMENT': 'id_ID.UTF-8', 'LC_IDENTIFICATION': 'id_ID.UTF-8', 'QT_IM_MODULE': 'ibus', 'PWD': '/home/tiffany/fyp_ws/build/drone_control', 'LC_ALL': 'en_US.UTF-8', 'XDG_CONFIG_DIRS': '/etc/xdg/xdg-ubuntu:/etc/xdg', 'XDG_DATA_DIRS': '/usr/share/ubuntu:/usr/local/share/:/usr/share/:/var/lib/snapd/desktop', 'PYTHONPATH': '/home/tiffany/fyp_ws/build/drone_control/prefix_override:/usr/lib/python3/dist-packages/colcon_core/task/python/colcon_distutils_commands:/home/tiffany/fyp_ws/install/drone_control/lib/python3.10/site-packages:/home/tiffany/fyp_ws/install/formation_msgs/local/lib/python3.10/dist-packages:/opt/ros/humble/lib/python3.10/site-packages:/opt/ros/humble/local/lib/python3.10/dist-packages', 'LC_NUMERIC': 'id_ID.UTF-8', 'LC_PAPER': 'id_ID.UTF-8', 'COLCON': '1', 'VTE_VERSION': '6800', 'CMAKE_PREFIX_PATH': '/home/tiffany/fyp_ws/install/formation_msgs'}, 'shell': False}
[2.505929] (-) TimerEvent: {}
[2.606273] (-) TimerEvent: {}
[2.706648] (-) TimerEvent: {}
[2.735629] (task_manager) StdoutLine: {'line': b'running egg_info\n'}
[2.736182] (task_manager) StdoutLine: {'line': b'creating ../../build/task_manager/task_manager.egg-info\n'}
[2.736357] (task_manager) StdoutLine: {'line': b'writing ../../build/task_manager/task_manager.egg-info/PKG-INFO\n'}
[2.736650] (task_manager) StdoutLine: {'line': b'writing dependency_links to ../../build/task_manager/task_manager.egg-info/dependency_links.txt\n'}
[2.736873] (task_manager) StdoutLine: {'line': b'writing entry points to ../../build/task_manager/task_manager.egg-info/entry_points.txt\n'}
[2.737092] (task_manager) StdoutLine: {'line': b'writing requirements to ../../build/task_manager/task_manager.egg-info/requires.txt\n'}
[2.737220] (task_manager) StdoutLine: {'line': b'writing top-level names to ../../build/task_manager/task_manager.egg-info/top_level.txt\n'}
[2.737373] (task_manager) StdoutLine: {'line': b"writing manifest file '../../build/task_manager/task_manager.egg-info/SOURCES.txt'\n"}
[2.738916] (task_manager) StdoutLine: {'line': b"reading manifest file '../../build/task_manager/task_manager.egg-info/SOURCES.txt'\n"}
[2.739634] (task_manager) StdoutLine: {'line': b"writing manifest file '../../build/task_manager/task_manager.egg-info/SOURCES.txt'\n"}
[2.739876] (task_manager) StdoutLine: {'line': b'running build\n'}
[2.740010] (task_manager) StdoutLine: {'line': b'running build_py\n'}
[2.740255] (formation_planner) StdoutLine: {'line': b'running egg_info\n'}
[2.740627] (task_manager) StdoutLine: {'line': b'creating /home/tiffany/fyp_ws/build/task_manager/build\n'}
[2.740794] (task_manager) StdoutLine: {'line': b'creating /home/tiffany/fyp_ws/build/task_manager/build/lib\n'}
[2.740890] (task_manager) StdoutLine: {'line': b'creating /home/tiffany/fyp_ws/build/task_manager/build/lib/task_manager\n'}
[2.741124] (task_manager) StdoutLine: {'line': b'copying task_manager/__init__.py -> /home/tiffany/fyp_ws/build/task_manager/build/lib/task_manager\n'}
[2.741238] (task_manager) StdoutLine: {'line': b'copying task_manager/task_manager_node.py -> /home/tiffany/fyp_ws/build/task_manager/build/lib/task_manager\n'}
[2.741337] (formation_ui) StdoutLine: {'line': b'running egg_info\n'}
[2.741445] (task_manager) StdoutLine: {'line': b'running install\n'}
[2.741648] (task_manager) StdoutLine: {'line': b'running install_lib\n'}
[2.741862] (formation_ui) StdoutLine: {'line': b'creating ../../build/formation_ui/formation_ui.egg-info\n'}
[2.742041] (formation_ui) StdoutLine: {'line': b'writing ../../build/formation_ui/formation_ui.egg-info/PKG-INFO\n'}
[2.742116] (formation_planner) StdoutLine: {'line': b'creating ../../build/formation_planner/formation_planner.egg-info\n'}
[2.742303] (formation_planner) StdoutLine: {'line': b'writing ../../build/formation_planner/formation_planner.egg-info/PKG-INFO\n'}
[2.742377] (formation_planner) StdoutLine: {'line': b'writing dependency_links to ../../build/formation_planner/formation_planner.egg-info/dependency_links.txt\n'}
[2.742444] (formation_ui) StdoutLine: {'line': b'writing dependency_links to ../../build/formation_ui/formation_ui.egg-info/dependency_links.txt\n'}
[2.742519] (formation_planner) StdoutLine: {'line': b'writing entry points to ../../build/formation_planner/formation_planner.egg-info/entry_points.txt\n'}
[2.742590] (formation_ui) StdoutLine: {'line': b'writing entry points to ../../build/formation_ui/formation_ui.egg-info/entry_points.txt\n'}
[2.742677] (task_manager) StdoutLine: {'line': b'creating /home/tiffany/fyp_ws/install/task_manager/lib/python3.10/site-packages/task_manager\n'}
[2.742746] (formation_ui) StdoutLine: {'line': b'writing requirements to ../../build/formation_ui/formation_ui.egg-info/requires.txt\n'}
[2.742805] (formation_planner) StdoutLine: {'line': b'writing requirements to ../../build/formation_planner/formation_planner.egg-info/requires.txt\n'}
[2.742868] (task_manager) StdoutLine: {'line': b'copying /home/tiffany/fyp_ws/build/task_manager/build/lib/task_manager/__init__.py -> /home/tiffany/fyp_ws/install/task_manager/lib/python3.10/site-packages/task_manager\n'}
[2.742930] (formation_planner) StdoutLine: {'line': b'writing top-level names to ../../build/formation_planner/formation_planner.egg-info/top_level.txt\n'}
[2.743034] (formation_ui) StdoutLine: {'line': b'writing top-level names to ../../build/formation_ui/formation_ui.egg-info/top_level.txt\n'}
[2.743110] (formation_ui) StdoutLine: {'line': b"writing manifest file '../../build/formation_ui/formation_ui.egg-info/SOURCES.txt'\n"}
[2.743172] (task_manager) StdoutLine: {'line': b'copying /home/tiffany/fyp_ws/build/task_manager/build/lib/task_manager/task_manager_node.py -> /home/tiffany/fyp_ws/install/task_manager/lib/python3.10/site-packages/task_manager\n'}
[2.743276] (formation_planner) StdoutLine: {'line': b"writing manifest file '../../build/formation_planner/formation_planner.egg-info/SOURCES.txt'\n"}
[2.743338] (task_manager) StdoutLine: {'line': b'byte-compiling /home/tiffany/fyp_ws/install/task_manager/lib/python3.10/site-packages/task_manager/__init__.py to __init__.cpython-310.pyc\n'}
[2.743459] (task_manager) StdoutLine: {'line': b'byte-compiling /home/tiffany/fyp_ws/install/task_manager/lib/python3.10/site-packages/task_manager/task_manager_node.py to task_manager_node.cpython-310.pyc\n'}
[2.743558] (task_manager) StdoutLine: {'line': b'running install_data\n'}
[2.743703] (task_manager) StdoutLine: {'line': b'creating /home/tiffany/fyp_ws/install/task_manager/share/ament_index\n'}
[2.743763] (task_manager) StdoutLine: {'line': b'creating /home/tiffany/fyp_ws/install/task_manager/share/ament_index/resource_index\n'}
[2.743817] (task_manager) StdoutLine: {'line': b'creating /home/tiffany/fyp_ws/install/task_manager/share/ament_index/resource_index/packages\n'}
[2.743867] (task_manager) StdoutLine: {'line': b'copying resource/task_manager -> /home/tiffany/fyp_ws/install/task_manager/share/ament_index/resource_index/packages\n'}
[2.743923] (task_manager) StdoutLine: {'line': b'copying package.xml -> /home/tiffany/fyp_ws/install/task_manager/share/task_manager\n'}
[2.743981] (drone_control) StdoutLine: {'line': b'running egg_info\n'}
[2.744113] (task_manager) StdoutLine: {'line': b'running install_egg_info\n'}
[2.744171] (llm_refinement) StdoutLine: {'line': b'running egg_info\n'}
[2.744348] (formation_ui) StdoutLine: {'line': b"reading manifest file '../../build/formation_ui/formation_ui.egg-info/SOURCES.txt'\n"}
[2.744431] (drone_control) StdoutLine: {'line': b'creating ../../build/drone_control/drone_control.egg-info\n'}
[2.744523] (formation_planner) StdoutLine: {'line': b"reading manifest file '../../build/formation_planner/formation_planner.egg-info/SOURCES.txt'\n"}
[2.744611] (llm_refinement) StdoutLine: {'line': b'creating ../../build/llm_refinement/llm_refinement.egg-info\n'}
[2.744753] (drone_control) StdoutLine: {'line': b'writing ../../build/drone_control/drone_control.egg-info/PKG-INFO\n'}
[2.744917] (drone_control) StdoutLine: {'line': b'writing dependency_links to ../../build/drone_control/drone_control.egg-info/dependency_links.txt\n'}
[2.745004] (formation_ui) StdoutLine: {'line': b"writing manifest file '../../build/formation_ui/formation_ui.egg-info/SOURCES.txt'\n"}
[2.745153] (formation_ui) StdoutLine: {'line': b'running build\n'}
[2.745223] (drone_control) StdoutLine: {'line': b'writing entry points to ../../build/drone_control/drone_control.egg-info/entry_points.txt\n'}
[2.745285] (formation_ui) StdoutLine: {'line': b'running build_py\n'}
[2.745415] (llm_refinement) StdoutLine: {'line': b'writing ../../build/llm_refinement/llm_refinement.egg-info/PKG-INFO\n'}
[2.745494] (llm_refinement) StdoutLine: {'line': b'writing dependency_links to ../../build/llm_refinement/llm_refinement.egg-info/dependency_links.txt\n'}
[2.745573] (drone_control) StdoutLine: {'line': b'writing requirements to ../../build/drone_control/drone_control.egg-info/requires.txt\n'}
[2.745663] (drone_control) StdoutLine: {'line': b'writing top-level names to ../../build/drone_control/drone_control.egg-info/top_level.txt\n'}
[2.745728] (formation_planner) StdoutLine: {'line': b"writing manifest file '../../build/formation_planner/formation_planner.egg-info/SOURCES.txt'\n"}
[2.745911] (formation_ui) StdoutLine: {'line': b'creating /home/tiffany/fyp_ws/build/formation_ui/build\n'}
[2.745994] (formation_ui) StdoutLine: {'line': b'creating /home/tiffany/fyp_ws/build/formation_ui/build/lib\n'}
[2.746050] (formation_ui) StdoutLine: {'line': b'creating /home/tiffany/fyp_ws/build/formation_ui/build/lib/formation_ui\n'}
[2.746107] (llm_refinement) StdoutLine: {'line': b'writing entry points to ../../build/llm_refinement/llm_refinement.egg-info/entry_points.txt\n'}
[2.746185] (llm_refinement) StdoutLine: {'line': b'writing requirements to ../../build/llm_refinement/llm_refinement.egg-info/requires.txt\n'}
[2.746245] (llm_refinement) StdoutLine: {'line': b'writing top-level names to ../../build/llm_refinement/llm_refinement.egg-info/top_level.txt\n'}
[2.746311] (drone_control) StdoutLine: {'line': b"writing manifest file '../../build/drone_control/drone_control.egg-info/SOURCES.txt'\n"}
[2.746369] (formation_planner) StdoutLine: {'line': b'running build\n'}
[2.746424] (formation_planner) StdoutLine: {'line': b'running build_py\n'}
[2.746479] (formation_planner) StdoutLine: {'line': b'creating /home/tiffany/fyp_ws/build/formation_planner/build\n'}
[2.746536] (formation_planner) StdoutLine: {'line': b'creating /home/tiffany/fyp_ws/build/formation_planner/build/lib\n'}
[2.746604] (formation_planner) StdoutLine: {'line': b'creating /home/tiffany/fyp_ws/build/formation_planner/build/lib/formation_planner\n'}
[2.746745] (formation_planner) StdoutLine: {'line': b'copying formation_planner/coords_mapping_node.py -> /home/tiffany/fyp_ws/build/formation_planner/build/lib/formation_planner\n'}
[2.746808] (formation_ui) StdoutLine: {'line': b'copying formation_ui/__init__.py -> /home/tiffany/fyp_ws/build/formation_ui/build/lib/formation_ui\n'}
[2.746888] (formation_ui) StdoutLine: {'line': b'copying formation_ui/canvas_server_node.py -> /home/tiffany/fyp_ws/build/formation_ui/build/lib/formation_ui\n'}
[2.746947] (formation_ui) StdoutLine: {'line': b'running install\n'}
[2.747004] (llm_refinement) StdoutLine: {'line': b"writing manifest file '../../build/llm_refinement/llm_refinement.egg-info/SOURCES.txt'\n"}
[2.747094] (formation_planner) StdoutLine: {'line': b'copying formation_planner/__init__.py -> /home/tiffany/fyp_ws/build/formation_planner/build/lib/formation_planner\n'}
[2.747151] (formation_ui) StdoutLine: {'line': b'running install_lib\n'}
[2.747209] (formation_planner) StdoutLine: {'line': b'copying formation_planner/assignment_node.py -> /home/tiffany/fyp_ws/build/formation_planner/build/lib/formation_planner\n'}
[2.747265] (formation_planner) StdoutLine: {'line': b'copying formation_planner/shape_sampling_node.py -> /home/tiffany/fyp_ws/build/formation_planner/build/lib/formation_planner\n'}
[2.747321] (formation_planner) StdoutLine: {'line': b'copying formation_planner/mapf_node.py -> /home/tiffany/fyp_ws/build/formation_planner/build/lib/formation_planner\n'}
[2.747377] (task_manager) StdoutLine: {'line': b'Copying ../../build/task_manager/task_manager.egg-info to /home/tiffany/fyp_ws/install/task_manager/lib/python3.10/site-packages/task_manager-0.0.0-py3.10.egg-info\n'}
[2.747505] (formation_ui) StdoutLine: {'line': b'creating /home/tiffany/fyp_ws/install/formation_ui/lib/python3.10/site-packages/formation_ui\n'}
[2.747563] (formation_ui) StdoutLine: {'line': b'copying /home/tiffany/fyp_ws/build/formation_ui/build/lib/formation_ui/__init__.py -> /home/tiffany/fyp_ws/install/formation_ui/lib/python3.10/site-packages/formation_ui\n'}
[2.747659] (formation_planner) StdoutLine: {'line': b'copying formation_planner/drone_validator_node.py -> /home/tiffany/fyp_ws/build/formation_planner/build/lib/formation_planner\n'}
[2.747724] (formation_planner) StdoutLine: {'line': b'running install\n'}
[2.747784] (formation_ui) StdoutLine: {'line': b'copying /home/tiffany/fyp_ws/build/formation_ui/build/lib/formation_ui/canvas_server_node.py -> /home/tiffany/fyp_ws/install/formation_ui/lib/python3.10/site-packages/formation_ui\n'}
[2.747869] (formation_planner) StdoutLine: {'line': b'running install_lib\n'}
[2.747968] (llm_refinement) StdoutLine: {'line': b"reading manifest file '../../build/llm_refinement/llm_refinement.egg-info/SOURCES.txt'\n"}
[2.748092] (drone_control) StdoutLine: {'line': b"reading manifest file '../../build/drone_control/drone_control.egg-info/SOURCES.txt'\n"}
[2.748234] (formation_ui) StdoutLine: {'line': b'byte-compiling /home/tiffany/fyp_ws/install/formation_ui/lib/python3.10/site-packages/formation_ui/__init__.py to __init__.cpython-310.pyc\n'}
[2.748341] (task_manager) StdoutLine: {'line': b'running install_scripts\n'}
[2.748498] (formation_ui) StdoutLine: {'line': b'byte-compiling /home/tiffany/fyp_ws/install/formation_ui/lib/python3.10/site-packages/formation_ui/canvas_server_node.py to canvas_server_node.cpython-310.pyc\n'}
[2.748618] (formation_ui) StdoutLine: {'line': b'running install_data\n'}
[2.748808] (formation_ui) StdoutLine: {'line': b'creating /home/tiffany/fyp_ws/install/formation_ui/share/ament_index\n'}
[2.748889] (llm_refinement) StdoutLine: {'line': b"writing manifest file '../../build/llm_refinement/llm_refinement.egg-info/SOURCES.txt'\n"}
[2.748993] (llm_refinement) StdoutLine: {'line': b'running build\n'}
[2.749092] (llm_refinement) StdoutLine: {'line': b'running build_py\n'}
[2.749204] (formation_ui) StdoutLine: {'line': b'creating /home/tiffany/fyp_ws/install/formation_ui/share/ament_index/resource_index\n'}
[2.749323] (formation_ui) StdoutLine: {'line': b'creating /home/tiffany/fyp_ws/install/formation_ui/share/ament_index/resource_index/packages\n'}
[2.749424] (formation_ui) StdoutLine: {'line': b'copying resource/formation_ui -> /home/tiffany/fyp_ws/install/formation_ui/share/ament_index/resource_index/packages\n'}
[2.749514] (drone_control) StdoutLine: {'line': b"writing manifest file '../../build/drone_control/drone_control.egg-info/SOURCES.txt'\n"}
[2.749631] (drone_control) StdoutLine: {'line': b'running build\n'}
[2.749886] (llm_refinement) StdoutLine: {'line': b'creating /home/tiffany/fyp_ws/build/llm_refinement/build\n'}
[2.749953] (drone_control) StdoutLine: {'line': b'running build_py\n'}
[2.750016] (llm_refinement) StdoutLine: {'line': b'creating /home/tiffany/fyp_ws/build/llm_refinement/build/lib\n'}
[2.750078] (formation_ui) StdoutLine: {'line': b'copying package.xml -> /home/tiffany/fyp_ws/install/formation_ui/share/formation_ui\n'}
[2.750213] (llm_refinement) StdoutLine: {'line': b'creating /home/tiffany/fyp_ws/build/llm_refinement/build/lib/llm_refinement\n'}
[2.750270] (llm_refinement) StdoutLine: {'line': b'copying llm_refinement/__init__.py -> /home/tiffany/fyp_ws/build/llm_refinement/build/lib/llm_refinement\n'}
[2.750343] (formation_ui) StdoutLine: {'line': b'running install_egg_info\n'}
[2.750401] (drone_control) StdoutLine: {'line': b'creating /home/tiffany/fyp_ws/build/drone_control/build\n'}
[2.750465] (drone_control) StdoutLine: {'line': b'creating /home/tiffany/fyp_ws/build/drone_control/build/lib\n'}
[2.750544] (drone_control) StdoutLine: {'line': b'creating /home/tiffany/fyp_ws/build/drone_control/build/lib/drone_control\n'}
[2.750689] (llm_refinement) StdoutLine: {'line': b'copying llm_refinement/llm_interface_node.py -> /home/tiffany/fyp_ws/build/llm_refinement/build/lib/llm_refinement\n'}
[2.750831] (formation_planner) StdoutLine: {'line': b'creating /home/tiffany/fyp_ws/install/formation_planner/lib/python3.10/site-packages/formation_planner\n'}
[2.750941] (llm_refinement) StdoutLine: {'line': b'copying llm_refinement/coords_adjust_node.py -> /home/tiffany/fyp_ws/build/llm_refinement/build/lib/llm_refinement\n'}
[2.751020] (drone_control) StdoutLine: {'line': b'copying drone_control/__init__.py -> /home/tiffany/fyp_ws/build/drone_control/build/lib/drone_control\n'}
[2.751148] (drone_control) StdoutLine: {'line': b'copying drone_control/pose_publisher_node.py -> /home/tiffany/fyp_ws/build/drone_control/build/lib/drone_control\n'}
[2.751229] (formation_planner) StdoutLine: {'line': b'copying /home/tiffany/fyp_ws/build/formation_planner/build/lib/formation_planner/coords_mapping_node.py -> /home/tiffany/fyp_ws/install/formation_planner/lib/python3.10/site-packages/formation_planner\n'}
[2.751290] (formation_planner) StdoutLine: {'line': b'copying /home/tiffany/fyp_ws/build/formation_planner/build/lib/formation_planner/__init__.py -> /home/tiffany/fyp_ws/install/formation_planner/lib/python3.10/site-packages/formation_planner\n'}
[2.751350] (drone_control) StdoutLine: {'line': b'copying drone_control/drone_controller_node.py -> /home/tiffany/fyp_ws/build/drone_control/build/lib/drone_control\n'}
[2.751414] (drone_control) StdoutLine: {'line': b'copying drone_control/sim_bridge_node.py -> /home/tiffany/fyp_ws/build/drone_control/build/lib/drone_control\n'}
[2.751476] (drone_control) StdoutLine: {'line': b'running install\n'}
[2.751545] (drone_control) StdoutLine: {'line': b'running install_lib\n'}
[2.751700] (llm_refinement) StdoutLine: {'line': b'running install\n'}
[2.751864] (llm_refinement) StdoutLine: {'line': b'running install_lib\n'}
[2.751929] (formation_planner) StdoutLine: {'line': b'copying /home/tiffany/fyp_ws/build/formation_planner/build/lib/formation_planner/assignment_node.py -> /home/tiffany/fyp_ws/install/formation_planner/lib/python3.10/site-packages/formation_planner\n'}
[2.752059] (formation_planner) StdoutLine: {'line': b'copying /home/tiffany/fyp_ws/build/formation_planner/build/lib/formation_planner/shape_sampling_node.py -> /home/tiffany/fyp_ws/install/formation_planner/lib/python3.10/site-packages/formation_planner\n'}
[2.752118] (formation_planner) StdoutLine: {'line': b'copying /home/tiffany/fyp_ws/build/formation_planner/build/lib/formation_planner/mapf_node.py -> /home/tiffany/fyp_ws/install/formation_planner/lib/python3.10/site-packages/formation_planner\n'}
[2.752224] (formation_planner) StdoutLine: {'line': b'copying /home/tiffany/fyp_ws/build/formation_planner/build/lib/formation_planner/drone_validator_node.py -> /home/tiffany/fyp_ws/install/formation_planner/lib/python3.10/site-packages/formation_planner\n'}
[2.752287] (llm_refinement) StdoutLine: {'line': b'creating /home/tiffany/fyp_ws/install/llm_refinement/lib/python3.10/site-packages/llm_refinement\n'}
[2.752374] (llm_refinement) StdoutLine: {'line': b'copying /home/tiffany/fyp_ws/build/llm_refinement/build/lib/llm_refinement/__init__.py -> /home/tiffany/fyp_ws/install/llm_refinement/lib/python3.10/site-packages/llm_refinement\n'}
[2.752459] (formation_planner) StdoutLine: {'line': b'byte-compiling /home/tiffany/fyp_ws/install/formation_planner/lib/python3.10/site-packages/formation_planner/coords_mapping_node.py to coords_mapping_node.cpython-310.pyc\n'}
[2.752541] (llm_refinement) StdoutLine: {'line': b'copying /home/tiffany/fyp_ws/build/llm_refinement/build/lib/llm_refinement/llm_interface_node.py -> /home/tiffany/fyp_ws/install/llm_refinement/lib/python3.10/site-packages/llm_refinement\n'}
[2.752711] (formation_planner) StdoutLine: {'line': b'byte-compiling /home/tiffany/fyp_ws/install/formation_planner/lib/python3.10/site-packages/formation_planner/__init__.py to __init__.cpython-310.pyc\n'}
[2.752823] (formation_planner) StdoutLine: {'line': b'byte-compiling /home/tiffany/fyp_ws/install/formation_planner/lib/python3.10/site-packages/formation_planner/assignment_node.py to assignment_node.cpython-310.pyc\n'}
[2.752911] (drone_control) StdoutLine: {'line': b'creating /home/tiffany/fyp_ws/install/drone_control/lib/python3.10/site-packages/drone_control\n'}
[2.753010] (drone_control) StdoutLine: {'line': b'copying /home/tiffany/fyp_ws/build/drone_control/build/lib/drone_control/__init__.py -> /home/tiffany/fyp_ws/install/drone_control/lib/python3.10/site-packages/drone_control\n'}
[2.753069] (llm_refinement) StdoutLine: {'line': b'copying /home/tiffany/fyp_ws/build/llm_refinement/build/lib/llm_refinement/coords_adjust_node.py -> /home/tiffany/fyp_ws/install/llm_refinement/lib/python3.10/site-packages/llm_refinement\n'}
[2.753129] (formation_planner) StdoutLine: {'line': b'byte-compiling /home/tiffany/fyp_ws/install/formation_planner/lib/python3.10/site-packages/formation_planner/shape_sampling_node.py to shape_sampling_node.cpython-310.pyc\n'}
[2.753186] (drone_control) StdoutLine: {'line': b'copying /home/tiffany/fyp_ws/build/drone_control/build/lib/drone_control/pose_publisher_node.py -> /home/tiffany/fyp_ws/install/drone_control/lib/python3.10/site-packages/drone_control\n'}
[2.753241] (drone_control) StdoutLine: {'line': b'copying /home/tiffany/fyp_ws/build/drone_control/build/lib/drone_control/drone_controller_node.py -> /home/tiffany/fyp_ws/install/drone_control/lib/python3.10/site-packages/drone_control\n'}
[2.753294] (llm_refinement) StdoutLine: {'line': b'byte-compiling /home/tiffany/fyp_ws/install/llm_refinement/lib/python3.10/site-packages/llm_refinement/__init__.py to __init__.cpython-310.pyc\n'}
[2.753345] (formation_planner) StdoutLine: {'line': b'byte-compiling /home/tiffany/fyp_ws/install/formation_planner/lib/python3.10/site-packages/formation_planner/mapf_node.py to mapf_node.cpython-310.pyc\n'}
[2.753404] (drone_control) StdoutLine: {'line': b'copying /home/tiffany/fyp_ws/build/drone_control/build/lib/drone_control/sim_bridge_node.py -> /home/tiffany/fyp_ws/install/drone_control/lib/python3.10/site-packages/drone_control\n'}
[2.753455] (llm_refinement) StdoutLine: {'line': b'byte-compiling /home/tiffany/fyp_ws/install/llm_refinement/lib/python3.10/site-packages/llm_refinement/llm_interface_node.py to llm_interface_node.cpython-310.pyc\n'}
[2.753504] (drone_control) StdoutLine: {'line': b'byte-compiling /home/tiffany/fyp_ws/install/drone_control/lib/python3.10/site-packages/drone_control/__init__.py to __init__.cpython-310.pyc\n'}
[2.753555] (llm_refinement) StdoutLine: {'line': b'byte-compiling /home/tiffany/fyp_ws/install/llm_refinement/lib/python3.10/site-packages/llm_refinement/coords_adjust_node.py to coords_adjust_node.cpython-310.pyc\n'}
[2.753647] (llm_refinement) StdoutLine: {'line': b'running install_data\n'}
[2.753779] (llm_refinement) StdoutLine: {'line': b'creating /home/tiffany/fyp_ws/install/llm_refinement/share/ament_index\n'}
[2.753863] (llm_refinement) StdoutLine: {'line': b'creating /home/tiffany/fyp_ws/install/llm_refinement/share/ament_index/resource_index\n'}
[2.753943] (llm_refinement) StdoutLine: {'line': b'creating /home/tiffany/fyp_ws/install/llm_refinement/share/ament_index/resource_index/packages\n'}
[2.754017] (formation_ui) StdoutLine: {'line': b'Copying ../../build/formation_ui/formation_ui.egg-info to /home/tiffany/fyp_ws/install/formation_ui/lib/python3.10/site-packages/formation_ui-0.0.0-py3.10.egg-info\n'}
[2.754143] (formation_planner) StdoutLine: {'line': b'byte-compiling /home/tiffany/fyp_ws/install/formation_planner/lib/python3.10/site-packages/formation_planner/drone_validator_node.py to drone_validator_node.cpython-310.pyc\n'}
[2.754229] (formation_planner) StdoutLine: {'line': b'running install_data\n'}
[2.754318] (formation_planner) StdoutLine: {'line': b'creating /home/tiffany/fyp_ws/install/formation_planner/share/ament_index\n'}
[2.754386] (formation_planner) StdoutLine: {'line': b'creating /home/tiffany/fyp_ws/install/formation_planner/share/ament_index/resource_index\n'}
[2.754453] (formation_planner) StdoutLine: {'line': b'creating /home/tiffany/fyp_ws/install/formation_planner/share/ament_index/resource_index/packages\n'}
[2.754517] (formation_planner) StdoutLine: {'line': b'copying resource/formation_planner -> /home/tiffany/fyp_ws/install/formation_planner/share/ament_index/resource_index/packages\n'}
[2.754580] (llm_refinement) StdoutLine: {'line': b'copying resource/llm_refinement -> /home/tiffany/fyp_ws/install/llm_refinement/share/ament_index/resource_index/packages\n'}
[2.754657] (formation_planner) StdoutLine: {'line': b'copying package.xml -> /home/tiffany/fyp_ws/install/formation_planner/share/formation_planner\n'}
[2.754719] (drone_control) StdoutLine: {'line': b'byte-compiling /home/tiffany/fyp_ws/install/drone_control/lib/python3.10/site-packages/drone_control/pose_publisher_node.py to pose_publisher_node.cpython-310.pyc\n'}
[2.754808] (llm_refinement) StdoutLine: {'line': b'copying package.xml -> /home/tiffany/fyp_ws/install/llm_refinement/share/llm_refinement\n'}
[2.754867] (llm_refinement) StdoutLine: {'line': b'running install_egg_info\n'}
[2.754919] (formation_planner) StdoutLine: {'line': b'running install_egg_info\n'}
[2.755002] (drone_control) StdoutLine: {'line': b'byte-compiling /home/tiffany/fyp_ws/install/drone_control/lib/python3.10/site-packages/drone_control/drone_controller_node.py to drone_controller_node.cpython-310.pyc\n'}
[2.755062] (drone_control) StdoutLine: {'line': b'byte-compiling /home/tiffany/fyp_ws/install/drone_control/lib/python3.10/site-packages/drone_control/sim_bridge_node.py to sim_bridge_node.cpython-310.pyc\n'}
[2.755123] (drone_control) StdoutLine: {'line': b'running install_data\n'}
[2.755179] (drone_control) StdoutLine: {'line': b'creating /home/tiffany/fyp_ws/install/drone_control/share/ament_index\n'}
[2.755232] (drone_control) StdoutLine: {'line': b'creating /home/tiffany/fyp_ws/install/drone_control/share/ament_index/resource_index\n'}
[2.755292] (drone_control) StdoutLine: {'line': b'creating /home/tiffany/fyp_ws/install/drone_control/share/ament_index/resource_index/packages\n'}
[2.755344] (drone_control) StdoutLine: {'line': b'copying resource/drone_control -> /home/tiffany/fyp_ws/install/drone_control/share/ament_index/resource_index/packages\n'}
[2.755395] (formation_ui) StdoutLine: {'line': b'running install_scripts\n'}
[2.755453] (drone_control) StdoutLine: {'line': b'copying package.xml -> /home/tiffany/fyp_ws/install/drone_control/share/drone_control\n'}
[2.755503] (drone_control) StdoutLine: {'line': b'running install_egg_info\n'}
[2.755552] (formation_planner) StdoutLine: {'line': b'Copying ../../build/formation_planner/formation_planner.egg-info to /home/tiffany/fyp_ws/install/formation_planner/lib/python3.10/site-packages/formation_planner-0.0.0-py3.10.egg-info\n'}
[2.755612] (llm_refinement) StdoutLine: {'line': b'Copying ../../build/llm_refinement/llm_refinement.egg-info to /home/tiffany/fyp_ws/install/llm_refinement/lib/python3.10/site-packages/llm_refinement-0.0.0-py3.10.egg-info\n'}
[2.755682] (formation_planner) StdoutLine: {'line': b'running install_scripts\n'}
[2.755894] (llm_refinement) StdoutLine: {'line': b'running install_scripts\n'}
[2.756021] (drone_control) StdoutLine: {'line': b'Copying ../../build/drone_control/drone_control.egg-info to /home/tiffany/fyp_ws/install/drone_control/lib/python3.10/site-packages/drone_control-0.0.0-py3.10.egg-info\n'}
[2.757130] (drone_control) StdoutLine: {'line': b'running install_scripts\n'}
[2.769120] (task_manager) StdoutLine: {'line': b'Installing task_manager_node script to /home/tiffany/fyp_ws/install/task_manager/lib/task_manager\n'}
[2.769522] (task_manager) StdoutLine: {'line': b"writing list of installed files to '/home/tiffany/fyp_ws/build/task_manager/install.log'\n"}
[2.775198] (formation_ui) StdoutLine: {'line': b'Installing canvas_server_node script to /home/tiffany/fyp_ws/install/formation_ui/lib/formation_ui\n'}
[2.775632] (formation_ui) StdoutLine: {'line': b"writing list of installed files to '/home/tiffany/fyp_ws/build/formation_ui/install.log'\n"}
[2.776628] (formation_planner) StdoutLine: {'line': b'Installing assignment_node script to /home/tiffany/fyp_ws/install/formation_planner/lib/formation_planner\n'}
[2.776838] (formation_planner) StdoutLine: {'line': b'Installing coords_mapping_node script to /home/tiffany/fyp_ws/install/formation_planner/lib/formation_planner\n'}
[2.777005] (formation_planner) StdoutLine: {'line': b'Installing drone_validator_node script to /home/tiffany/fyp_ws/install/formation_planner/lib/formation_planner\n'}
[2.777134] (formation_planner) StdoutLine: {'line': b'Installing mapf_node script to /home/tiffany/fyp_ws/install/formation_planner/lib/formation_planner\n'}
[2.777316] (formation_planner) StdoutLine: {'line': b'Installing shape_sampling_node script to /home/tiffany/fyp_ws/install/formation_planner/lib/formation_planner\n'}
[2.777400] (llm_refinement) StdoutLine: {'line': b'Installing coords_adjust_node script to /home/tiffany/fyp_ws/install/llm_refinement/lib/llm_refinement\n'}
[2.777482] (llm_refinement) StdoutLine: {'line': b'Installing llm_interface_node script to /home/tiffany/fyp_ws/install/llm_refinement/lib/llm_refinement\n'}
[2.777588] (llm_refinement) StdoutLine: {'line': b"writing list of installed files to '/home/tiffany/fyp_ws/build/llm_refinement/install.log'\n"}
[2.777709] (formation_planner) StdoutLine: {'line': b"writing list of installed files to '/home/tiffany/fyp_ws/build/formation_planner/install.log'\n"}
[2.779328] (drone_control) StdoutLine: {'line': b'Installing drone_controller_node script to /home/tiffany/fyp_ws/install/drone_control/lib/drone_control\n'}
[2.779554] (drone_control) StdoutLine: {'line': b'Installing pose_publisher_node script to /home/tiffany/fyp_ws/install/drone_control/lib/drone_control\n'}
[2.779782] (drone_control) StdoutLine: {'line': b'Installing sim_bridge_node script to /home/tiffany/fyp_ws/install/drone_control/lib/drone_control\n'}
[2.780268] (drone_control) StdoutLine: {'line': b"writing list of installed files to '/home/tiffany/fyp_ws/build/drone_control/install.log'\n"}
[2.804220] (task_manager) CommandEnded: {'returncode': 0}
[2.807605] (-) TimerEvent: {}
[2.814326] (task_manager) JobEnded: {'identifier': 'task_manager', 'rc': 0}
[2.816048] (llm_refinement) CommandEnded: {'returncode': 0}
[2.823712] (llm_refinement) JobEnded: {'identifier': 'llm_refinement', 'rc': 0}
[2.825795] (formation_ui) CommandEnded: {'returncode': 0}
[2.832397] (formation_ui) JobEnded: {'identifier': 'formation_ui', 'rc': 0}
[2.833816] (formation_planner) CommandEnded: {'returncode': 0}
[2.840234] (formation_planner) JobEnded: {'identifier': 'formation_planner', 'rc': 0}
[2.841041] (drone_control) CommandEnded: {'returncode': 0}
[2.846672] (drone_control) JobEnded: {'identifier': 'drone_control', 'rc': 0}
[2.847851] (-) EventReactorShutdown: {}
