[0.000000] (-) TimerEvent: {}
[0.000164] (formation_gazebo) JobQueued: {'identifier': 'formation_gazebo', 'dependencies': OrderedDict()}
[0.000195] (formation_msgs) JobQueued: {'identifier': 'formation_msgs', 'dependencies': OrderedDict()}
[0.000223] (drone_control) JobQueued: {'identifier': 'drone_control', 'dependencies': OrderedDict([('formation_msgs', '/home/tiffany/fyp_ws/install/formation_msgs')])}
[0.000243] (formation_planner) JobQueued: {'identifier': 'formation_planner', 'dependencies': OrderedDict([('formation_msgs', '/home/tiffany/fyp_ws/install/formation_msgs')])}
[0.000260] (formation_ui) JobQueued: {'identifier': 'formation_ui', 'dependencies': OrderedDict([('formation_msgs', '/home/tiffany/fyp_ws/install/formation_msgs')])}
[0.000277] (llm_refinement) JobQueued: {'identifier': 'llm_refinement', 'dependencies': OrderedDict([('formation_msgs', '/home/tiffany/fyp_ws/install/formation_msgs')])}
[0.000292] (task_manager) JobQueued: {'identifier': 'task_manager', 'dependencies': OrderedDict([('formation_msgs', '/home/tiffany/fyp_ws/install/formation_msgs')])}
[0.000309] (formation_msgs) JobStarted: {'identifier': 'formation_msgs'}
[0.006510] (formation_gazebo) JobStarted: {'identifier': 'formation_gazebo'}
[0.009982] (formation_msgs) JobProgress: {'identifier': 'formation_msgs', 'progress': 'cmake'}
[0.010681] (formation_msgs) JobProgress: {'identifier': 'formation_msgs', 'progress': 'build'}
[0.011634] (formation_msgs) Command: {'cmd': ['/usr/bin/cmake', '--build', '/home/tiffany/fyp_ws/build/formation_msgs', '--', '-j16', '-l16'], 'cwd': '/home/tiffany/fyp_ws/build/formation_msgs', 'env': OrderedDict([('LESSOPEN', '| /usr/bin/lesspipe %s'), ('USER', 'tiffany'), ('LC_TIME', 'id_ID.UTF-8'), ('XDG_SESSION_TYPE', 'wayland'), ('SHLVL', '1'), ('LD_LIBRARY_PATH', '/opt/ros/humble/opt/rviz_ogre_vendor/lib:/opt/ros/humble/lib/x86_64-linux-gnu:/opt/ros/humble/lib'), ('HOME', '/home/tiffany'), ('OLDPWD', '/home/tiffany'), ('DESKTOP_SESSION', 'ubuntu'), ('ROS_PYTHON_VERSION', '3'), ('GNOME_SHELL_SESSION_MODE', 'ubuntu'), ('GTK_MODULES', 'gail:atk-bridge'), ('LC_MONETARY', 'id_ID.UTF-8'), ('SYSTEMD_EXEC_PID', '1820'), ('DBUS_SESSION_BUS_ADDRESS', 'unix:path=/run/user/1000/bus'), ('COLORTERM', 'truecolor'), ('IM_CONFIG_PHASE', '1'), ('WAYLAND_DISPLAY', 'wayland-0'), ('ROS_DISTRO', 'humble'), ('LOGNAME', 'tiffany'), ('_', '/usr/bin/colcon'), ('ROS_VERSION', '2'), ('XDG_SESSION_CLASS', 'user'), ('USERNAME', 'tiffany'), ('TERM', 'xterm-256color'), ('GNOME_DESKTOP_SESSION_ID', 'this-is-deprecated'), ('ROS_LOCALHOST_ONLY', '0'), ('PATH', '/opt/ros/humble/bin:/home/tiffany/.local/bin:/usr/local/sbin:/usr/local/bin:/usr/sbin:/usr/bin:/sbin:/bin:/usr/games:/usr/local/games:/snap/bin:/snap/bin'), ('SESSION_MANAGER', 'local/tiffany-HP:@/tmp/.ICE-unix/1603,unix/tiffany-HP:/tmp/.ICE-unix/1603'), ('XDG_MENU_PREFIX', 'gnome-'), ('LC_ADDRESS', 'id_ID.UTF-8'), ('GNOME_TERMINAL_SCREEN', '/org/gnome/Terminal/screen/13cadd04_d855_4740_84c0_450cac55f6f9'), ('GNOME_SETUP_DISPLAY', ':1'), ('XDG_RUNTIME_DIR', '/run/user/1000'), ('DISPLAY', ':0'), ('LANG', 'en_US.UTF-8'), ('XDG_CURRENT_DESKTOP', 'ubuntu:GNOME'), ('LC_TELEPHONE', 'id_ID.UTF-8'), ('XMODIFIERS', '@im=ibus'), ('XDG_SESSION_DESKTOP', 'ubuntu'), ('XAUTHORITY', '/run/user/1000/.mutter-Xwaylandauth.E2BUV3'), ('LS_COLORS', 'rs=0:di=01;34:ln=01;36:mh=00:pi=40;33:so=01;35:do=01;35:bd=40;33;01:cd=40;33;01:or=40;31;01:mi=00:su=37;41:sg=30;43:ca=30;41:tw=30;42:ow=34;42:st=37;44:ex=01;32:*.tar=01;31:*.tgz=01;31:*.arc=01;31:*.arj=01;31:*.taz=01;31:*.lha=01;31:*.lz4=01;31:*.lzh=01;31:*.lzma=01;31:*.tlz=01;31:*.txz=01;31:*.tzo=01;31:*.t7z=01;31:*.zip=01;31:*.z=01;31:*.dz=01;31:*.gz=01;31:*.lrz=01;31:*.lz=01;31:*.lzo=01;31:*.xz=01;31:*.zst=01;31:*.tzst=01;31:*.bz2=01;31:*.bz=01;31:*.tbz=01;31:*.tbz2=01;31:*.tz=01;31:*.deb=01;31:*.rpm=01;31:*.jar=01;31:*.war=01;31:*.ear=01;31:*.sar=01;31:*.rar=01;31:*.alz=01;31:*.ace=01;31:*.zoo=01;31:*.cpio=01;31:*.7z=01;31:*.rz=01;31:*.cab=01;31:*.wim=01;31:*.swm=01;31:*.dwm=01;31:*.esd=01;31:*.jpg=01;35:*.jpeg=01;35:*.mjpg=01;35:*.mjpeg=01;35:*.gif=01;35:*.bmp=01;35:*.pbm=01;35:*.pgm=01;35:*.ppm=01;35:*.tga=01;35:*.xbm=01;35:*.xpm=01;35:*.tif=01;35:*.tiff=01;35:*.png=01;35:*.svg=01;35:*.svgz=01;35:*.mng=01;35:*.pcx=01;35:*.mov=01;35:*.mpg=01;35:*.mpeg=01;35:*.m2v=01;35:*.mkv=01;35:*.webm=01;35:*.webp=01;35:*.ogm=01;35:*.mp4=01;35:*.m4v=01;35:*.mp4v=01;35:*.vob=01;35:*.qt=01;35:*.nuv=01;35:*.wmv=01;35:*.asf=01;35:*.rm=01;35:*.rmvb=01;35:*.flc=01;35:*.avi=01;35:*.fli=01;35:*.flv=01;35:*.gl=01;35:*.dl=01;35:*.xcf=01;35:*.xwd=01;35:*.yuv=01;35:*.cgm=01;35:*.emf=01;35:*.ogv=01;35:*.ogx=01;35:*.aac=00;36:*.au=00;36:*.flac=00;36:*.m4a=00;36:*.mid=00;36:*.midi=00;36:*.mka=00;36:*.mp3=00;36:*.mpc=00;36:*.ogg=00;36:*.ra=00;36:*.wav=00;36:*.oga=00;36:*.opus=00;36:*.spx=00;36:*.xspf=00;36:'), ('GNOME_TERMINAL_SERVICE', ':1.170'), ('SSH_AGENT_LAUNCHER', 'gnome-keyring'), ('SSH_AUTH_SOCK', '/run/user/1000/keyring/ssh'), ('AMENT_PREFIX_PATH', '/opt/ros/humble'), ('SHELL', '/bin/bash'), ('LC_NAME', 'id_ID.UTF-8'), ('QT_ACCESSIBILITY', '1'), ('GDMSESSION', 'ubuntu'), ('LESSCLOSE', '/usr/bin/lesspipe %s %s'), ('IGN_GAZEBO_RESOURCE_PATH', ':/home/tiffany/fyp_ws/src/formation_gazebo/models'), ('LC_MEASUREMENT', 'id_ID.UTF-8'), ('LC_IDENTIFICATION', 'id_ID.UTF-8'), ('QT_IM_MODULE', 'ibus'), ('PWD', '/home/tiffany/fyp_ws/build/formation_msgs'), ('LC_ALL', 'en_US.UTF-8'), ('XDG_CONFIG_DIRS', '/etc/xdg/xdg-ubuntu:/etc/xdg'), ('XDG_DATA_DIRS', '/usr/share/ubuntu:/usr/local/share/:/usr/share/:/var/lib/snapd/desktop'), ('PYTHONPATH', '/opt/ros/humble/lib/python3.10/site-packages:/opt/ros/humble/local/lib/python3.10/dist-packages'), ('LC_NUMERIC', 'id_ID.UTF-8'), ('LC_PAPER', 'id_ID.UTF-8'), ('COLCON', '1'), ('VTE_VERSION', '6800'), ('CMAKE_PREFIX_PATH', '/opt/ros/humble')]), 'shell': False}
[0.015722] (formation_gazebo) JobProgress: {'identifier': 'formation_gazebo', 'progress': 'cmake'}
[0.016300] (formation_gazebo) JobProgress: {'identifier': 'formation_gazebo', 'progress': 'build'}
[0.017273] (formation_gazebo) Command: {'cmd': ['/usr/bin/cmake', '--build', '/home/tiffany/fyp_ws/build/formation_gazebo', '--', '-j16', '-l16'], 'cwd': '/home/tiffany/fyp_ws/build/formation_gazebo', 'env': OrderedDict([('LESSOPEN', '| /usr/bin/lesspipe %s'), ('USER', 'tiffany'), ('LC_TIME', 'id_ID.UTF-8'), ('XDG_SESSION_TYPE', 'wayland'), ('SHLVL', '1'), ('LD_LIBRARY_PATH', '/opt/ros/humble/opt/rviz_ogre_vendor/lib:/opt/ros/humble/lib/x86_64-linux-gnu:/opt/ros/humble/lib'), ('HOME', '/home/tiffany'), ('OLDPWD', '/home/tiffany'), ('DESKTOP_SESSION', 'ubuntu'), ('ROS_PYTHON_VERSION', '3'), ('GNOME_SHELL_SESSION_MODE', 'ubuntu'), ('GTK_MODULES', 'gail:atk-bridge'), ('LC_MONETARY', 'id_ID.UTF-8'), ('SYSTEMD_EXEC_PID', '1820'), ('DBUS_SESSION_BUS_ADDRESS', 'unix:path=/run/user/1000/bus'), ('COLORTERM', 'truecolor'), ('IM_CONFIG_PHASE', '1'), ('WAYLAND_DISPLAY', 'wayland-0'), ('ROS_DISTRO', 'humble'), ('LOGNAME', 'tiffany'), ('_', '/usr/bin/colcon'), ('ROS_VERSION', '2'), ('XDG_SESSION_CLASS', 'user'), ('USERNAME', 'tiffany'), ('TERM', 'xterm-256color'), ('GNOME_DESKTOP_SESSION_ID', 'this-is-deprecated'), ('ROS_LOCALHOST_ONLY', '0'), ('PATH', '/opt/ros/humble/bin:/home/tiffany/.local/bin:/usr/local/sbin:/usr/local/bin:/usr/sbin:/usr/bin:/sbin:/bin:/usr/games:/usr/local/games:/snap/bin:/snap/bin'), ('SESSION_MANAGER', 'local/tiffany-HP:@/tmp/.ICE-unix/1603,unix/tiffany-HP:/tmp/.ICE-unix/1603'), ('XDG_MENU_PREFIX', 'gnome-'), ('LC_ADDRESS', 'id_ID.UTF-8'), ('GNOME_TERMINAL_SCREEN', '/org/gnome/Terminal/screen/13cadd04_d855_4740_84c0_450cac55f6f9'), ('GNOME_SETUP_DISPLAY', ':1'), ('XDG_RUNTIME_DIR', '/run/user/1000'), ('DISPLAY', ':0'), ('LANG', 'en_US.UTF-8'), ('XDG_CURRENT_DESKTOP', 'ubuntu:GNOME'), ('LC_TELEPHONE', 'id_ID.UTF-8'), ('XMODIFIERS', '@im=ibus'), ('XDG_SESSION_DESKTOP', 'ubuntu'), ('XAUTHORITY', '/run/user/1000/.mutter-Xwaylandauth.E2BUV3'), ('LS_COLORS', 'rs=0:di=01;34:ln=01;36:mh=00:pi=40;33:so=01;35:do=01;35:bd=40;33;01:cd=40;33;01:or=40;31;01:mi=00:su=37;41:sg=30;43:ca=30;41:tw=30;42:ow=34;42:st=37;44:ex=01;32:*.tar=01;31:*.tgz=01;31:*.arc=01;31:*.arj=01;31:*.taz=01;31:*.lha=01;31:*.lz4=01;31:*.lzh=01;31:*.lzma=01;31:*.tlz=01;31:*.txz=01;31:*.tzo=01;31:*.t7z=01;31:*.zip=01;31:*.z=01;31:*.dz=01;31:*.gz=01;31:*.lrz=01;31:*.lz=01;31:*.lzo=01;31:*.xz=01;31:*.zst=01;31:*.tzst=01;31:*.bz2=01;31:*.bz=01;31:*.tbz=01;31:*.tbz2=01;31:*.tz=01;31:*.deb=01;31:*.rpm=01;31:*.jar=01;31:*.war=01;31:*.ear=01;31:*.sar=01;31:*.rar=01;31:*.alz=01;31:*.ace=01;31:*.zoo=01;31:*.cpio=01;31:*.7z=01;31:*.rz=01;31:*.cab=01;31:*.wim=01;31:*.swm=01;31:*.dwm=01;31:*.esd=01;31:*.jpg=01;35:*.jpeg=01;35:*.mjpg=01;35:*.mjpeg=01;35:*.gif=01;35:*.bmp=01;35:*.pbm=01;35:*.pgm=01;35:*.ppm=01;35:*.tga=01;35:*.xbm=01;35:*.xpm=01;35:*.tif=01;35:*.tiff=01;35:*.png=01;35:*.svg=01;35:*.svgz=01;35:*.mng=01;35:*.pcx=01;35:*.mov=01;35:*.mpg=01;35:*.mpeg=01;35:*.m2v=01;35:*.mkv=01;35:*.webm=01;35:*.webp=01;35:*.ogm=01;35:*.mp4=01;35:*.m4v=01;35:*.mp4v=01;35:*.vob=01;35:*.qt=01;35:*.nuv=01;35:*.wmv=01;35:*.asf=01;35:*.rm=01;35:*.rmvb=01;35:*.flc=01;35:*.avi=01;35:*.fli=01;35:*.flv=01;35:*.gl=01;35:*.dl=01;35:*.xcf=01;35:*.xwd=01;35:*.yuv=01;35:*.cgm=01;35:*.emf=01;35:*.ogv=01;35:*.ogx=01;35:*.aac=00;36:*.au=00;36:*.flac=00;36:*.m4a=00;36:*.mid=00;36:*.midi=00;36:*.mka=00;36:*.mp3=00;36:*.mpc=00;36:*.ogg=00;36:*.ra=00;36:*.wav=00;36:*.oga=00;36:*.opus=00;36:*.spx=00;36:*.xspf=00;36:'), ('GNOME_TERMINAL_SERVICE', ':1.170'), ('SSH_AGENT_LAUNCHER', 'gnome-keyring'), ('SSH_AUTH_SOCK', '/run/user/1000/keyring/ssh'), ('AMENT_PREFIX_PATH', '/opt/ros/humble'), ('SHELL', '/bin/bash'), ('LC_NAME', 'id_ID.UTF-8'), ('QT_ACCESSIBILITY', '1'), ('GDMSESSION', 'ubuntu'), ('LESSCLOSE', '/usr/bin/lesspipe %s %s'), ('IGN_GAZEBO_RESOURCE_PATH', ':/home/tiffany/fyp_ws/src/formation_gazebo/models'), ('LC_MEASUREMENT', 'id_ID.UTF-8'), ('LC_IDENTIFICATION', 'id_ID.UTF-8'), ('QT_IM_MODULE', 'ibus'), ('PWD', '/home/tiffany/fyp_ws/build/formation_gazebo'), ('LC_ALL', 'en_US.UTF-8'), ('XDG_CONFIG_DIRS', '/etc/xdg/xdg-ubuntu:/etc/xdg'), ('XDG_DATA_DIRS', '/usr/share/ubuntu:/usr/local/share/:/usr/share/:/var/lib/snapd/desktop'), ('PYTHONPATH', '/opt/ros/humble/lib/python3.10/site-packages:/opt/ros/humble/local/lib/python3.10/dist-packages'), ('LC_NUMERIC', 'id_ID.UTF-8'), ('LC_PAPER', 'id_ID.UTF-8'), ('COLCON', '1'), ('VTE_VERSION', '6800'), ('CMAKE_PREFIX_PATH', '/opt/ros/humble')]), 'shell': False}
[0.068911] (formation_gazebo) CommandEnded: {'returncode': 0}
[0.069773] (formation_gazebo) JobProgress: {'identifier': 'formation_gazebo', 'progress': 'install'}
[0.083223] (formation_gazebo) Command: {'cmd': ['/usr/bin/cmake', '--install', '/home/tiffany/fyp_ws/build/formation_gazebo'], 'cwd': '/home/tiffany/fyp_ws/build/formation_gazebo', 'env': OrderedDict([('LESSOPEN', '| /usr/bin/lesspipe %s'), ('USER', 'tiffany'), ('LC_TIME', 'id_ID.UTF-8'), ('XDG_SESSION_TYPE', 'wayland'), ('SHLVL', '1'), ('LD_LIBRARY_PATH', '/opt/ros/humble/opt/rviz_ogre_vendor/lib:/opt/ros/humble/lib/x86_64-linux-gnu:/opt/ros/humble/lib'), ('HOME', '/home/tiffany'), ('OLDPWD', '/home/tiffany'), ('DESKTOP_SESSION', 'ubuntu'), ('ROS_PYTHON_VERSION', '3'), ('GNOME_SHELL_SESSION_MODE', 'ubuntu'), ('GTK_MODULES', 'gail:atk-bridge'), ('LC_MONETARY', 'id_ID.UTF-8'), ('SYSTEMD_EXEC_PID', '1820'), ('DBUS_SESSION_BUS_ADDRESS', 'unix:path=/run/user/1000/bus'), ('COLORTERM', 'truecolor'), ('IM_CONFIG_PHASE', '1'), ('WAYLAND_DISPLAY', 'wayland-0'), ('ROS_DISTRO', 'humble'), ('LOGNAME', 'tiffany'), ('_', '/usr/bin/colcon'), ('ROS_VERSION', '2'), ('XDG_SESSION_CLASS', 'user'), ('USERNAME', 'tiffany'), ('TERM', 'xterm-256color'), ('GNOME_DESKTOP_SESSION_ID', 'this-is-deprecated'), ('ROS_LOCALHOST_ONLY', '0'), ('PATH', '/opt/ros/humble/bin:/home/tiffany/.local/bin:/usr/local/sbin:/usr/local/bin:/usr/sbin:/usr/bin:/sbin:/bin:/usr/games:/usr/local/games:/snap/bin:/snap/bin'), ('SESSION_MANAGER', 'local/tiffany-HP:@/tmp/.ICE-unix/1603,unix/tiffany-HP:/tmp/.ICE-unix/1603'), ('XDG_MENU_PREFIX', 'gnome-'), ('LC_ADDRESS', 'id_ID.UTF-8'), ('GNOME_TERMINAL_SCREEN', '/org/gnome/Terminal/screen/13cadd04_d855_4740_84c0_450cac55f6f9'), ('GNOME_SETUP_DISPLAY', ':1'), ('XDG_RUNTIME_DIR', '/run/user/1000'), ('DISPLAY', ':0'), ('LANG', 'en_US.UTF-8'), ('XDG_CURRENT_DESKTOP', 'ubuntu:GNOME'), ('LC_TELEPHONE', 'id_ID.UTF-8'), ('XMODIFIERS', '@im=ibus'), ('XDG_SESSION_DESKTOP', 'ubuntu'), ('XAUTHORITY', '/run/user/1000/.mutter-Xwaylandauth.E2BUV3'), ('LS_COLORS', 'rs=0:di=01;34:ln=01;36:mh=00:pi=40;33:so=01;35:do=01;35:bd=40;33;01:cd=40;33;01:or=40;31;01:mi=00:su=37;41:sg=30;43:ca=30;41:tw=30;42:ow=34;42:st=37;44:ex=01;32:*.tar=01;31:*.tgz=01;31:*.arc=01;31:*.arj=01;31:*.taz=01;31:*.lha=01;31:*.lz4=01;31:*.lzh=01;31:*.lzma=01;31:*.tlz=01;31:*.txz=01;31:*.tzo=01;31:*.t7z=01;31:*.zip=01;31:*.z=01;31:*.dz=01;31:*.gz=01;31:*.lrz=01;31:*.lz=01;31:*.lzo=01;31:*.xz=01;31:*.zst=01;31:*.tzst=01;31:*.bz2=01;31:*.bz=01;31:*.tbz=01;31:*.tbz2=01;31:*.tz=01;31:*.deb=01;31:*.rpm=01;31:*.jar=01;31:*.war=01;31:*.ear=01;31:*.sar=01;31:*.rar=01;31:*.alz=01;31:*.ace=01;31:*.zoo=01;31:*.cpio=01;31:*.7z=01;31:*.rz=01;31:*.cab=01;31:*.wim=01;31:*.swm=01;31:*.dwm=01;31:*.esd=01;31:*.jpg=01;35:*.jpeg=01;35:*.mjpg=01;35:*.mjpeg=01;35:*.gif=01;35:*.bmp=01;35:*.pbm=01;35:*.pgm=01;35:*.ppm=01;35:*.tga=01;35:*.xbm=01;35:*.xpm=01;35:*.tif=01;35:*.tiff=01;35:*.png=01;35:*.svg=01;35:*.svgz=01;35:*.mng=01;35:*.pcx=01;35:*.mov=01;35:*.mpg=01;35:*.mpeg=01;35:*.m2v=01;35:*.mkv=01;35:*.webm=01;35:*.webp=01;35:*.ogm=01;35:*.mp4=01;35:*.m4v=01;35:*.mp4v=01;35:*.vob=01;35:*.qt=01;35:*.nuv=01;35:*.wmv=01;35:*.asf=01;35:*.rm=01;35:*.rmvb=01;35:*.flc=01;35:*.avi=01;35:*.fli=01;35:*.flv=01;35:*.gl=01;35:*.dl=01;35:*.xcf=01;35:*.xwd=01;35:*.yuv=01;35:*.cgm=01;35:*.emf=01;35:*.ogv=01;35:*.ogx=01;35:*.aac=00;36:*.au=00;36:*.flac=00;36:*.m4a=00;36:*.mid=00;36:*.midi=00;36:*.mka=00;36:*.mp3=00;36:*.mpc=00;36:*.ogg=00;36:*.ra=00;36:*.wav=00;36:*.oga=00;36:*.opus=00;36:*.spx=00;36:*.xspf=00;36:'), ('GNOME_TERMINAL_SERVICE', ':1.170'), ('SSH_AGENT_LAUNCHER', 'gnome-keyring'), ('SSH_AUTH_SOCK', '/run/user/1000/keyring/ssh'), ('AMENT_PREFIX_PATH', '/opt/ros/humble'), ('SHELL', '/bin/bash'), ('LC_NAME', 'id_ID.UTF-8'), ('QT_ACCESSIBILITY', '1'), ('GDMSESSION', 'ubuntu'), ('LESSCLOSE', '/usr/bin/lesspipe %s %s'), ('IGN_GAZEBO_RESOURCE_PATH', ':/home/tiffany/fyp_ws/src/formation_gazebo/models'), ('LC_MEASUREMENT', 'id_ID.UTF-8'), ('LC_IDENTIFICATION', 'id_ID.UTF-8'), ('QT_IM_MODULE', 'ibus'), ('PWD', '/home/tiffany/fyp_ws/build/formation_gazebo'), ('LC_ALL', 'en_US.UTF-8'), ('XDG_CONFIG_DIRS', '/etc/xdg/xdg-ubuntu:/etc/xdg'), ('XDG_DATA_DIRS', '/usr/share/ubuntu:/usr/local/share/:/usr/share/:/var/lib/snapd/desktop'), ('PYTHONPATH', '/opt/ros/humble/lib/python3.10/site-packages:/opt/ros/humble/local/lib/python3.10/dist-packages'), ('LC_NUMERIC', 'id_ID.UTF-8'), ('LC_PAPER', 'id_ID.UTF-8'), ('COLCON', '1'), ('VTE_VERSION', '6800'), ('CMAKE_PREFIX_PATH', '/opt/ros/humble')]), 'shell': False}
[0.084610] (formation_msgs) StdoutLine: {'line': b'[  1%] Built target formation_msgs__rs\n'}
[0.084815] (formation_msgs) StdoutLine: {'line': b'[  1%] Built target formation_msgs__cpp\n'}
[0.087262] (formation_msgs) StdoutLine: {'line': b'[ 13%] Built target formation_msgs__rosidl_generator_c\n'}
[0.092867] (formation_gazebo) StdoutLine: {'line': b'-- Install configuration: ""\n'}
[0.093256] (formation_gazebo) StdoutLine: {'line': b'-- Up-to-date: /home/tiffany/fyp_ws/install/formation_gazebo/share/formation_gazebo/models\n'}
[0.093361] (formation_gazebo) StdoutLine: {'line': b'-- Up-to-date: /home/tiffany/fyp_ws/install/formation_gazebo/share/formation_gazebo/models/drone\n'}
[0.093440] (formation_gazebo) StdoutLine: {'line': b'-- Up-to-date: /home/tiffany/fyp_ws/install/formation_gazebo/share/formation_gazebo/models/drone/model.config\n'}
[0.093516] (formation_gazebo) StdoutLine: {'line': b'-- Installing: /home/tiffany/fyp_ws/install/formation_gazebo/share/formation_gazebo/models/drone/model.sdf\n'}
[0.093630] (formation_gazebo) StdoutLine: {'line': b'-- Up-to-date: /home/tiffany/fyp_ws/install/formation_gazebo/share/formation_gazebo/worlds\n'}
[0.093786] (formation_gazebo) StdoutLine: {'line': b'-- Up-to-date: /home/tiffany/fyp_ws/install/formation_gazebo/share/formation_gazebo/worlds/formation_world.sdf\n'}
[0.093862] (formation_gazebo) StdoutLine: {'line': b'-- Up-to-date: /home/tiffany/fyp_ws/install/formation_gazebo/share/ament_index/resource_index/package_run_dependencies/formation_gazebo\n'}
[0.093981] (formation_gazebo) StdoutLine: {'line': b'-- Up-to-date: /home/tiffany/fyp_ws/install/formation_gazebo/share/ament_index/resource_index/parent_prefix_path/formation_gazebo\n'}
[0.094063] (formation_gazebo) StdoutLine: {'line': b'-- Up-to-date: /home/tiffany/fyp_ws/install/formation_gazebo/share/formation_gazebo/environment/ament_prefix_path.sh\n'}
[0.094136] (formation_gazebo) StdoutLine: {'line': b'-- Up-to-date: /home/tiffany/fyp_ws/install/formation_gazebo/share/formation_gazebo/environment/ament_prefix_path.dsv\n'}
[0.094203] (formation_gazebo) StdoutLine: {'line': b'-- Up-to-date: /home/tiffany/fyp_ws/install/formation_gazebo/share/formation_gazebo/environment/path.sh\n'}
[0.094269] (formation_gazebo) StdoutLine: {'line': b'-- Up-to-date: /home/tiffany/fyp_ws/install/formation_gazebo/share/formation_gazebo/environment/path.dsv\n'}
[0.094366] (formation_gazebo) StdoutLine: {'line': b'-- Up-to-date: /home/tiffany/fyp_ws/install/formation_gazebo/share/formation_gazebo/local_setup.bash\n'}
[0.094480] (formation_gazebo) StdoutLine: {'line': b'-- Up-to-date: /home/tiffany/fyp_ws/install/formation_gazebo/share/formation_gazebo/local_setup.sh\n'}
[0.094538] (formation_gazebo) StdoutLine: {'line': b'-- Up-to-date: /home/tiffany/fyp_ws/install/formation_gazebo/share/formation_gazebo/local_setup.zsh\n'}
[0.094590] (formation_gazebo) StdoutLine: {'line': b'-- Up-to-date: /home/tiffany/fyp_ws/install/formation_gazebo/share/formation_gazebo/local_setup.dsv\n'}
[0.094676] (formation_gazebo) StdoutLine: {'line': b'-- Installing: /home/tiffany/fyp_ws/install/formation_gazebo/share/formation_gazebo/package.dsv\n'}
[0.094766] (formation_gazebo) StdoutLine: {'line': b'-- Up-to-date: /home/tiffany/fyp_ws/install/formation_gazebo/share/ament_index/resource_index/packages/formation_gazebo\n'}
[0.094827] (formation_gazebo) StdoutLine: {'line': b'-- Up-to-date: /home/tiffany/fyp_ws/install/formation_gazebo/share/formation_gazebo/cmake/formation_gazeboConfig.cmake\n'}
[0.094922] (formation_gazebo) StdoutLine: {'line': b'-- Up-to-date: /home/tiffany/fyp_ws/install/formation_gazebo/share/formation_gazebo/cmake/formation_gazeboConfig-version.cmake\n'}
[0.095032] (formation_gazebo) StdoutLine: {'line': b'-- Up-to-date: /home/tiffany/fyp_ws/install/formation_gazebo/share/formation_gazebo/package.xml\n'}
[0.098221] (formation_gazebo) CommandEnded: {'returncode': 0}
[0.099304] (-) TimerEvent: {}
[0.100254] (formation_msgs) StdoutLine: {'line': b'[ 13%] Built target ament_cmake_python_copy_formation_msgs\n'}
[0.120030] (formation_msgs) StdoutLine: {'line': b'[ 58%] Built target formation_msgs__rosidl_typesupport_introspection_c\n'}
[0.120248] (formation_msgs) StdoutLine: {'line': b'[ 58%] Built target formation_msgs__rosidl_typesupport_cpp\n'}
[0.120327] (formation_msgs) StdoutLine: {'line': b'[ 58%] Built target formation_msgs__rosidl_typesupport_c\n'}
[0.120397] (formation_msgs) StdoutLine: {'line': b'[ 59%] Built target formation_msgs__rosidl_typesupport_fastrtps_cpp\n'}
[0.120464] (formation_msgs) StdoutLine: {'line': b'[ 70%] Built target formation_msgs__rosidl_typesupport_fastrtps_c\n'}
[0.123490] (formation_msgs) StdoutLine: {'line': b'[ 82%] Built target formation_msgs__rosidl_typesupport_introspection_cpp\n'}
[0.124287] (formation_gazebo) JobEnded: {'identifier': 'formation_gazebo', 'rc': 0}
[0.153485] (formation_msgs) StdoutLine: {'line': b'[ 82%] Built target formation_msgs\n'}
[0.183621] (formation_msgs) StdoutLine: {'line': b'[ 83%] Built target formation_msgs__py\n'}
[0.199427] (-) TimerEvent: {}
[0.219318] (formation_msgs) StdoutLine: {'line': b'[ 94%] Built target formation_msgs__rosidl_generator_py\n'}
[0.250898] (formation_msgs) StdoutLine: {'line': b'[ 98%] Built target formation_msgs__rosidl_typesupport_c__pyext\n'}
[0.251235] (formation_msgs) StdoutLine: {'line': b'[ 98%] Built target formation_msgs__rosidl_typesupport_fastrtps_c__pyext\n'}
[0.251398] (formation_msgs) StdoutLine: {'line': b'[100%] Built target formation_msgs__rosidl_typesupport_introspection_c__pyext\n'}
[0.299559] (-) TimerEvent: {}
[0.379296] (formation_msgs) StdoutLine: {'line': b'running egg_info\n'}
[0.380033] (formation_msgs) StdoutLine: {'line': b'writing formation_msgs.egg-info/PKG-INFO\n'}
[0.380390] (formation_msgs) StdoutLine: {'line': b'writing dependency_links to formation_msgs.egg-info/dependency_links.txt\n'}
[0.380718] (formation_msgs) StdoutLine: {'line': b'writing top-level names to formation_msgs.egg-info/top_level.txt\n'}
[0.382979] (formation_msgs) StdoutLine: {'line': b"reading manifest file 'formation_msgs.egg-info/SOURCES.txt'\n"}
[0.383763] (formation_msgs) StdoutLine: {'line': b"writing manifest file 'formation_msgs.egg-info/SOURCES.txt'\n"}
[0.399683] (-) TimerEvent: {}
[0.415497] (formation_msgs) StdoutLine: {'line': b'[100%] Built target ament_cmake_python_build_formation_msgs_egg\n'}
[0.432856] (formation_msgs) CommandEnded: {'returncode': 0}
[0.433820] (formation_msgs) JobProgress: {'identifier': 'formation_msgs', 'progress': 'install'}
[0.434850] (formation_msgs) Command: {'cmd': ['/usr/bin/cmake', '--install', '/home/tiffany/fyp_ws/build/formation_msgs'], 'cwd': '/home/tiffany/fyp_ws/build/formation_msgs', 'env': OrderedDict([('LESSOPEN', '| /usr/bin/lesspipe %s'), ('USER', 'tiffany'), ('LC_TIME', 'id_ID.UTF-8'), ('XDG_SESSION_TYPE', 'wayland'), ('SHLVL', '1'), ('LD_LIBRARY_PATH', '/opt/ros/humble/opt/rviz_ogre_vendor/lib:/opt/ros/humble/lib/x86_64-linux-gnu:/opt/ros/humble/lib'), ('HOME', '/home/tiffany'), ('OLDPWD', '/home/tiffany'), ('DESKTOP_SESSION', 'ubuntu'), ('ROS_PYTHON_VERSION', '3'), ('GNOME_SHELL_SESSION_MODE', 'ubuntu'), ('GTK_MODULES', 'gail:atk-bridge'), ('LC_MONETARY', 'id_ID.UTF-8'), ('SYSTEMD_EXEC_PID', '1820'), ('DBUS_SESSION_BUS_ADDRESS', 'unix:path=/run/user/1000/bus'), ('COLORTERM', 'truecolor'), ('IM_CONFIG_PHASE', '1'), ('WAYLAND_DISPLAY', 'wayland-0'), ('ROS_DISTRO', 'humble'), ('LOGNAME', 'tiffany'), ('_', '/usr/bin/colcon'), ('ROS_VERSION', '2'), ('XDG_SESSION_CLASS', 'user'), ('USERNAME', 'tiffany'), ('TERM', 'xterm-256color'), ('GNOME_DESKTOP_SESSION_ID', 'this-is-deprecated'), ('ROS_LOCALHOST_ONLY', '0'), ('PATH', '/opt/ros/humble/bin:/home/tiffany/.local/bin:/usr/local/sbin:/usr/local/bin:/usr/sbin:/usr/bin:/sbin:/bin:/usr/games:/usr/local/games:/snap/bin:/snap/bin'), ('SESSION_MANAGER', 'local/tiffany-HP:@/tmp/.ICE-unix/1603,unix/tiffany-HP:/tmp/.ICE-unix/1603'), ('XDG_MENU_PREFIX', 'gnome-'), ('LC_ADDRESS', 'id_ID.UTF-8'), ('GNOME_TERMINAL_SCREEN', '/org/gnome/Terminal/screen/13cadd04_d855_4740_84c0_450cac55f6f9'), ('GNOME_SETUP_DISPLAY', ':1'), ('XDG_RUNTIME_DIR', '/run/user/1000'), ('DISPLAY', ':0'), ('LANG', 'en_US.UTF-8'), ('XDG_CURRENT_DESKTOP', 'ubuntu:GNOME'), ('LC_TELEPHONE', 'id_ID.UTF-8'), ('XMODIFIERS', '@im=ibus'), ('XDG_SESSION_DESKTOP', 'ubuntu'), ('XAUTHORITY', '/run/user/1000/.mutter-Xwaylandauth.E2BUV3'), ('LS_COLORS', 'rs=0:di=01;34:ln=01;36:mh=00:pi=40;33:so=01;35:do=01;35:bd=40;33;01:cd=40;33;01:or=40;31;01:mi=00:su=37;41:sg=30;43:ca=30;41:tw=30;42:ow=34;42:st=37;44:ex=01;32:*.tar=01;31:*.tgz=01;31:*.arc=01;31:*.arj=01;31:*.taz=01;31:*.lha=01;31:*.lz4=01;31:*.lzh=01;31:*.lzma=01;31:*.tlz=01;31:*.txz=01;31:*.tzo=01;31:*.t7z=01;31:*.zip=01;31:*.z=01;31:*.dz=01;31:*.gz=01;31:*.lrz=01;31:*.lz=01;31:*.lzo=01;31:*.xz=01;31:*.zst=01;31:*.tzst=01;31:*.bz2=01;31:*.bz=01;31:*.tbz=01;31:*.tbz2=01;31:*.tz=01;31:*.deb=01;31:*.rpm=01;31:*.jar=01;31:*.war=01;31:*.ear=01;31:*.sar=01;31:*.rar=01;31:*.alz=01;31:*.ace=01;31:*.zoo=01;31:*.cpio=01;31:*.7z=01;31:*.rz=01;31:*.cab=01;31:*.wim=01;31:*.swm=01;31:*.dwm=01;31:*.esd=01;31:*.jpg=01;35:*.jpeg=01;35:*.mjpg=01;35:*.mjpeg=01;35:*.gif=01;35:*.bmp=01;35:*.pbm=01;35:*.pgm=01;35:*.ppm=01;35:*.tga=01;35:*.xbm=01;35:*.xpm=01;35:*.tif=01;35:*.tiff=01;35:*.png=01;35:*.svg=01;35:*.svgz=01;35:*.mng=01;35:*.pcx=01;35:*.mov=01;35:*.mpg=01;35:*.mpeg=01;35:*.m2v=01;35:*.mkv=01;35:*.webm=01;35:*.webp=01;35:*.ogm=01;35:*.mp4=01;35:*.m4v=01;35:*.mp4v=01;35:*.vob=01;35:*.qt=01;35:*.nuv=01;35:*.wmv=01;35:*.asf=01;35:*.rm=01;35:*.rmvb=01;35:*.flc=01;35:*.avi=01;35:*.fli=01;35:*.flv=01;35:*.gl=01;35:*.dl=01;35:*.xcf=01;35:*.xwd=01;35:*.yuv=01;35:*.cgm=01;35:*.emf=01;35:*.ogv=01;35:*.ogx=01;35:*.aac=00;36:*.au=00;36:*.flac=00;36:*.m4a=00;36:*.mid=00;36:*.midi=00;36:*.mka=00;36:*.mp3=00;36:*.mpc=00;36:*.ogg=00;36:*.ra=00;36:*.wav=00;36:*.oga=00;36:*.opus=00;36:*.spx=00;36:*.xspf=00;36:'), ('GNOME_TERMINAL_SERVICE', ':1.170'), ('SSH_AGENT_LAUNCHER', 'gnome-keyring'), ('SSH_AUTH_SOCK', '/run/user/1000/keyring/ssh'), ('AMENT_PREFIX_PATH', '/opt/ros/humble'), ('SHELL', '/bin/bash'), ('LC_NAME', 'id_ID.UTF-8'), ('QT_ACCESSIBILITY', '1'), ('GDMSESSION', 'ubuntu'), ('LESSCLOSE', '/usr/bin/lesspipe %s %s'), ('IGN_GAZEBO_RESOURCE_PATH', ':/home/tiffany/fyp_ws/src/formation_gazebo/models'), ('LC_MEASUREMENT', 'id_ID.UTF-8'), ('LC_IDENTIFICATION', 'id_ID.UTF-8'), ('QT_IM_MODULE', 'ibus'), ('PWD', '/home/tiffany/fyp_ws/build/formation_msgs'), ('LC_ALL', 'en_US.UTF-8'), ('XDG_CONFIG_DIRS', '/etc/xdg/xdg-ubuntu:/etc/xdg'), ('XDG_DATA_DIRS', '/usr/share/ubuntu:/usr/local/share/:/usr/share/:/var/lib/snapd/desktop'), ('PYTHONPATH', '/opt/ros/humble/lib/python3.10/site-packages:/opt/ros/humble/local/lib/python3.10/dist-packages'), ('LC_NUMERIC', 'id_ID.UTF-8'), ('LC_PAPER', 'id_ID.UTF-8'), ('COLCON', '1'), ('VTE_VERSION', '6800'), ('CMAKE_PREFIX_PATH', '/opt/ros/humble')]), 'shell': False}
[0.446087] (formation_msgs) StdoutLine: {'line': b'-- Install configuration: ""\n'}
[0.446330] (formation_msgs) StdoutLine: {'line': b'-- Up-to-date: /home/tiffany/fyp_ws/install/formation_msgs/share/ament_index/resource_index/rosidl_interfaces/formation_msgs\n'}
[0.446427] (formation_msgs) StdoutLine: {'line': b'-- Up-to-date: /home/tiffany/fyp_ws/install/formation_msgs/include/formation_msgs/formation_msgs\n'}
[0.446510] (formation_msgs) StdoutLine: {'line': b'-- Up-to-date: /home/tiffany/fyp_ws/install/formation_msgs/include/formation_msgs/formation_msgs/msg\n'}
[0.446684] (formation_msgs) StdoutLine: {'line': b'-- Up-to-date: /home/tiffany/fyp_ws/install/formation_msgs/include/formation_msgs/formation_msgs/msg/generated_transform.h\n'}
[0.446773] (formation_msgs) StdoutLine: {'line': b'-- Up-to-date: /home/tiffany/fyp_ws/install/formation_msgs/include/formation_msgs/formation_msgs/msg/system_state.h\n'}
[0.446849] (formation_msgs) StdoutLine: {'line': b'-- Up-to-date: /home/tiffany/fyp_ws/install/formation_msgs/include/formation_msgs/formation_msgs/msg/drawn_shape.h\n'}
[0.446948] (formation_msgs) StdoutLine: {'line': b'-- Up-to-date: /home/tiffany/fyp_ws/install/formation_msgs/include/formation_msgs/formation_msgs/msg/drone_path.h\n'}
[0.447170] (formation_msgs) StdoutLine: {'line': b'-- Up-to-date: /home/tiffany/fyp_ws/install/formation_msgs/include/formation_msgs/formation_msgs/msg/drone_setpoint.h\n'}
[0.447269] (formation_msgs) StdoutLine: {'line': b'-- Up-to-date: /home/tiffany/fyp_ws/install/formation_msgs/include/formation_msgs/formation_msgs/msg/formation_goal.h\n'}
[0.447344] (formation_msgs) StdoutLine: {'line': b'-- Up-to-date: /home/tiffany/fyp_ws/install/formation_msgs/include/formation_msgs/formation_msgs/msg/plan_status.h\n'}
[0.447418] (formation_msgs) StdoutLine: {'line': b'-- Up-to-date: /home/tiffany/fyp_ws/install/formation_msgs/include/formation_msgs/formation_msgs/msg/rosidl_generator_c__visibility_control.h\n'}
[0.447508] (formation_msgs) StdoutLine: {'line': b'-- Up-to-date: /home/tiffany/fyp_ws/install/formation_msgs/include/formation_msgs/formation_msgs/msg/detail\n'}
[0.447581] (formation_msgs) StdoutLine: {'line': b'-- Up-to-date: /home/tiffany/fyp_ws/install/formation_msgs/include/formation_msgs/formation_msgs/msg/detail/drone_setpoint__functions.h\n'}
[0.447653] (formation_msgs) StdoutLine: {'line': b'-- Up-to-date: /home/tiffany/fyp_ws/install/formation_msgs/include/formation_msgs/formation_msgs/msg/detail/generated_transform__functions.h\n'}
[0.447722] (formation_msgs) StdoutLine: {'line': b'-- Up-to-date: /home/tiffany/fyp_ws/install/formation_msgs/include/formation_msgs/formation_msgs/msg/detail/plan_status__type_support.h\n'}
[0.447790] (formation_msgs) StdoutLine: {'line': b'-- Up-to-date: /home/tiffany/fyp_ws/install/formation_msgs/include/formation_msgs/formation_msgs/msg/detail/drone_state__functions.c\n'}
[0.448045] (formation_msgs) StdoutLine: {'line': b'-- Up-to-date: /home/tiffany/fyp_ws/install/formation_msgs/include/formation_msgs/formation_msgs/msg/detail/drone_setpoint__type_support.h\n'}
[0.448200] (formation_msgs) StdoutLine: {'line': b'-- Up-to-date: /home/tiffany/fyp_ws/install/formation_msgs/include/formation_msgs/formation_msgs/msg/detail/plan_status__functions.c\n'}
[0.448288] (formation_msgs) StdoutLine: {'line': b'-- Up-to-date: /home/tiffany/fyp_ws/install/formation_msgs/include/formation_msgs/formation_msgs/msg/detail/refinement_cmd__struct.h\n'}
[0.448349] (formation_msgs) StdoutLine: {'line': b'-- Up-to-date: /home/tiffany/fyp_ws/install/formation_msgs/include/formation_msgs/formation_msgs/msg/detail/drone_path__type_support.h\n'}
[0.448407] (formation_msgs) StdoutLine: {'line': b'-- Up-to-date: /home/tiffany/fyp_ws/install/formation_msgs/include/formation_msgs/formation_msgs/msg/detail/drone_path__functions.h\n'}
[0.448472] (formation_msgs) StdoutLine: {'line': b'-- Up-to-date: /home/tiffany/fyp_ws/install/formation_msgs/include/formation_msgs/formation_msgs/msg/detail/refinement_candidate__struct.h\n'}
[0.448529] (formation_msgs) StdoutLine: {'line': b'-- Up-to-date: /home/tiffany/fyp_ws/install/formation_msgs/include/formation_msgs/formation_msgs/msg/detail/generated_transform__struct.h\n'}
[0.448649] (formation_msgs) StdoutLine: {'line': b'-- Up-to-date: /home/tiffany/fyp_ws/install/formation_msgs/include/formation_msgs/formation_msgs/msg/detail/user_command__struct.h\n'}
[0.448704] (formation_msgs) StdoutLine: {'line': b'-- Up-to-date: /home/tiffany/fyp_ws/install/formation_msgs/include/formation_msgs/formation_msgs/msg/detail/drawn_shape__struct.h\n'}
[0.448783] (formation_msgs) StdoutLine: {'line': b'-- Up-to-date: /home/tiffany/fyp_ws/install/formation_msgs/include/formation_msgs/formation_msgs/msg/detail/system_state__struct.h\n'}
[0.448841] (formation_msgs) StdoutLine: {'line': b'-- Up-to-date: /home/tiffany/fyp_ws/install/formation_msgs/include/formation_msgs/formation_msgs/msg/detail/drawn_shape__functions.h\n'}
[0.448901] (formation_msgs) StdoutLine: {'line': b'-- Up-to-date: /home/tiffany/fyp_ws/install/formation_msgs/include/formation_msgs/formation_msgs/msg/detail/drone_path__functions.c\n'}
[0.448965] (formation_msgs) StdoutLine: {'line': b'-- Up-to-date: /home/tiffany/fyp_ws/install/formation_msgs/include/formation_msgs/formation_msgs/msg/detail/formation_goal__struct.h\n'}
[0.449092] (formation_msgs) StdoutLine: {'line': b'-- Up-to-date: /home/tiffany/fyp_ws/install/formation_msgs/include/formation_msgs/formation_msgs/msg/detail/drawn_shape__functions.c\n'}
[0.449145] (formation_msgs) StdoutLine: {'line': b'-- Up-to-date: /home/tiffany/fyp_ws/install/formation_msgs/include/formation_msgs/formation_msgs/msg/detail/drone_state__type_support.h\n'}
[0.449196] (formation_msgs) StdoutLine: {'line': b'-- Up-to-date: /home/tiffany/fyp_ws/install/formation_msgs/include/formation_msgs/formation_msgs/msg/detail/drone_state__functions.h\n'}
[0.449280] (formation_msgs) StdoutLine: {'line': b'-- Up-to-date: /home/tiffany/fyp_ws/install/formation_msgs/include/formation_msgs/formation_msgs/msg/detail/refinement_candidate__functions.c\n'}
[0.449347] (formation_msgs) StdoutLine: {'line': b'-- Up-to-date: /home/tiffany/fyp_ws/install/formation_msgs/include/formation_msgs/formation_msgs/msg/detail/drone_path__struct.h\n'}
[0.449397] (formation_msgs) StdoutLine: {'line': b'-- Up-to-date: /home/tiffany/fyp_ws/install/formation_msgs/include/formation_msgs/formation_msgs/msg/detail/refinement_cmd__functions.h\n'}
[0.449447] (formation_msgs) StdoutLine: {'line': b'-- Up-to-date: /home/tiffany/fyp_ws/install/formation_msgs/include/formation_msgs/formation_msgs/msg/detail/drone_setpoint__struct.h\n'}
[0.449496] (formation_msgs) StdoutLine: {'line': b'-- Up-to-date: /home/tiffany/fyp_ws/install/formation_msgs/include/formation_msgs/formation_msgs/msg/detail/user_command__type_support.h\n'}
[0.449555] (formation_msgs) StdoutLine: {'line': b'-- Up-to-date: /home/tiffany/fyp_ws/install/formation_msgs/include/formation_msgs/formation_msgs/msg/detail/plan_status__struct.h\n'}
[0.449640] (formation_msgs) StdoutLine: {'line': b'-- Up-to-date: /home/tiffany/fyp_ws/install/formation_msgs/include/formation_msgs/formation_msgs/msg/detail/refinement_candidate__functions.h\n'}
[0.449704] (formation_msgs) StdoutLine: {'line': b'-- Up-to-date: /home/tiffany/fyp_ws/install/formation_msgs/include/formation_msgs/formation_msgs/msg/detail/system_state__functions.h\n'}
[0.449762] (formation_msgs) StdoutLine: {'line': b'-- Up-to-date: /home/tiffany/fyp_ws/install/formation_msgs/include/formation_msgs/formation_msgs/msg/detail/refinement_cmd__functions.c\n'}
[0.449823] (formation_msgs) StdoutLine: {'line': b'-- Up-to-date: /home/tiffany/fyp_ws/install/formation_msgs/include/formation_msgs/formation_msgs/msg/detail/user_command__functions.c\n'}
[0.449879] (formation_msgs) StdoutLine: {'line': b'-- Up-to-date: /home/tiffany/fyp_ws/install/formation_msgs/include/formation_msgs/formation_msgs/msg/detail/refinement_cmd__type_support.h\n'}
[0.449942] (formation_msgs) StdoutLine: {'line': b'-- Up-to-date: /home/tiffany/fyp_ws/install/formation_msgs/include/formation_msgs/formation_msgs/msg/detail/user_command__functions.h\n'}
[0.450090] (formation_msgs) StdoutLine: {'line': b'-- Up-to-date: /home/tiffany/fyp_ws/install/formation_msgs/include/formation_msgs/formation_msgs/msg/detail/drawn_shape__type_support.h\n'}
[0.450158] (formation_msgs) StdoutLine: {'line': b'-- Up-to-date: /home/tiffany/fyp_ws/install/formation_msgs/include/formation_msgs/formation_msgs/msg/detail/drone_setpoint__functions.c\n'}
[0.450217] (formation_msgs) StdoutLine: {'line': b'-- Up-to-date: /home/tiffany/fyp_ws/install/formation_msgs/include/formation_msgs/formation_msgs/msg/detail/formation_goal__functions.h\n'}
[0.450275] (formation_msgs) StdoutLine: {'line': b'-- Up-to-date: /home/tiffany/fyp_ws/install/formation_msgs/include/formation_msgs/formation_msgs/msg/detail/refinement_candidate__type_support.h\n'}
[0.450335] (formation_msgs) StdoutLine: {'line': b'-- Up-to-date: /home/tiffany/fyp_ws/install/formation_msgs/include/formation_msgs/formation_msgs/msg/detail/system_state__functions.c\n'}
[0.450399] (formation_msgs) StdoutLine: {'line': b'-- Up-to-date: /home/tiffany/fyp_ws/install/formation_msgs/include/formation_msgs/formation_msgs/msg/detail/formation_goal__functions.c\n'}
[0.450462] (formation_msgs) StdoutLine: {'line': b'-- Up-to-date: /home/tiffany/fyp_ws/install/formation_msgs/include/formation_msgs/formation_msgs/msg/detail/generated_transform__functions.c\n'}
[0.450519] (formation_msgs) StdoutLine: {'line': b'-- Up-to-date: /home/tiffany/fyp_ws/install/formation_msgs/include/formation_msgs/formation_msgs/msg/detail/formation_goal__type_support.h\n'}
[0.450574] (formation_msgs) StdoutLine: {'line': b'-- Up-to-date: /home/tiffany/fyp_ws/install/formation_msgs/include/formation_msgs/formation_msgs/msg/detail/drone_state__struct.h\n'}
[0.450672] (formation_msgs) StdoutLine: {'line': b'-- Up-to-date: /home/tiffany/fyp_ws/install/formation_msgs/include/formation_msgs/formation_msgs/msg/detail/plan_status__functions.h\n'}
[0.450728] (formation_msgs) StdoutLine: {'line': b'-- Up-to-date: /home/tiffany/fyp_ws/install/formation_msgs/include/formation_msgs/formation_msgs/msg/detail/generated_transform__type_support.h\n'}
[0.450792] (formation_msgs) StdoutLine: {'line': b'-- Up-to-date: /home/tiffany/fyp_ws/install/formation_msgs/include/formation_msgs/formation_msgs/msg/detail/system_state__type_support.h\n'}
[0.450850] (formation_msgs) StdoutLine: {'line': b'-- Up-to-date: /home/tiffany/fyp_ws/install/formation_msgs/include/formation_msgs/formation_msgs/msg/refinement_cmd.h\n'}
[0.450909] (formation_msgs) StdoutLine: {'line': b'-- Up-to-date: /home/tiffany/fyp_ws/install/formation_msgs/include/formation_msgs/formation_msgs/msg/user_command.h\n'}
[0.450972] (formation_msgs) StdoutLine: {'line': b'-- Up-to-date: /home/tiffany/fyp_ws/install/formation_msgs/include/formation_msgs/formation_msgs/msg/drone_state.h\n'}
[0.451059] (formation_msgs) StdoutLine: {'line': b'-- Up-to-date: /home/tiffany/fyp_ws/install/formation_msgs/include/formation_msgs/formation_msgs/msg/refinement_candidate.h\n'}
[0.451117] (formation_msgs) StdoutLine: {'line': b'-- Up-to-date: /home/tiffany/fyp_ws/install/formation_msgs/share/formation_msgs/environment/library_path.sh\n'}
[0.451183] (formation_msgs) StdoutLine: {'line': b'-- Up-to-date: /home/tiffany/fyp_ws/install/formation_msgs/share/formation_msgs/environment/library_path.dsv\n'}
[0.451241] (formation_msgs) StdoutLine: {'line': b'-- Up-to-date: /home/tiffany/fyp_ws/install/formation_msgs/lib/libformation_msgs__rosidl_generator_c.so\n'}
[0.451306] (formation_msgs) StdoutLine: {'line': b'-- Up-to-date: /home/tiffany/fyp_ws/install/formation_msgs/include/formation_msgs/formation_msgs\n'}
[0.451369] (formation_msgs) StdoutLine: {'line': b'-- Up-to-date: /home/tiffany/fyp_ws/install/formation_msgs/include/formation_msgs/formation_msgs/msg\n'}
[0.451425] (formation_msgs) StdoutLine: {'line': b'-- Up-to-date: /home/tiffany/fyp_ws/install/formation_msgs/include/formation_msgs/formation_msgs/msg/rosidl_typesupport_fastrtps_c__visibility_control.h\n'}
[0.451482] (formation_msgs) StdoutLine: {'line': b'-- Up-to-date: /home/tiffany/fyp_ws/install/formation_msgs/include/formation_msgs/formation_msgs/msg/detail\n'}
[0.451537] (formation_msgs) StdoutLine: {'line': b'-- Up-to-date: /home/tiffany/fyp_ws/install/formation_msgs/include/formation_msgs/formation_msgs/msg/detail/drone_path__rosidl_typesupport_fastrtps_c.h\n'}
[0.451602] (formation_msgs) StdoutLine: {'line': b'-- Up-to-date: /home/tiffany/fyp_ws/install/formation_msgs/include/formation_msgs/formation_msgs/msg/detail/formation_goal__rosidl_typesupport_fastrtps_c.h\n'}
[0.451658] (formation_msgs) StdoutLine: {'line': b'-- Up-to-date: /home/tiffany/fyp_ws/install/formation_msgs/include/formation_msgs/formation_msgs/msg/detail/drone_setpoint__rosidl_typesupport_fastrtps_c.h\n'}
[0.451718] (formation_msgs) StdoutLine: {'line': b'-- Up-to-date: /home/tiffany/fyp_ws/install/formation_msgs/include/formation_msgs/formation_msgs/msg/detail/system_state__rosidl_typesupport_fastrtps_c.h\n'}
[0.451776] (formation_msgs) StdoutLine: {'line': b'-- Up-to-date: /home/tiffany/fyp_ws/install/formation_msgs/include/formation_msgs/formation_msgs/msg/detail/generated_transform__rosidl_typesupport_fastrtps_c.h\n'}
[0.451834] (formation_msgs) StdoutLine: {'line': b'-- Up-to-date: /home/tiffany/fyp_ws/install/formation_msgs/include/formation_msgs/formation_msgs/msg/detail/user_command__rosidl_typesupport_fastrtps_c.h\n'}
[0.451911] (formation_msgs) StdoutLine: {'line': b'-- Up-to-date: /home/tiffany/fyp_ws/install/formation_msgs/include/formation_msgs/formation_msgs/msg/detail/drone_state__rosidl_typesupport_fastrtps_c.h\n'}
[0.452058] (formation_msgs) StdoutLine: {'line': b'-- Up-to-date: /home/tiffany/fyp_ws/install/formation_msgs/include/formation_msgs/formation_msgs/msg/detail/drawn_shape__rosidl_typesupport_fastrtps_c.h\n'}
[0.452149] (formation_msgs) StdoutLine: {'line': b'-- Up-to-date: /home/tiffany/fyp_ws/install/formation_msgs/include/formation_msgs/formation_msgs/msg/detail/plan_status__rosidl_typesupport_fastrtps_c.h\n'}
[0.452210] (formation_msgs) StdoutLine: {'line': b'-- Up-to-date: /home/tiffany/fyp_ws/install/formation_msgs/include/formation_msgs/formation_msgs/msg/detail/refinement_candidate__rosidl_typesupport_fastrtps_c.h\n'}
[0.452267] (formation_msgs) StdoutLine: {'line': b'-- Up-to-date: /home/tiffany/fyp_ws/install/formation_msgs/include/formation_msgs/formation_msgs/msg/detail/refinement_cmd__rosidl_typesupport_fastrtps_c.h\n'}
[0.452323] (formation_msgs) StdoutLine: {'line': b'-- Up-to-date: /home/tiffany/fyp_ws/install/formation_msgs/lib/libformation_msgs__rosidl_typesupport_fastrtps_c.so\n'}
[0.452380] (formation_msgs) StdoutLine: {'line': b'-- Up-to-date: /home/tiffany/fyp_ws/install/formation_msgs/include/formation_msgs/formation_msgs\n'}
[0.452437] (formation_msgs) StdoutLine: {'line': b'-- Up-to-date: /home/tiffany/fyp_ws/install/formation_msgs/include/formation_msgs/formation_msgs/msg\n'}
[0.452559] (formation_msgs) StdoutLine: {'line': b'-- Up-to-date: /home/tiffany/fyp_ws/install/formation_msgs/include/formation_msgs/formation_msgs/msg/rosidl_typesupport_introspection_c__visibility_control.h\n'}
[0.452629] (formation_msgs) StdoutLine: {'line': b'-- Up-to-date: /home/tiffany/fyp_ws/install/formation_msgs/include/formation_msgs/formation_msgs/msg/detail\n'}
[0.452682] (formation_msgs) StdoutLine: {'line': b'-- Up-to-date: /home/tiffany/fyp_ws/install/formation_msgs/include/formation_msgs/formation_msgs/msg/detail/drone_state__type_support.c\n'}
[0.452760] (formation_msgs) StdoutLine: {'line': b'-- Up-to-date: /home/tiffany/fyp_ws/install/formation_msgs/include/formation_msgs/formation_msgs/msg/detail/generated_transform__rosidl_typesupport_introspection_c.h\n'}
[0.452819] (formation_msgs) StdoutLine: {'line': b'-- Up-to-date: /home/tiffany/fyp_ws/install/formation_msgs/include/formation_msgs/formation_msgs/msg/detail/formation_goal__rosidl_typesupport_introspection_c.h\n'}
[0.452874] (formation_msgs) StdoutLine: {'line': b'-- Up-to-date: /home/tiffany/fyp_ws/install/formation_msgs/include/formation_msgs/formation_msgs/msg/detail/plan_status__rosidl_typesupport_introspection_c.h\n'}
[0.452930] (formation_msgs) StdoutLine: {'line': b'-- Up-to-date: /home/tiffany/fyp_ws/install/formation_msgs/include/formation_msgs/formation_msgs/msg/detail/user_command__rosidl_typesupport_introspection_c.h\n'}
[0.453041] (formation_msgs) StdoutLine: {'line': b'-- Up-to-date: /home/tiffany/fyp_ws/install/formation_msgs/include/formation_msgs/formation_msgs/msg/detail/refinement_cmd__type_support.c\n'}
[0.453107] (formation_msgs) StdoutLine: {'line': b'-- Up-to-date: /home/tiffany/fyp_ws/install/formation_msgs/include/formation_msgs/formation_msgs/msg/detail/drone_setpoint__rosidl_typesupport_introspection_c.h\n'}
[0.453160] (formation_msgs) StdoutLine: {'line': b'-- Up-to-date: /home/tiffany/fyp_ws/install/formation_msgs/include/formation_msgs/formation_msgs/msg/detail/drawn_shape__type_support.c\n'}
[0.453212] (formation_msgs) StdoutLine: {'line': b'-- Up-to-date: /home/tiffany/fyp_ws/install/formation_msgs/include/formation_msgs/formation_msgs/msg/detail/drone_path__rosidl_typesupport_introspection_c.h\n'}
[0.453266] (formation_msgs) StdoutLine: {'line': b'-- Up-to-date: /home/tiffany/fyp_ws/install/formation_msgs/include/formation_msgs/formation_msgs/msg/detail/drone_path__type_support.c\n'}
[0.453331] (formation_msgs) StdoutLine: {'line': b'-- Up-to-date: /home/tiffany/fyp_ws/install/formation_msgs/include/formation_msgs/formation_msgs/msg/detail/drone_state__rosidl_typesupport_introspection_c.h\n'}
[0.453390] (formation_msgs) StdoutLine: {'line': b'-- Up-to-date: /home/tiffany/fyp_ws/install/formation_msgs/include/formation_msgs/formation_msgs/msg/detail/user_command__type_support.c\n'}
[0.453507] (formation_msgs) StdoutLine: {'line': b'-- Up-to-date: /home/tiffany/fyp_ws/install/formation_msgs/include/formation_msgs/formation_msgs/msg/detail/plan_status__type_support.c\n'}
[0.453627] (formation_msgs) StdoutLine: {'line': b'-- Up-to-date: /home/tiffany/fyp_ws/install/formation_msgs/include/formation_msgs/formation_msgs/msg/detail/system_state__rosidl_typesupport_introspection_c.h\n'}
[0.453731] (formation_msgs) StdoutLine: {'line': b'-- Up-to-date: /home/tiffany/fyp_ws/install/formation_msgs/include/formation_msgs/formation_msgs/msg/detail/formation_goal__type_support.c\n'}
[0.453811] (formation_msgs) StdoutLine: {'line': b'-- Up-to-date: /home/tiffany/fyp_ws/install/formation_msgs/include/formation_msgs/formation_msgs/msg/detail/refinement_candidate__type_support.c\n'}
[0.453871] (formation_msgs) StdoutLine: {'line': b'-- Up-to-date: /home/tiffany/fyp_ws/install/formation_msgs/include/formation_msgs/formation_msgs/msg/detail/generated_transform__type_support.c\n'}
[0.453993] (formation_msgs) StdoutLine: {'line': b'-- Up-to-date: /home/tiffany/fyp_ws/install/formation_msgs/include/formation_msgs/formation_msgs/msg/detail/refinement_cmd__rosidl_typesupport_introspection_c.h\n'}
[0.454116] (formation_msgs) StdoutLine: {'line': b'-- Up-to-date: /home/tiffany/fyp_ws/install/formation_msgs/include/formation_msgs/formation_msgs/msg/detail/system_state__type_support.c\n'}
[0.454193] (formation_msgs) StdoutLine: {'line': b'-- Up-to-date: /home/tiffany/fyp_ws/install/formation_msgs/include/formation_msgs/formation_msgs/msg/detail/drawn_shape__rosidl_typesupport_introspection_c.h\n'}
[0.454290] (formation_msgs) StdoutLine: {'line': b'-- Up-to-date: /home/tiffany/fyp_ws/install/formation_msgs/include/formation_msgs/formation_msgs/msg/detail/refinement_candidate__rosidl_typesupport_introspection_c.h\n'}
[0.454364] (formation_msgs) StdoutLine: {'line': b'-- Up-to-date: /home/tiffany/fyp_ws/install/formation_msgs/include/formation_msgs/formation_msgs/msg/detail/drone_setpoint__type_support.c\n'}
[0.454467] (formation_msgs) StdoutLine: {'line': b'-- Up-to-date: /home/tiffany/fyp_ws/install/formation_msgs/lib/libformation_msgs__rosidl_typesupport_introspection_c.so\n'}
[0.454522] (formation_msgs) StdoutLine: {'line': b'-- Up-to-date: /home/tiffany/fyp_ws/install/formation_msgs/lib/libformation_msgs__rosidl_typesupport_c.so\n'}
[0.454638] (formation_msgs) StdoutLine: {'line': b'-- Up-to-date: /home/tiffany/fyp_ws/install/formation_msgs/include/formation_msgs/formation_msgs\n'}
[0.454791] (formation_msgs) StdoutLine: {'line': b'-- Up-to-date: /home/tiffany/fyp_ws/install/formation_msgs/include/formation_msgs/formation_msgs/msg\n'}
[0.454847] (formation_msgs) StdoutLine: {'line': b'-- Up-to-date: /home/tiffany/fyp_ws/install/formation_msgs/include/formation_msgs/formation_msgs/msg/user_command.hpp\n'}
[0.455055] (formation_msgs) StdoutLine: {'line': b'-- Up-to-date: /home/tiffany/fyp_ws/install/formation_msgs/include/formation_msgs/formation_msgs/msg/drone_setpoint.hpp\n'}
[0.455172] (formation_msgs) StdoutLine: {'line': b'-- Up-to-date: /home/tiffany/fyp_ws/install/formation_msgs/include/formation_msgs/formation_msgs/msg/plan_status.hpp\n'}
[0.455367] (formation_msgs) StdoutLine: {'line': b'-- Up-to-date: /home/tiffany/fyp_ws/install/formation_msgs/include/formation_msgs/formation_msgs/msg/drone_path.hpp\n'}
[0.455534] (formation_msgs) StdoutLine: {'line': b'-- Up-to-date: /home/tiffany/fyp_ws/install/formation_msgs/include/formation_msgs/formation_msgs/msg/rosidl_generator_cpp__visibility_control.hpp\n'}
[0.455641] (formation_msgs) StdoutLine: {'line': b'-- Up-to-date: /home/tiffany/fyp_ws/install/formation_msgs/include/formation_msgs/formation_msgs/msg/formation_goal.hpp\n'}
[0.455701] (formation_msgs) StdoutLine: {'line': b'-- Up-to-date: /home/tiffany/fyp_ws/install/formation_msgs/include/formation_msgs/formation_msgs/msg/drone_state.hpp\n'}
[0.455756] (formation_msgs) StdoutLine: {'line': b'-- Up-to-date: /home/tiffany/fyp_ws/install/formation_msgs/include/formation_msgs/formation_msgs/msg/generated_transform.hpp\n'}
[0.455812] (formation_msgs) StdoutLine: {'line': b'-- Up-to-date: /home/tiffany/fyp_ws/install/formation_msgs/include/formation_msgs/formation_msgs/msg/refinement_candidate.hpp\n'}
[0.455870] (formation_msgs) StdoutLine: {'line': b'-- Up-to-date: /home/tiffany/fyp_ws/install/formation_msgs/include/formation_msgs/formation_msgs/msg/detail\n'}
[0.455928] (formation_msgs) StdoutLine: {'line': b'-- Up-to-date: /home/tiffany/fyp_ws/install/formation_msgs/include/formation_msgs/formation_msgs/msg/detail/generated_transform__traits.hpp\n'}
[0.456000] (formation_msgs) StdoutLine: {'line': b'-- Up-to-date: /home/tiffany/fyp_ws/install/formation_msgs/include/formation_msgs/formation_msgs/msg/detail/drone_path__struct.hpp\n'}
[0.456075] (formation_msgs) StdoutLine: {'line': b'-- Up-to-date: /home/tiffany/fyp_ws/install/formation_msgs/include/formation_msgs/formation_msgs/msg/detail/generated_transform__builder.hpp\n'}
[0.456133] (formation_msgs) StdoutLine: {'line': b'-- Up-to-date: /home/tiffany/fyp_ws/install/formation_msgs/include/formation_msgs/formation_msgs/msg/detail/drawn_shape__struct.hpp\n'}
[0.456223] (formation_msgs) StdoutLine: {'line': b'-- Up-to-date: /home/tiffany/fyp_ws/install/formation_msgs/include/formation_msgs/formation_msgs/msg/detail/refinement_candidate__struct.hpp\n'}
[0.456281] (formation_msgs) StdoutLine: {'line': b'-- Up-to-date: /home/tiffany/fyp_ws/install/formation_msgs/include/formation_msgs/formation_msgs/msg/detail/refinement_cmd__traits.hpp\n'}
[0.456339] (formation_msgs) StdoutLine: {'line': b'-- Up-to-date: /home/tiffany/fyp_ws/install/formation_msgs/include/formation_msgs/formation_msgs/msg/detail/user_command__builder.hpp\n'}
[0.456396] (formation_msgs) StdoutLine: {'line': b'-- Up-to-date: /home/tiffany/fyp_ws/install/formation_msgs/include/formation_msgs/formation_msgs/msg/detail/drone_setpoint__type_support.hpp\n'}
[0.456451] (formation_msgs) StdoutLine: {'line': b'-- Up-to-date: /home/tiffany/fyp_ws/install/formation_msgs/include/formation_msgs/formation_msgs/msg/detail/refinement_cmd__struct.hpp\n'}
[0.456507] (formation_msgs) StdoutLine: {'line': b'-- Up-to-date: /home/tiffany/fyp_ws/install/formation_msgs/include/formation_msgs/formation_msgs/msg/detail/refinement_candidate__traits.hpp\n'}
[0.456561] (formation_msgs) StdoutLine: {'line': b'-- Up-to-date: /home/tiffany/fyp_ws/install/formation_msgs/include/formation_msgs/formation_msgs/msg/detail/plan_status__builder.hpp\n'}
[0.456670] (formation_msgs) StdoutLine: {'line': b'-- Up-to-date: /home/tiffany/fyp_ws/install/formation_msgs/include/formation_msgs/formation_msgs/msg/detail/drone_path__traits.hpp\n'}
[0.456733] (formation_msgs) StdoutLine: {'line': b'-- Up-to-date: /home/tiffany/fyp_ws/install/formation_msgs/include/formation_msgs/formation_msgs/msg/detail/drone_state__type_support.hpp\n'}
[0.456789] (formation_msgs) StdoutLine: {'line': b'-- Up-to-date: /home/tiffany/fyp_ws/install/formation_msgs/include/formation_msgs/formation_msgs/msg/detail/formation_goal__traits.hpp\n'}
[0.456844] (formation_msgs) StdoutLine: {'line': b'-- Up-to-date: /home/tiffany/fyp_ws/install/formation_msgs/include/formation_msgs/formation_msgs/msg/detail/user_command__struct.hpp\n'}
[0.456898] (formation_msgs) StdoutLine: {'line': b'-- Up-to-date: /home/tiffany/fyp_ws/install/formation_msgs/include/formation_msgs/formation_msgs/msg/detail/formation_goal__builder.hpp\n'}
[0.456952] (formation_msgs) StdoutLine: {'line': b'-- Up-to-date: /home/tiffany/fyp_ws/install/formation_msgs/include/formation_msgs/formation_msgs/msg/detail/generated_transform__struct.hpp\n'}
[0.457137] (formation_msgs) StdoutLine: {'line': b'-- Up-to-date: /home/tiffany/fyp_ws/install/formation_msgs/include/formation_msgs/formation_msgs/msg/detail/refinement_candidate__type_support.hpp\n'}
[0.457193] (formation_msgs) StdoutLine: {'line': b'-- Up-to-date: /home/tiffany/fyp_ws/install/formation_msgs/include/formation_msgs/formation_msgs/msg/detail/drone_state__builder.hpp\n'}
[0.457248] (formation_msgs) StdoutLine: {'line': b'-- Up-to-date: /home/tiffany/fyp_ws/install/formation_msgs/include/formation_msgs/formation_msgs/msg/detail/user_command__type_support.hpp\n'}
[0.457323] (formation_msgs) StdoutLine: {'line': b'-- Up-to-date: /home/tiffany/fyp_ws/install/formation_msgs/include/formation_msgs/formation_msgs/msg/detail/system_state__struct.hpp\n'}
[0.457384] (formation_msgs) StdoutLine: {'line': b'-- Up-to-date: /home/tiffany/fyp_ws/install/formation_msgs/include/formation_msgs/formation_msgs/msg/detail/formation_goal__type_support.hpp\n'}
[0.457441] (formation_msgs) StdoutLine: {'line': b'-- Up-to-date: /home/tiffany/fyp_ws/install/formation_msgs/include/formation_msgs/formation_msgs/msg/detail/system_state__traits.hpp\n'}
[0.457501] (formation_msgs) StdoutLine: {'line': b'-- Up-to-date: /home/tiffany/fyp_ws/install/formation_msgs/include/formation_msgs/formation_msgs/msg/detail/drone_setpoint__struct.hpp\n'}
[0.457559] (formation_msgs) StdoutLine: {'line': b'-- Up-to-date: /home/tiffany/fyp_ws/install/formation_msgs/include/formation_msgs/formation_msgs/msg/detail/formation_goal__struct.hpp\n'}
[0.457676] (formation_msgs) StdoutLine: {'line': b'-- Up-to-date: /home/tiffany/fyp_ws/install/formation_msgs/include/formation_msgs/formation_msgs/msg/detail/drone_setpoint__traits.hpp\n'}
[0.457778] (formation_msgs) StdoutLine: {'line': b'-- Up-to-date: /home/tiffany/fyp_ws/install/formation_msgs/include/formation_msgs/formation_msgs/msg/detail/plan_status__type_support.hpp\n'}
[0.457842] (formation_msgs) StdoutLine: {'line': b'-- Up-to-date: /home/tiffany/fyp_ws/install/formation_msgs/include/formation_msgs/formation_msgs/msg/detail/drawn_shape__type_support.hpp\n'}
[0.457902] (formation_msgs) StdoutLine: {'line': b'-- Up-to-date: /home/tiffany/fyp_ws/install/formation_msgs/include/formation_msgs/formation_msgs/msg/detail/user_command__traits.hpp\n'}
[0.457972] (formation_msgs) StdoutLine: {'line': b'-- Up-to-date: /home/tiffany/fyp_ws/install/formation_msgs/include/formation_msgs/formation_msgs/msg/detail/refinement_cmd__builder.hpp\n'}
[0.458127] (formation_msgs) StdoutLine: {'line': b'-- Up-to-date: /home/tiffany/fyp_ws/install/formation_msgs/include/formation_msgs/formation_msgs/msg/detail/drone_path__type_support.hpp\n'}
[0.458206] (formation_msgs) StdoutLine: {'line': b'-- Up-to-date: /home/tiffany/fyp_ws/install/formation_msgs/include/formation_msgs/formation_msgs/msg/detail/drone_state__struct.hpp\n'}
[0.458282] (formation_msgs) StdoutLine: {'line': b'-- Up-to-date: /home/tiffany/fyp_ws/install/formation_msgs/include/formation_msgs/formation_msgs/msg/detail/refinement_cmd__type_support.hpp\n'}
[0.458344] (formation_msgs) StdoutLine: {'line': b'-- Up-to-date: /home/tiffany/fyp_ws/install/formation_msgs/include/formation_msgs/formation_msgs/msg/detail/refinement_candidate__builder.hpp\n'}
[0.458406] (formation_msgs) StdoutLine: {'line': b'-- Up-to-date: /home/tiffany/fyp_ws/install/formation_msgs/include/formation_msgs/formation_msgs/msg/detail/system_state__builder.hpp\n'}
[0.458473] (formation_msgs) StdoutLine: {'line': b'-- Up-to-date: /home/tiffany/fyp_ws/install/formation_msgs/include/formation_msgs/formation_msgs/msg/detail/plan_status__traits.hpp\n'}
[0.458546] (formation_msgs) StdoutLine: {'line': b'-- Up-to-date: /home/tiffany/fyp_ws/install/formation_msgs/include/formation_msgs/formation_msgs/msg/detail/drawn_shape__builder.hpp\n'}
[0.458604] (formation_msgs) StdoutLine: {'line': b'-- Up-to-date: /home/tiffany/fyp_ws/install/formation_msgs/include/formation_msgs/formation_msgs/msg/detail/drone_path__builder.hpp\n'}
[0.458659] (formation_msgs) StdoutLine: {'line': b'-- Up-to-date: /home/tiffany/fyp_ws/install/formation_msgs/include/formation_msgs/formation_msgs/msg/detail/plan_status__struct.hpp\n'}
[0.458734] (formation_msgs) StdoutLine: {'line': b'-- Up-to-date: /home/tiffany/fyp_ws/install/formation_msgs/include/formation_msgs/formation_msgs/msg/detail/generated_transform__type_support.hpp\n'}
[0.458844] (formation_msgs) StdoutLine: {'line': b'-- Up-to-date: /home/tiffany/fyp_ws/install/formation_msgs/include/formation_msgs/formation_msgs/msg/detail/drone_setpoint__builder.hpp\n'}
[0.458902] (formation_msgs) StdoutLine: {'line': b'-- Up-to-date: /home/tiffany/fyp_ws/install/formation_msgs/include/formation_msgs/formation_msgs/msg/detail/system_state__type_support.hpp\n'}
[0.458957] (formation_msgs) StdoutLine: {'line': b'-- Up-to-date: /home/tiffany/fyp_ws/install/formation_msgs/include/formation_msgs/formation_msgs/msg/detail/drone_state__traits.hpp\n'}
[0.459097] (formation_msgs) StdoutLine: {'line': b'-- Up-to-date: /home/tiffany/fyp_ws/install/formation_msgs/include/formation_msgs/formation_msgs/msg/detail/drawn_shape__traits.hpp\n'}
[0.459152] (formation_msgs) StdoutLine: {'line': b'-- Up-to-date: /home/tiffany/fyp_ws/install/formation_msgs/include/formation_msgs/formation_msgs/msg/system_state.hpp\n'}
[0.459205] (formation_msgs) StdoutLine: {'line': b'-- Up-to-date: /home/tiffany/fyp_ws/install/formation_msgs/include/formation_msgs/formation_msgs/msg/drawn_shape.hpp\n'}
[0.459254] (formation_msgs) StdoutLine: {'line': b'-- Up-to-date: /home/tiffany/fyp_ws/install/formation_msgs/include/formation_msgs/formation_msgs/msg/refinement_cmd.hpp\n'}
[0.459306] (formation_msgs) StdoutLine: {'line': b'-- Up-to-date: /home/tiffany/fyp_ws/install/formation_msgs/include/formation_msgs/formation_msgs\n'}
[0.459378] (formation_msgs) StdoutLine: {'line': b'-- Up-to-date: /home/tiffany/fyp_ws/install/formation_msgs/include/formation_msgs/formation_msgs/msg\n'}
[0.459442] (formation_msgs) StdoutLine: {'line': b'-- Up-to-date: /home/tiffany/fyp_ws/install/formation_msgs/include/formation_msgs/formation_msgs/msg/detail\n'}
[0.459597] (formation_msgs) StdoutLine: {'line': b'-- Up-to-date: /home/tiffany/fyp_ws/install/formation_msgs/include/formation_msgs/formation_msgs/msg/detail/dds_fastrtps\n'}
[0.459703] (formation_msgs) StdoutLine: {'line': b'-- Up-to-date: /home/tiffany/fyp_ws/install/formation_msgs/include/formation_msgs/formation_msgs/msg/detail/refinement_cmd__rosidl_typesupport_fastrtps_cpp.hpp\n'}
[0.459789] (formation_msgs) StdoutLine: {'line': b'-- Up-to-date: /home/tiffany/fyp_ws/install/formation_msgs/include/formation_msgs/formation_msgs/msg/detail/user_command__rosidl_typesupport_fastrtps_cpp.hpp\n'}
[0.459894] (formation_msgs) StdoutLine: {'line': b'-- Up-to-date: /home/tiffany/fyp_ws/install/formation_msgs/include/formation_msgs/formation_msgs/msg/detail/formation_goal__rosidl_typesupport_fastrtps_cpp.hpp\n'}
[0.459976] (formation_msgs) StdoutLine: {'line': b'-- Up-to-date: /home/tiffany/fyp_ws/install/formation_msgs/include/formation_msgs/formation_msgs/msg/detail/drone_setpoint__rosidl_typesupport_fastrtps_cpp.hpp\n'}
[0.460099] (formation_msgs) StdoutLine: {'line': b'-- Up-to-date: /home/tiffany/fyp_ws/install/formation_msgs/include/formation_msgs/formation_msgs/msg/detail/generated_transform__rosidl_typesupport_fastrtps_cpp.hpp\n'}
[0.460207] (formation_msgs) StdoutLine: {'line': b'-- Up-to-date: /home/tiffany/fyp_ws/install/formation_msgs/include/formation_msgs/formation_msgs/msg/detail/system_state__rosidl_typesupport_fastrtps_cpp.hpp\n'}
[0.460298] (formation_msgs) StdoutLine: {'line': b'-- Up-to-date: /home/tiffany/fyp_ws/install/formation_msgs/include/formation_msgs/formation_msgs/msg/detail/refinement_candidate__rosidl_typesupport_fastrtps_cpp.hpp\n'}
[0.460353] (formation_msgs) StdoutLine: {'line': b'-- Up-to-date: /home/tiffany/fyp_ws/install/formation_msgs/include/formation_msgs/formation_msgs/msg/detail/drone_path__rosidl_typesupport_fastrtps_cpp.hpp\n'}
[0.460407] (formation_msgs) StdoutLine: {'line': b'-- Up-to-date: /home/tiffany/fyp_ws/install/formation_msgs/include/formation_msgs/formation_msgs/msg/detail/plan_status__rosidl_typesupport_fastrtps_cpp.hpp\n'}
[0.460460] (formation_msgs) StdoutLine: {'line': b'-- Up-to-date: /home/tiffany/fyp_ws/install/formation_msgs/include/formation_msgs/formation_msgs/msg/detail/drawn_shape__rosidl_typesupport_fastrtps_cpp.hpp\n'}
[0.460518] (formation_msgs) StdoutLine: {'line': b'-- Up-to-date: /home/tiffany/fyp_ws/install/formation_msgs/include/formation_msgs/formation_msgs/msg/detail/drone_state__rosidl_typesupport_fastrtps_cpp.hpp\n'}
[0.460575] (formation_msgs) StdoutLine: {'line': b'-- Up-to-date: /home/tiffany/fyp_ws/install/formation_msgs/include/formation_msgs/formation_msgs/msg/rosidl_typesupport_fastrtps_cpp__visibility_control.h\n'}
[0.460635] (formation_msgs) StdoutLine: {'line': b'-- Up-to-date: /home/tiffany/fyp_ws/install/formation_msgs/lib/libformation_msgs__rosidl_typesupport_fastrtps_cpp.so\n'}
[0.460695] (formation_msgs) StdoutLine: {'line': b'-- Up-to-date: /home/tiffany/fyp_ws/install/formation_msgs/include/formation_msgs/formation_msgs\n'}
[0.460755] (formation_msgs) StdoutLine: {'line': b'-- Up-to-date: /home/tiffany/fyp_ws/install/formation_msgs/include/formation_msgs/formation_msgs/msg\n'}
[0.460813] (formation_msgs) StdoutLine: {'line': b'-- Up-to-date: /home/tiffany/fyp_ws/install/formation_msgs/include/formation_msgs/formation_msgs/msg/detail\n'}
[0.460903] (formation_msgs) StdoutLine: {'line': b'-- Up-to-date: /home/tiffany/fyp_ws/install/formation_msgs/include/formation_msgs/formation_msgs/msg/detail/plan_status__type_support.cpp\n'}
[0.460976] (formation_msgs) StdoutLine: {'line': b'-- Up-to-date: /home/tiffany/fyp_ws/install/formation_msgs/include/formation_msgs/formation_msgs/msg/detail/drone_state__rosidl_typesupport_introspection_cpp.hpp\n'}
[0.461160] (formation_msgs) StdoutLine: {'line': b'-- Up-to-date: /home/tiffany/fyp_ws/install/formation_msgs/include/formation_msgs/formation_msgs/msg/detail/user_command__type_support.cpp\n'}
[0.461228] (formation_msgs) StdoutLine: {'line': b'-- Up-to-date: /home/tiffany/fyp_ws/install/formation_msgs/include/formation_msgs/formation_msgs/msg/detail/generated_transform__rosidl_typesupport_introspection_cpp.hpp\n'}
[0.461289] (formation_msgs) StdoutLine: {'line': b'-- Up-to-date: /home/tiffany/fyp_ws/install/formation_msgs/include/formation_msgs/formation_msgs/msg/detail/refinement_cmd__rosidl_typesupport_introspection_cpp.hpp\n'}
[0.461348] (formation_msgs) StdoutLine: {'line': b'-- Up-to-date: /home/tiffany/fyp_ws/install/formation_msgs/include/formation_msgs/formation_msgs/msg/detail/drawn_shape__rosidl_typesupport_introspection_cpp.hpp\n'}
[0.461405] (formation_msgs) StdoutLine: {'line': b'-- Up-to-date: /home/tiffany/fyp_ws/install/formation_msgs/include/formation_msgs/formation_msgs/msg/detail/refinement_cmd__type_support.cpp\n'}
[0.461462] (formation_msgs) StdoutLine: {'line': b'-- Up-to-date: /home/tiffany/fyp_ws/install/formation_msgs/include/formation_msgs/formation_msgs/msg/detail/drawn_shape__type_support.cpp\n'}
[0.461532] (formation_msgs) StdoutLine: {'line': b'-- Up-to-date: /home/tiffany/fyp_ws/install/formation_msgs/include/formation_msgs/formation_msgs/msg/detail/plan_status__rosidl_typesupport_introspection_cpp.hpp\n'}
[0.461591] (formation_msgs) StdoutLine: {'line': b'-- Up-to-date: /home/tiffany/fyp_ws/install/formation_msgs/include/formation_msgs/formation_msgs/msg/detail/user_command__rosidl_typesupport_introspection_cpp.hpp\n'}
[0.461647] (formation_msgs) StdoutLine: {'line': b'-- Up-to-date: /home/tiffany/fyp_ws/install/formation_msgs/include/formation_msgs/formation_msgs/msg/detail/formation_goal__type_support.cpp\n'}
[0.461704] (formation_msgs) StdoutLine: {'line': b'-- Up-to-date: /home/tiffany/fyp_ws/install/formation_msgs/include/formation_msgs/formation_msgs/msg/detail/system_state__type_support.cpp\n'}
[0.461815] (formation_msgs) StdoutLine: {'line': b'-- Up-to-date: /home/tiffany/fyp_ws/install/formation_msgs/include/formation_msgs/formation_msgs/msg/detail/drone_state__type_support.cpp\n'}
[0.461877] (formation_msgs) StdoutLine: {'line': b'-- Up-to-date: /home/tiffany/fyp_ws/install/formation_msgs/include/formation_msgs/formation_msgs/msg/detail/drone_path__type_support.cpp\n'}
[0.461933] (formation_msgs) StdoutLine: {'line': b'-- Up-to-date: /home/tiffany/fyp_ws/install/formation_msgs/include/formation_msgs/formation_msgs/msg/detail/drone_setpoint__rosidl_typesupport_introspection_cpp.hpp\n'}
[0.462060] (formation_msgs) StdoutLine: {'line': b'-- Up-to-date: /home/tiffany/fyp_ws/install/formation_msgs/include/formation_msgs/formation_msgs/msg/detail/refinement_candidate__type_support.cpp\n'}
[0.462134] (formation_msgs) StdoutLine: {'line': b'-- Up-to-date: /home/tiffany/fyp_ws/install/formation_msgs/include/formation_msgs/formation_msgs/msg/detail/formation_goal__rosidl_typesupport_introspection_cpp.hpp\n'}
[0.462187] (formation_msgs) StdoutLine: {'line': b'-- Up-to-date: /home/tiffany/fyp_ws/install/formation_msgs/include/formation_msgs/formation_msgs/msg/detail/generated_transform__type_support.cpp\n'}
[0.462237] (formation_msgs) StdoutLine: {'line': b'-- Up-to-date: /home/tiffany/fyp_ws/install/formation_msgs/include/formation_msgs/formation_msgs/msg/detail/refinement_candidate__rosidl_typesupport_introspection_cpp.hpp\n'}
[0.462288] (formation_msgs) StdoutLine: {'line': b'-- Up-to-date: /home/tiffany/fyp_ws/install/formation_msgs/include/formation_msgs/formation_msgs/msg/detail/drone_setpoint__type_support.cpp\n'}
[0.462338] (formation_msgs) StdoutLine: {'line': b'-- Up-to-date: /home/tiffany/fyp_ws/install/formation_msgs/include/formation_msgs/formation_msgs/msg/detail/system_state__rosidl_typesupport_introspection_cpp.hpp\n'}
[0.462389] (formation_msgs) StdoutLine: {'line': b'-- Up-to-date: /home/tiffany/fyp_ws/install/formation_msgs/include/formation_msgs/formation_msgs/msg/detail/drone_path__rosidl_typesupport_introspection_cpp.hpp\n'}
[0.462445] (formation_msgs) StdoutLine: {'line': b'-- Up-to-date: /home/tiffany/fyp_ws/install/formation_msgs/lib/libformation_msgs__rosidl_typesupport_introspection_cpp.so\n'}
[0.462493] (formation_msgs) StdoutLine: {'line': b'-- Up-to-date: /home/tiffany/fyp_ws/install/formation_msgs/lib/libformation_msgs__rosidl_typesupport_cpp.so\n'}
[0.462553] (formation_msgs) StdoutLine: {'line': b'-- Up-to-date: /home/tiffany/fyp_ws/install/formation_msgs/share/formation_msgs/environment/pythonpath.sh\n'}
[0.462601] (formation_msgs) StdoutLine: {'line': b'-- Up-to-date: /home/tiffany/fyp_ws/install/formation_msgs/share/formation_msgs/environment/pythonpath.dsv\n'}
[0.462650] (formation_msgs) StdoutLine: {'line': b'-- Up-to-date: /home/tiffany/fyp_ws/install/formation_msgs/local/lib/python3.10/dist-packages/formation_msgs-0.0.0-py3.10.egg-info\n'}
[0.462704] (formation_msgs) StdoutLine: {'line': b'-- Installing: /home/tiffany/fyp_ws/install/formation_msgs/local/lib/python3.10/dist-packages/formation_msgs-0.0.0-py3.10.egg-info/SOURCES.txt\n'}
[0.462756] (formation_msgs) StdoutLine: {'line': b'-- Installing: /home/tiffany/fyp_ws/install/formation_msgs/local/lib/python3.10/dist-packages/formation_msgs-0.0.0-py3.10.egg-info/top_level.txt\n'}
[0.462806] (formation_msgs) StdoutLine: {'line': b'-- Installing: /home/tiffany/fyp_ws/install/formation_msgs/local/lib/python3.10/dist-packages/formation_msgs-0.0.0-py3.10.egg-info/dependency_links.txt\n'}
[0.462855] (formation_msgs) StdoutLine: {'line': b'-- Installing: /home/tiffany/fyp_ws/install/formation_msgs/local/lib/python3.10/dist-packages/formation_msgs-0.0.0-py3.10.egg-info/PKG-INFO\n'}
[0.462903] (formation_msgs) StdoutLine: {'line': b'-- Up-to-date: /home/tiffany/fyp_ws/install/formation_msgs/local/lib/python3.10/dist-packages/formation_msgs\n'}
[0.462952] (formation_msgs) StdoutLine: {'line': b'-- Up-to-date: /home/tiffany/fyp_ws/install/formation_msgs/local/lib/python3.10/dist-packages/formation_msgs/__init__.py\n'}
[0.463039] (formation_msgs) StdoutLine: {'line': b'-- Up-to-date: /home/tiffany/fyp_ws/install/formation_msgs/local/lib/python3.10/dist-packages/formation_msgs/formation_msgs_s__rosidl_typesupport_introspection_c.cpython-310-x86_64-linux-gnu.so\n'}
[0.463111] (formation_msgs) StdoutLine: {'line': b'-- Up-to-date: /home/tiffany/fyp_ws/install/formation_msgs/local/lib/python3.10/dist-packages/formation_msgs/libformation_msgs__rosidl_generator_py.so\n'}
[0.463161] (formation_msgs) StdoutLine: {'line': b'-- Up-to-date: /home/tiffany/fyp_ws/install/formation_msgs/local/lib/python3.10/dist-packages/formation_msgs/formation_msgs_s__rosidl_typesupport_fastrtps_c.cpython-310-x86_64-linux-gnu.so\n'}
[0.463212] (formation_msgs) StdoutLine: {'line': b'-- Up-to-date: /home/tiffany/fyp_ws/install/formation_msgs/local/lib/python3.10/dist-packages/formation_msgs/_formation_msgs_s.ep.rosidl_typesupport_introspection_c.c\n'}
[0.463262] (formation_msgs) StdoutLine: {'line': b'-- Up-to-date: /home/tiffany/fyp_ws/install/formation_msgs/local/lib/python3.10/dist-packages/formation_msgs/_formation_msgs_s.ep.rosidl_typesupport_fastrtps_c.c\n'}
[0.463311] (formation_msgs) StdoutLine: {'line': b'-- Up-to-date: /home/tiffany/fyp_ws/install/formation_msgs/local/lib/python3.10/dist-packages/formation_msgs/msg\n'}
[0.463361] (formation_msgs) StdoutLine: {'line': b'-- Up-to-date: /home/tiffany/fyp_ws/install/formation_msgs/local/lib/python3.10/dist-packages/formation_msgs/msg/__init__.py\n'}
[0.463411] (formation_msgs) StdoutLine: {'line': b'-- Up-to-date: /home/tiffany/fyp_ws/install/formation_msgs/local/lib/python3.10/dist-packages/formation_msgs/msg/_drone_path.py\n'}
[0.463479] (formation_msgs) StdoutLine: {'line': b'-- Up-to-date: /home/tiffany/fyp_ws/install/formation_msgs/local/lib/python3.10/dist-packages/formation_msgs/msg/_refinement_candidate.py\n'}
[0.463530] (formation_msgs) StdoutLine: {'line': b'-- Up-to-date: /home/tiffany/fyp_ws/install/formation_msgs/local/lib/python3.10/dist-packages/formation_msgs/msg/_formation_goal.py\n'}
[0.463589] (formation_msgs) StdoutLine: {'line': b'-- Up-to-date: /home/tiffany/fyp_ws/install/formation_msgs/local/lib/python3.10/dist-packages/formation_msgs/msg/_drone_setpoint.py\n'}
[0.463638] (formation_msgs) StdoutLine: {'line': b'-- Up-to-date: /home/tiffany/fyp_ws/install/formation_msgs/local/lib/python3.10/dist-packages/formation_msgs/msg/_plan_status.py\n'}
[0.463687] (formation_msgs) StdoutLine: {'line': b'-- Up-to-date: /home/tiffany/fyp_ws/install/formation_msgs/local/lib/python3.10/dist-packages/formation_msgs/msg/_generated_transform_s.c\n'}
[0.463745] (formation_msgs) StdoutLine: {'line': b'-- Up-to-date: /home/tiffany/fyp_ws/install/formation_msgs/local/lib/python3.10/dist-packages/formation_msgs/msg/_drone_state_s.c\n'}
[0.463794] (formation_msgs) StdoutLine: {'line': b'-- Up-to-date: /home/tiffany/fyp_ws/install/formation_msgs/local/lib/python3.10/dist-packages/formation_msgs/msg/_refinement_candidate_s.c\n'}
[0.463843] (formation_msgs) StdoutLine: {'line': b'-- Up-to-date: /home/tiffany/fyp_ws/install/formation_msgs/local/lib/python3.10/dist-packages/formation_msgs/msg/_drawn_shape.py\n'}
[0.463892] (formation_msgs) StdoutLine: {'line': b'-- Up-to-date: /home/tiffany/fyp_ws/install/formation_msgs/local/lib/python3.10/dist-packages/formation_msgs/msg/_drone_setpoint_s.c\n'}
[0.463941] (formation_msgs) StdoutLine: {'line': b'-- Up-to-date: /home/tiffany/fyp_ws/install/formation_msgs/local/lib/python3.10/dist-packages/formation_msgs/msg/_formation_goal_s.c\n'}
[0.464026] (formation_msgs) StdoutLine: {'line': b'-- Up-to-date: /home/tiffany/fyp_ws/install/formation_msgs/local/lib/python3.10/dist-packages/formation_msgs/msg/_user_command_s.c\n'}
[0.464086] (formation_msgs) StdoutLine: {'line': b'-- Up-to-date: /home/tiffany/fyp_ws/install/formation_msgs/local/lib/python3.10/dist-packages/formation_msgs/msg/_drone_state.py\n'}
[0.464137] (formation_msgs) StdoutLine: {'line': b'-- Up-to-date: /home/tiffany/fyp_ws/install/formation_msgs/local/lib/python3.10/dist-packages/formation_msgs/msg/_drawn_shape_s.c\n'}
[0.464198] (formation_msgs) StdoutLine: {'line': b'-- Up-to-date: /home/tiffany/fyp_ws/install/formation_msgs/local/lib/python3.10/dist-packages/formation_msgs/msg/_user_command.py\n'}
[0.464255] (formation_msgs) StdoutLine: {'line': b'-- Up-to-date: /home/tiffany/fyp_ws/install/formation_msgs/local/lib/python3.10/dist-packages/formation_msgs/msg/_refinement_cmd.py\n'}
[0.464306] (formation_msgs) StdoutLine: {'line': b'-- Up-to-date: /home/tiffany/fyp_ws/install/formation_msgs/local/lib/python3.10/dist-packages/formation_msgs/msg/_plan_status_s.c\n'}
[0.464357] (formation_msgs) StdoutLine: {'line': b'-- Up-to-date: /home/tiffany/fyp_ws/install/formation_msgs/local/lib/python3.10/dist-packages/formation_msgs/msg/_refinement_cmd_s.c\n'}
[0.464407] (formation_msgs) StdoutLine: {'line': b'-- Up-to-date: /home/tiffany/fyp_ws/install/formation_msgs/local/lib/python3.10/dist-packages/formation_msgs/msg/_system_state.py\n'}
[0.464455] (formation_msgs) StdoutLine: {'line': b'-- Up-to-date: /home/tiffany/fyp_ws/install/formation_msgs/local/lib/python3.10/dist-packages/formation_msgs/msg/_generated_transform.py\n'}
[0.464505] (formation_msgs) StdoutLine: {'line': b'-- Up-to-date: /home/tiffany/fyp_ws/install/formation_msgs/local/lib/python3.10/dist-packages/formation_msgs/msg/_system_state_s.c\n'}
[0.464569] (formation_msgs) StdoutLine: {'line': b'-- Up-to-date: /home/tiffany/fyp_ws/install/formation_msgs/local/lib/python3.10/dist-packages/formation_msgs/msg/_drone_path_s.c\n'}
[0.464618] (formation_msgs) StdoutLine: {'line': b'-- Up-to-date: /home/tiffany/fyp_ws/install/formation_msgs/local/lib/python3.10/dist-packages/formation_msgs/formation_msgs_s__rosidl_typesupport_c.cpython-310-x86_64-linux-gnu.so\n'}
[0.464676] (formation_msgs) StdoutLine: {'line': b'-- Up-to-date: /home/tiffany/fyp_ws/install/formation_msgs/local/lib/python3.10/dist-packages/formation_msgs/_formation_msgs_s.ep.rosidl_typesupport_c.c\n'}
[0.497729] (formation_msgs) StdoutLine: {'line': b"Listing '/home/tiffany/fyp_ws/install/formation_msgs/local/lib/python3.10/dist-packages/formation_msgs'...\n"}
[0.497918] (formation_msgs) StdoutLine: {'line': b"Listing '/home/tiffany/fyp_ws/install/formation_msgs/local/lib/python3.10/dist-packages/formation_msgs/msg'...\n"}
[0.499769] (-) TimerEvent: {}
[0.502653] (formation_msgs) StdoutLine: {'line': b'-- Up-to-date: /home/tiffany/fyp_ws/install/formation_msgs/local/lib/python3.10/dist-packages/formation_msgs/formation_msgs_s__rosidl_typesupport_fastrtps_c.cpython-310-x86_64-linux-gnu.so\n'}
[0.503005] (formation_msgs) StdoutLine: {'line': b'-- Up-to-date: /home/tiffany/fyp_ws/install/formation_msgs/local/lib/python3.10/dist-packages/formation_msgs/formation_msgs_s__rosidl_typesupport_introspection_c.cpython-310-x86_64-linux-gnu.so\n'}
[0.503480] (formation_msgs) StdoutLine: {'line': b'-- Up-to-date: /home/tiffany/fyp_ws/install/formation_msgs/local/lib/python3.10/dist-packages/formation_msgs/formation_msgs_s__rosidl_typesupport_c.cpython-310-x86_64-linux-gnu.so\n'}
[0.503940] (formation_msgs) StdoutLine: {'line': b'-- Up-to-date: /home/tiffany/fyp_ws/install/formation_msgs/lib/libformation_msgs__rosidl_generator_py.so\n'}
[0.504270] (formation_msgs) StdoutLine: {'line': b'-- Up-to-date: /home/tiffany/fyp_ws/install/formation_msgs/share/ament_index/resource_index/rust_packages/formation_msgs\n'}
[0.504439] (formation_msgs) StdoutLine: {'line': b'-- Up-to-date: /home/tiffany/fyp_ws/install/formation_msgs/share/formation_msgs/rust\n'}
[0.504517] (formation_msgs) StdoutLine: {'line': b'-- Up-to-date: /home/tiffany/fyp_ws/install/formation_msgs/share/formation_msgs/rust/build.rs\n'}
[0.504646] (formation_msgs) StdoutLine: {'line': b'-- Up-to-date: /home/tiffany/fyp_ws/install/formation_msgs/share/formation_msgs/rust/Cargo.toml\n'}
[0.504719] (formation_msgs) StdoutLine: {'line': b'-- Up-to-date: /home/tiffany/fyp_ws/install/formation_msgs/share/formation_msgs/rust/src\n'}
[0.504791] (formation_msgs) StdoutLine: {'line': b'-- Up-to-date: /home/tiffany/fyp_ws/install/formation_msgs/share/formation_msgs/rust/src/lib.rs\n'}
[0.504851] (formation_msgs) StdoutLine: {'line': b'-- Up-to-date: /home/tiffany/fyp_ws/install/formation_msgs/share/formation_msgs/rust/src/msg.rs\n'}
[0.504975] (formation_msgs) StdoutLine: {'line': b'-- Up-to-date: /home/tiffany/fyp_ws/install/formation_msgs/share/formation_msgs/rust/src/msg\n'}
[0.505097] (formation_msgs) StdoutLine: {'line': b'-- Up-to-date: /home/tiffany/fyp_ws/install/formation_msgs/share/formation_msgs/rust/src/msg/rmw.rs\n'}
[0.505163] (formation_msgs) StdoutLine: {'line': b'-- Up-to-date: /home/tiffany/fyp_ws/install/formation_msgs/share/formation_msgs/msg/DrawnShape.idl\n'}
[0.505229] (formation_msgs) StdoutLine: {'line': b'-- Up-to-date: /home/tiffany/fyp_ws/install/formation_msgs/share/formation_msgs/msg/FormationGoal.idl\n'}
[0.505294] (formation_msgs) StdoutLine: {'line': b'-- Up-to-date: /home/tiffany/fyp_ws/install/formation_msgs/share/formation_msgs/msg/DronePath.idl\n'}
[0.505360] (formation_msgs) StdoutLine: {'line': b'-- Up-to-date: /home/tiffany/fyp_ws/install/formation_msgs/share/formation_msgs/msg/DroneState.idl\n'}
[0.505419] (formation_msgs) StdoutLine: {'line': b'-- Up-to-date: /home/tiffany/fyp_ws/install/formation_msgs/share/formation_msgs/msg/RefinementCmd.idl\n'}
[0.505476] (formation_msgs) StdoutLine: {'line': b'-- Up-to-date: /home/tiffany/fyp_ws/install/formation_msgs/share/formation_msgs/msg/RefinementCandidate.idl\n'}
[0.505539] (formation_msgs) StdoutLine: {'line': b'-- Up-to-date: /home/tiffany/fyp_ws/install/formation_msgs/share/formation_msgs/msg/GeneratedTransform.idl\n'}
[0.505653] (formation_msgs) StdoutLine: {'line': b'-- Up-to-date: /home/tiffany/fyp_ws/install/formation_msgs/share/formation_msgs/msg/PlanStatus.idl\n'}
[0.505731] (formation_msgs) StdoutLine: {'line': b'-- Up-to-date: /home/tiffany/fyp_ws/install/formation_msgs/share/formation_msgs/msg/SystemState.idl\n'}
[0.505798] (formation_msgs) StdoutLine: {'line': b'-- Up-to-date: /home/tiffany/fyp_ws/install/formation_msgs/share/formation_msgs/msg/UserCommand.idl\n'}
[0.505886] (formation_msgs) StdoutLine: {'line': b'-- Up-to-date: /home/tiffany/fyp_ws/install/formation_msgs/share/formation_msgs/msg/DroneSetpoint.idl\n'}
[0.505952] (formation_msgs) StdoutLine: {'line': b'-- Up-to-date: /home/tiffany/fyp_ws/install/formation_msgs/share/formation_msgs/msg/DrawnShape.msg\n'}
[0.506061] (formation_msgs) StdoutLine: {'line': b'-- Up-to-date: /home/tiffany/fyp_ws/install/formation_msgs/share/formation_msgs/msg/FormationGoal.msg\n'}
[0.506133] (formation_msgs) StdoutLine: {'line': b'-- Up-to-date: /home/tiffany/fyp_ws/install/formation_msgs/share/formation_msgs/msg/DronePath.msg\n'}
[0.506197] (formation_msgs) StdoutLine: {'line': b'-- Up-to-date: /home/tiffany/fyp_ws/install/formation_msgs/share/formation_msgs/msg/DroneState.msg\n'}
[0.506254] (formation_msgs) StdoutLine: {'line': b'-- Up-to-date: /home/tiffany/fyp_ws/install/formation_msgs/share/formation_msgs/msg/RefinementCmd.msg\n'}
[0.506319] (formation_msgs) StdoutLine: {'line': b'-- Up-to-date: /home/tiffany/fyp_ws/install/formation_msgs/share/formation_msgs/msg/RefinementCandidate.msg\n'}
[0.506378] (formation_msgs) StdoutLine: {'line': b'-- Up-to-date: /home/tiffany/fyp_ws/install/formation_msgs/share/formation_msgs/msg/GeneratedTransform.msg\n'}
[0.506439] (formation_msgs) StdoutLine: {'line': b'-- Up-to-date: /home/tiffany/fyp_ws/install/formation_msgs/share/formation_msgs/msg/PlanStatus.msg\n'}
[0.506542] (formation_msgs) StdoutLine: {'line': b'-- Up-to-date: /home/tiffany/fyp_ws/install/formation_msgs/share/formation_msgs/msg/SystemState.msg\n'}
[0.506620] (formation_msgs) StdoutLine: {'line': b'-- Up-to-date: /home/tiffany/fyp_ws/install/formation_msgs/share/formation_msgs/msg/UserCommand.msg\n'}
[0.506682] (formation_msgs) StdoutLine: {'line': b'-- Up-to-date: /home/tiffany/fyp_ws/install/formation_msgs/share/formation_msgs/msg/DroneSetpoint.msg\n'}
[0.506760] (formation_msgs) StdoutLine: {'line': b'-- Up-to-date: /home/tiffany/fyp_ws/install/formation_msgs/share/ament_index/resource_index/package_run_dependencies/formation_msgs\n'}
[0.506826] (formation_msgs) StdoutLine: {'line': b'-- Up-to-date: /home/tiffany/fyp_ws/install/formation_msgs/share/ament_index/resource_index/parent_prefix_path/formation_msgs\n'}
[0.506889] (formation_msgs) StdoutLine: {'line': b'-- Up-to-date: /home/tiffany/fyp_ws/install/formation_msgs/share/formation_msgs/environment/ament_prefix_path.sh\n'}
[0.506945] (formation_msgs) StdoutLine: {'line': b'-- Up-to-date: /home/tiffany/fyp_ws/install/formation_msgs/share/formation_msgs/environment/ament_prefix_path.dsv\n'}
[0.507046] (formation_msgs) StdoutLine: {'line': b'-- Up-to-date: /home/tiffany/fyp_ws/install/formation_msgs/share/formation_msgs/environment/path.sh\n'}
[0.507109] (formation_msgs) StdoutLine: {'line': b'-- Up-to-date: /home/tiffany/fyp_ws/install/formation_msgs/share/formation_msgs/environment/path.dsv\n'}
[0.507167] (formation_msgs) StdoutLine: {'line': b'-- Up-to-date: /home/tiffany/fyp_ws/install/formation_msgs/share/formation_msgs/local_setup.bash\n'}
[0.507225] (formation_msgs) StdoutLine: {'line': b'-- Up-to-date: /home/tiffany/fyp_ws/install/formation_msgs/share/formation_msgs/local_setup.sh\n'}
[0.507283] (formation_msgs) StdoutLine: {'line': b'-- Up-to-date: /home/tiffany/fyp_ws/install/formation_msgs/share/formation_msgs/local_setup.zsh\n'}
[0.507338] (formation_msgs) StdoutLine: {'line': b'-- Up-to-date: /home/tiffany/fyp_ws/install/formation_msgs/share/formation_msgs/local_setup.dsv\n'}
[0.507430] (formation_msgs) StdoutLine: {'line': b'-- Installing: /home/tiffany/fyp_ws/install/formation_msgs/share/formation_msgs/package.dsv\n'}
[0.507486] (formation_msgs) StdoutLine: {'line': b'-- Up-to-date: /home/tiffany/fyp_ws/install/formation_msgs/share/ament_index/resource_index/packages/formation_msgs\n'}
[0.507559] (formation_msgs) StdoutLine: {'line': b'-- Up-to-date: /home/tiffany/fyp_ws/install/formation_msgs/share/formation_msgs/cmake/export_formation_msgs__rosidl_generator_cExport.cmake\n'}
[0.507652] (formation_msgs) StdoutLine: {'line': b'-- Up-to-date: /home/tiffany/fyp_ws/install/formation_msgs/share/formation_msgs/cmake/export_formation_msgs__rosidl_generator_cExport-noconfig.cmake\n'}
[0.507844] (formation_msgs) StdoutLine: {'line': b'-- Up-to-date: /home/tiffany/fyp_ws/install/formation_msgs/share/formation_msgs/cmake/export_formation_msgs__rosidl_typesupport_fastrtps_cExport.cmake\n'}
[0.507950] (formation_msgs) StdoutLine: {'line': b'-- Up-to-date: /home/tiffany/fyp_ws/install/formation_msgs/share/formation_msgs/cmake/export_formation_msgs__rosidl_typesupport_fastrtps_cExport-noconfig.cmake\n'}
[0.508089] (formation_msgs) StdoutLine: {'line': b'-- Up-to-date: /home/tiffany/fyp_ws/install/formation_msgs/share/formation_msgs/cmake/formation_msgs__rosidl_typesupport_introspection_cExport.cmake\n'}
[0.508206] (formation_msgs) StdoutLine: {'line': b'-- Up-to-date: /home/tiffany/fyp_ws/install/formation_msgs/share/formation_msgs/cmake/formation_msgs__rosidl_typesupport_introspection_cExport-noconfig.cmake\n'}
[0.508352] (formation_msgs) StdoutLine: {'line': b'-- Up-to-date: /home/tiffany/fyp_ws/install/formation_msgs/share/formation_msgs/cmake/formation_msgs__rosidl_typesupport_cExport.cmake\n'}
[0.508419] (formation_msgs) StdoutLine: {'line': b'-- Up-to-date: /home/tiffany/fyp_ws/install/formation_msgs/share/formation_msgs/cmake/formation_msgs__rosidl_typesupport_cExport-noconfig.cmake\n'}
[0.508617] (formation_msgs) StdoutLine: {'line': b'-- Up-to-date: /home/tiffany/fyp_ws/install/formation_msgs/share/formation_msgs/cmake/export_formation_msgs__rosidl_generator_cppExport.cmake\n'}
[0.508753] (formation_msgs) StdoutLine: {'line': b'-- Up-to-date: /home/tiffany/fyp_ws/install/formation_msgs/share/formation_msgs/cmake/export_formation_msgs__rosidl_typesupport_fastrtps_cppExport.cmake\n'}
[0.508853] (formation_msgs) StdoutLine: {'line': b'-- Up-to-date: /home/tiffany/fyp_ws/install/formation_msgs/share/formation_msgs/cmake/export_formation_msgs__rosidl_typesupport_fastrtps_cppExport-noconfig.cmake\n'}
[0.508944] (formation_msgs) StdoutLine: {'line': b'-- Up-to-date: /home/tiffany/fyp_ws/install/formation_msgs/share/formation_msgs/cmake/formation_msgs__rosidl_typesupport_introspection_cppExport.cmake\n'}
[0.509107] (formation_msgs) StdoutLine: {'line': b'-- Up-to-date: /home/tiffany/fyp_ws/install/formation_msgs/share/formation_msgs/cmake/formation_msgs__rosidl_typesupport_introspection_cppExport-noconfig.cmake\n'}
[0.509206] (formation_msgs) StdoutLine: {'line': b'-- Up-to-date: /home/tiffany/fyp_ws/install/formation_msgs/share/formation_msgs/cmake/formation_msgs__rosidl_typesupport_cppExport.cmake\n'}
[0.509300] (formation_msgs) StdoutLine: {'line': b'-- Up-to-date: /home/tiffany/fyp_ws/install/formation_msgs/share/formation_msgs/cmake/formation_msgs__rosidl_typesupport_cppExport-noconfig.cmake\n'}
[0.509397] (formation_msgs) StdoutLine: {'line': b'-- Up-to-date: /home/tiffany/fyp_ws/install/formation_msgs/share/formation_msgs/cmake/export_formation_msgs__rosidl_generator_pyExport.cmake\n'}
[0.509483] (formation_msgs) StdoutLine: {'line': b'-- Up-to-date: /home/tiffany/fyp_ws/install/formation_msgs/share/formation_msgs/cmake/export_formation_msgs__rosidl_generator_pyExport-noconfig.cmake\n'}
[0.509602] (formation_msgs) StdoutLine: {'line': b'-- Up-to-date: /home/tiffany/fyp_ws/install/formation_msgs/share/formation_msgs/cmake/rosidl_cmake-extras.cmake\n'}
[0.509690] (formation_msgs) StdoutLine: {'line': b'-- Up-to-date: /home/tiffany/fyp_ws/install/formation_msgs/share/formation_msgs/cmake/ament_cmake_export_dependencies-extras.cmake\n'}
[0.509776] (formation_msgs) StdoutLine: {'line': b'-- Up-to-date: /home/tiffany/fyp_ws/install/formation_msgs/share/formation_msgs/cmake/ament_cmake_export_include_directories-extras.cmake\n'}
[0.509864] (formation_msgs) StdoutLine: {'line': b'-- Up-to-date: /home/tiffany/fyp_ws/install/formation_msgs/share/formation_msgs/cmake/ament_cmake_export_libraries-extras.cmake\n'}
[0.509953] (formation_msgs) StdoutLine: {'line': b'-- Up-to-date: /home/tiffany/fyp_ws/install/formation_msgs/share/formation_msgs/cmake/ament_cmake_export_targets-extras.cmake\n'}
[0.510051] (formation_msgs) StdoutLine: {'line': b'-- Up-to-date: /home/tiffany/fyp_ws/install/formation_msgs/share/formation_msgs/cmake/rosidl_cmake_export_typesupport_targets-extras.cmake\n'}
[0.510129] (formation_msgs) StdoutLine: {'line': b'-- Up-to-date: /home/tiffany/fyp_ws/install/formation_msgs/share/formation_msgs/cmake/rosidl_cmake_export_typesupport_libraries-extras.cmake\n'}
[0.510219] (formation_msgs) StdoutLine: {'line': b'-- Up-to-date: /home/tiffany/fyp_ws/install/formation_msgs/share/formation_msgs/cmake/formation_msgsConfig.cmake\n'}
[0.510278] (formation_msgs) StdoutLine: {'line': b'-- Up-to-date: /home/tiffany/fyp_ws/install/formation_msgs/share/formation_msgs/cmake/formation_msgsConfig-version.cmake\n'}
[0.510358] (formation_msgs) StdoutLine: {'line': b'-- Up-to-date: /home/tiffany/fyp_ws/install/formation_msgs/share/formation_msgs/package.xml\n'}
[0.514802] (formation_msgs) CommandEnded: {'returncode': 0}
[0.532928] (formation_msgs) JobEnded: {'identifier': 'formation_msgs', 'rc': 0}
[0.534182] (drone_control) JobStarted: {'identifier': 'drone_control'}
[0.538013] (formation_planner) JobStarted: {'identifier': 'formation_planner'}
[0.542616] (formation_ui) JobStarted: {'identifier': 'formation_ui'}
[0.547358] (llm_refinement) JobStarted: {'identifier': 'llm_refinement'}
[0.552648] (task_manager) JobStarted: {'identifier': 'task_manager'}
[0.599938] (-) TimerEvent: {}
[0.700358] (-) TimerEvent: {}
[0.800750] (-) TimerEvent: {}
[0.901194] (-) TimerEvent: {}
[1.001599] (-) TimerEvent: {}
[1.102008] (-) TimerEvent: {}
[1.202417] (-) TimerEvent: {}
[1.302863] (-) TimerEvent: {}
[1.403367] (-) TimerEvent: {}
[1.503755] (-) TimerEvent: {}
[1.604158] (-) TimerEvent: {}
[1.704474] (-) TimerEvent: {}
[1.804802] (-) TimerEvent: {}
[1.905148] (-) TimerEvent: {}
[2.005459] (-) TimerEvent: {}
[2.105801] (-) TimerEvent: {}
[2.206144] (-) TimerEvent: {}
[2.306470] (-) TimerEvent: {}
[2.405039] (task_manager) Command: {'cmd': ['/usr/bin/python3', '-W', 'ignore:setup.py install is deprecated', '-W', 'ignore:easy_install command is deprecated', 'setup.py', 'egg_info', '--egg-base', '../../build/task_manager', 'build', '--build-base', '/home/tiffany/fyp_ws/build/task_manager/build', 'install', '--record', '/home/tiffany/fyp_ws/build/task_manager/install.log', '--install-scripts', '$base/lib/task_manager', '--single-version-externally-managed', 'install_data'], 'cwd': '/home/tiffany/fyp_ws/src/task_manager', 'env': {'LESSOPEN': '| /usr/bin/lesspipe %s', 'USER': 'tiffany', 'LC_TIME': 'id_ID.UTF-8', 'XDG_SESSION_TYPE': 'wayland', 'SHLVL': '1', 'LD_LIBRARY_PATH': '/home/tiffany/fyp_ws/install/formation_msgs/lib:/opt/ros/humble/opt/rviz_ogre_vendor/lib:/opt/ros/humble/lib/x86_64-linux-gnu:/opt/ros/humble/lib', 'HOME': '/home/tiffany', 'OLDPWD': '/home/tiffany', 'DESKTOP_SESSION': 'ubuntu', 'ROS_PYTHON_VERSION': '3', 'GNOME_SHELL_SESSION_MODE': 'ubuntu', 'GTK_MODULES': 'gail:atk-bridge', 'LC_MONETARY': 'id_ID.UTF-8', 'SYSTEMD_EXEC_PID': '1820', 'DBUS_SESSION_BUS_ADDRESS': 'unix:path=/run/user/1000/bus', 'COLORTERM': 'truecolor', 'IM_CONFIG_PHASE': '1', 'WAYLAND_DISPLAY': 'wayland-0', 'ROS_DISTRO': 'humble', 'LOGNAME': 'tiffany', '_': '/usr/bin/colcon', 'ROS_VERSION': '2', 'XDG_SESSION_CLASS': 'user', 'USERNAME': 'tiffany', 'TERM': 'xterm-256color', 'GNOME_DESKTOP_SESSION_ID': 'this-is-deprecated', 'ROS_LOCALHOST_ONLY': '0', 'PATH': '/opt/ros/humble/bin:/home/tiffany/.local/bin:/usr/local/sbin:/usr/local/bin:/usr/sbin:/usr/bin:/sbin:/bin:/usr/games:/usr/local/games:/snap/bin:/snap/bin', 'SESSION_MANAGER': 'local/tiffany-HP:@/tmp/.ICE-unix/1603,unix/tiffany-HP:/tmp/.ICE-unix/1603', 'XDG_MENU_PREFIX': 'gnome-', 'LC_ADDRESS': 'id_ID.UTF-8', 'GNOME_TERMINAL_SCREEN': '/org/gnome/Terminal/screen/13cadd04_d855_4740_84c0_450cac55f6f9', 'GNOME_SETUP_DISPLAY': ':1', 'XDG_RUNTIME_DIR': '/run/user/1000', 'DISPLAY': ':0', 'LANG': 'en_US.UTF-8', 'XDG_CURRENT_DESKTOP': 'ubuntu:GNOME', 'LC_TELEPHONE': 'id_ID.UTF-8', 'XMODIFIERS': '@im=ibus', 'XDG_SESSION_DESKTOP': 'ubuntu', 'XAUTHORITY': '/run/user/1000/.mutter-Xwaylandauth.E2BUV3', 'LS_COLORS': 'rs=0:di=01;34:ln=01;36:mh=00:pi=40;33:so=01;35:do=01;35:bd=40;33;01:cd=40;33;01:or=40;31;01:mi=00:su=37;41:sg=30;43:ca=30;41:tw=30;42:ow=34;42:st=37;44:ex=01;32:*.tar=01;31:*.tgz=01;31:*.arc=01;31:*.arj=01;31:*.taz=01;31:*.lha=01;31:*.lz4=01;31:*.lzh=01;31:*.lzma=01;31:*.tlz=01;31:*.txz=01;31:*.tzo=01;31:*.t7z=01;31:*.zip=01;31:*.z=01;31:*.dz=01;31:*.gz=01;31:*.lrz=01;31:*.lz=01;31:*.lzo=01;31:*.xz=01;31:*.zst=01;31:*.tzst=01;31:*.bz2=01;31:*.bz=01;31:*.tbz=01;31:*.tbz2=01;31:*.tz=01;31:*.deb=01;31:*.rpm=01;31:*.jar=01;31:*.war=01;31:*.ear=01;31:*.sar=01;31:*.rar=01;31:*.alz=01;31:*.ace=01;31:*.zoo=01;31:*.cpio=01;31:*.7z=01;31:*.rz=01;31:*.cab=01;31:*.wim=01;31:*.swm=01;31:*.dwm=01;31:*.esd=01;31:*.jpg=01;35:*.jpeg=01;35:*.mjpg=01;35:*.mjpeg=01;35:*.gif=01;35:*.bmp=01;35:*.pbm=01;35:*.pgm=01;35:*.ppm=01;35:*.tga=01;35:*.xbm=01;35:*.xpm=01;35:*.tif=01;35:*.tiff=01;35:*.png=01;35:*.svg=01;35:*.svgz=01;35:*.mng=01;35:*.pcx=01;35:*.mov=01;35:*.mpg=01;35:*.mpeg=01;35:*.m2v=01;35:*.mkv=01;35:*.webm=01;35:*.webp=01;35:*.ogm=01;35:*.mp4=01;35:*.m4v=01;35:*.mp4v=01;35:*.vob=01;35:*.qt=01;35:*.nuv=01;35:*.wmv=01;35:*.asf=01;35:*.rm=01;35:*.rmvb=01;35:*.flc=01;35:*.avi=01;35:*.fli=01;35:*.flv=01;35:*.gl=01;35:*.dl=01;35:*.xcf=01;35:*.xwd=01;35:*.yuv=01;35:*.cgm=01;35:*.emf=01;35:*.ogv=01;35:*.ogx=01;35:*.aac=00;36:*.au=00;36:*.flac=00;36:*.m4a=00;36:*.mid=00;36:*.midi=00;36:*.mka=00;36:*.mp3=00;36:*.mpc=00;36:*.ogg=00;36:*.ra=00;36:*.wav=00;36:*.oga=00;36:*.opus=00;36:*.spx=00;36:*.xspf=00;36:', 'GNOME_TERMINAL_SERVICE': ':1.170', 'SSH_AGENT_LAUNCHER': 'gnome-keyring', 'SSH_AUTH_SOCK': '/run/user/1000/keyring/ssh', 'AMENT_PREFIX_PATH': '/home/tiffany/fyp_ws/install/formation_msgs:/opt/ros/humble', 'SHELL': '/bin/bash', 'LC_NAME': 'id_ID.UTF-8', 'QT_ACCESSIBILITY': '1', 'GDMSESSION': 'ubuntu', 'LESSCLOSE': '/usr/bin/lesspipe %s %s', 'IGN_GAZEBO_RESOURCE_PATH': ':/home/tiffany/fyp_ws/src/formation_gazebo/models', 'LC_MEASUREMENT': 'id_ID.UTF-8', 'LC_IDENTIFICATION': 'id_ID.UTF-8', 'QT_IM_MODULE': 'ibus', 'PWD': '/home/tiffany/fyp_ws/build/task_manager', 'LC_ALL': 'en_US.UTF-8', 'XDG_CONFIG_DIRS': '/etc/xdg/xdg-ubuntu:/etc/xdg', 'XDG_DATA_DIRS': '/usr/share/ubuntu:/usr/local/share/:/usr/share/:/var/lib/snapd/desktop', 'PYTHONPATH': '/home/tiffany/fyp_ws/build/task_manager/prefix_override:/usr/lib/python3/dist-packages/colcon_core/task/python/colcon_distutils_commands:/home/tiffany/fyp_ws/install/task_manager/lib/python3.10/site-packages:/home/tiffany/fyp_ws/install/formation_msgs/local/lib/python3.10/dist-packages:/opt/ros/humble/lib/python3.10/site-packages:/opt/ros/humble/local/lib/python3.10/dist-packages', 'LC_NUMERIC': 'id_ID.UTF-8', 'LC_PAPER': 'id_ID.UTF-8', 'COLCON': '1', 'VTE_VERSION': '6800', 'CMAKE_PREFIX_PATH': '/home/tiffany/fyp_ws/install/formation_msgs'}, 'shell': False}
[2.406756] (-) TimerEvent: {}
[2.408856] (drone_control) Command: {'cmd': ['/usr/bin/python3', '-W', 'ignore:setup.py install is deprecated', '-W', 'ignore:easy_install command is deprecated', 'setup.py', 'egg_info', '--egg-base', '../../build/drone_control', 'build', '--build-base', '/home/tiffany/fyp_ws/build/drone_control/build', 'install', '--record', '/home/tiffany/fyp_ws/build/drone_control/install.log', '--install-scripts', '$base/lib/drone_control', '--single-version-externally-managed', 'install_data'], 'cwd': '/home/tiffany/fyp_ws/src/drone_control', 'env': {'LESSOPEN': '| /usr/bin/lesspipe %s', 'USER': 'tiffany', 'LC_TIME': 'id_ID.UTF-8', 'XDG_SESSION_TYPE': 'wayland', 'SHLVL': '1', 'LD_LIBRARY_PATH': '/home/tiffany/fyp_ws/install/formation_msgs/lib:/opt/ros/humble/opt/rviz_ogre_vendor/lib:/opt/ros/humble/lib/x86_64-linux-gnu:/opt/ros/humble/lib', 'HOME': '/home/tiffany', 'OLDPWD': '/home/tiffany', 'DESKTOP_SESSION': 'ubuntu', 'ROS_PYTHON_VERSION': '3', 'GNOME_SHELL_SESSION_MODE': 'ubuntu', 'GTK_MODULES': 'gail:atk-bridge', 'LC_MONETARY': 'id_ID.UTF-8', 'SYSTEMD_EXEC_PID': '1820', 'DBUS_SESSION_BUS_ADDRESS': 'unix:path=/run/user/1000/bus', 'COLORTERM': 'truecolor', 'IM_CONFIG_PHASE': '1', 'WAYLAND_DISPLAY': 'wayland-0', 'ROS_DISTRO': 'humble', 'LOGNAME': 'tiffany', '_': '/usr/bin/colcon', 'ROS_VERSION': '2', 'XDG_SESSION_CLASS': 'user', 'USERNAME': 'tiffany', 'TERM': 'xterm-256color', 'GNOME_DESKTOP_SESSION_ID': 'this-is-deprecated', 'ROS_LOCALHOST_ONLY': '0', 'PATH': '/opt/ros/humble/bin:/home/tiffany/.local/bin:/usr/local/sbin:/usr/local/bin:/usr/sbin:/usr/bin:/sbin:/bin:/usr/games:/usr/local/games:/snap/bin:/snap/bin', 'SESSION_MANAGER': 'local/tiffany-HP:@/tmp/.ICE-unix/1603,unix/tiffany-HP:/tmp/.ICE-unix/1603', 'XDG_MENU_PREFIX': 'gnome-', 'LC_ADDRESS': 'id_ID.UTF-8', 'GNOME_TERMINAL_SCREEN': '/org/gnome/Terminal/screen/13cadd04_d855_4740_84c0_450cac55f6f9', 'GNOME_SETUP_DISPLAY': ':1', 'XDG_RUNTIME_DIR': '/run/user/1000', 'DISPLAY': ':0', 'LANG': 'en_US.UTF-8', 'XDG_CURRENT_DESKTOP': 'ubuntu:GNOME', 'LC_TELEPHONE': 'id_ID.UTF-8', 'XMODIFIERS': '@im=ibus', 'XDG_SESSION_DESKTOP': 'ubuntu', 'XAUTHORITY': '/run/user/1000/.mutter-Xwaylandauth.E2BUV3', 'LS_COLORS': 'rs=0:di=01;34:ln=01;36:mh=00:pi=40;33:so=01;35:do=01;35:bd=40;33;01:cd=40;33;01:or=40;31;01:mi=00:su=37;41:sg=30;43:ca=30;41:tw=30;42:ow=34;42:st=37;44:ex=01;32:*.tar=01;31:*.tgz=01;31:*.arc=01;31:*.arj=01;31:*.taz=01;31:*.lha=01;31:*.lz4=01;31:*.lzh=01;31:*.lzma=01;31:*.tlz=01;31:*.txz=01;31:*.tzo=01;31:*.t7z=01;31:*.zip=01;31:*.z=01;31:*.dz=01;31:*.gz=01;31:*.lrz=01;31:*.lz=01;31:*.lzo=01;31:*.xz=01;31:*.zst=01;31:*.tzst=01;31:*.bz2=01;31:*.bz=01;31:*.tbz=01;31:*.tbz2=01;31:*.tz=01;31:*.deb=01;31:*.rpm=01;31:*.jar=01;31:*.war=01;31:*.ear=01;31:*.sar=01;31:*.rar=01;31:*.alz=01;31:*.ace=01;31:*.zoo=01;31:*.cpio=01;31:*.7z=01;31:*.rz=01;31:*.cab=01;31:*.wim=01;31:*.swm=01;31:*.dwm=01;31:*.esd=01;31:*.jpg=01;35:*.jpeg=01;35:*.mjpg=01;35:*.mjpeg=01;35:*.gif=01;35:*.bmp=01;35:*.pbm=01;35:*.pgm=01;35:*.ppm=01;35:*.tga=01;35:*.xbm=01;35:*.xpm=01;35:*.tif=01;35:*.tiff=01;35:*.png=01;35:*.svg=01;35:*.svgz=01;35:*.mng=01;35:*.pcx=01;35:*.mov=01;35:*.mpg=01;35:*.mpeg=01;35:*.m2v=01;35:*.mkv=01;35:*.webm=01;35:*.webp=01;35:*.ogm=01;35:*.mp4=01;35:*.m4v=01;35:*.mp4v=01;35:*.vob=01;35:*.qt=01;35:*.nuv=01;35:*.wmv=01;35:*.asf=01;35:*.rm=01;35:*.rmvb=01;35:*.flc=01;35:*.avi=01;35:*.fli=01;35:*.flv=01;35:*.gl=01;35:*.dl=01;35:*.xcf=01;35:*.xwd=01;35:*.yuv=01;35:*.cgm=01;35:*.emf=01;35:*.ogv=01;35:*.ogx=01;35:*.aac=00;36:*.au=00;36:*.flac=00;36:*.m4a=00;36:*.mid=00;36:*.midi=00;36:*.mka=00;36:*.mp3=00;36:*.mpc=00;36:*.ogg=00;36:*.ra=00;36:*.wav=00;36:*.oga=00;36:*.opus=00;36:*.spx=00;36:*.xspf=00;36:', 'GNOME_TERMINAL_SERVICE': ':1.170', 'SSH_AGENT_LAUNCHER': 'gnome-keyring', 'SSH_AUTH_SOCK': '/run/user/1000/keyring/ssh', 'AMENT_PREFIX_PATH': '/home/tiffany/fyp_ws/install/formation_msgs:/opt/ros/humble', 'SHELL': '/bin/bash', 'LC_NAME': 'id_ID.UTF-8', 'QT_ACCESSIBILITY': '1', 'GDMSESSION': 'ubuntu', 'LESSCLOSE': '/usr/bin/lesspipe %s %s', 'IGN_GAZEBO_RESOURCE_PATH': ':/home/tiffany/fyp_ws/src/formation_gazebo/models', 'LC_MEASUREMENT': 'id_ID.UTF-8', 'LC_IDENTIFICATION': 'id_ID.UTF-8', 'QT_IM_MODULE': 'ibus', 'PWD': '/home/tiffany/fyp_ws/build/drone_control', 'LC_ALL': 'en_US.UTF-8', 'XDG_CONFIG_DIRS': '/etc/xdg/xdg-ubuntu:/etc/xdg', 'XDG_DATA_DIRS': '/usr/share/ubuntu:/usr/local/share/:/usr/share/:/var/lib/snapd/desktop', 'PYTHONPATH': '/home/tiffany/fyp_ws/build/drone_control/prefix_override:/usr/lib/python3/dist-packages/colcon_core/task/python/colcon_distutils_commands:/home/tiffany/fyp_ws/install/drone_control/lib/python3.10/site-packages:/home/tiffany/fyp_ws/install/formation_msgs/local/lib/python3.10/dist-packages:/opt/ros/humble/lib/python3.10/site-packages:/opt/ros/humble/local/lib/python3.10/dist-packages', 'LC_NUMERIC': 'id_ID.UTF-8', 'LC_PAPER': 'id_ID.UTF-8', 'COLCON': '1', 'VTE_VERSION': '6800', 'CMAKE_PREFIX_PATH': '/home/tiffany/fyp_ws/install/formation_msgs'}, 'shell': False}
[2.413889] (llm_refinement) Command: {'cmd': ['/usr/bin/python3', '-W', 'ignore:setup.py install is deprecated', '-W', 'ignore:easy_install command is deprecated', 'setup.py', 'egg_info', '--egg-base', '../../build/llm_refinement', 'build', '--build-base', '/home/tiffany/fyp_ws/build/llm_refinement/build', 'install', '--record', '/home/tiffany/fyp_ws/build/llm_refinement/install.log', '--install-scripts', '$base/lib/llm_refinement', '--single-version-externally-managed', 'install_data'], 'cwd': '/home/tiffany/fyp_ws/src/llm_refinement', 'env': {'LESSOPEN': '| /usr/bin/lesspipe %s', 'USER': 'tiffany', 'LC_TIME': 'id_ID.UTF-8', 'XDG_SESSION_TYPE': 'wayland', 'SHLVL': '1', 'LD_LIBRARY_PATH': '/home/tiffany/fyp_ws/install/formation_msgs/lib:/opt/ros/humble/opt/rviz_ogre_vendor/lib:/opt/ros/humble/lib/x86_64-linux-gnu:/opt/ros/humble/lib', 'HOME': '/home/tiffany', 'OLDPWD': '/home/tiffany', 'DESKTOP_SESSION': 'ubuntu', 'ROS_PYTHON_VERSION': '3', 'GNOME_SHELL_SESSION_MODE': 'ubuntu', 'GTK_MODULES': 'gail:atk-bridge', 'LC_MONETARY': 'id_ID.UTF-8', 'SYSTEMD_EXEC_PID': '1820', 'DBUS_SESSION_BUS_ADDRESS': 'unix:path=/run/user/1000/bus', 'COLORTERM': 'truecolor', 'IM_CONFIG_PHASE': '1', 'WAYLAND_DISPLAY': 'wayland-0', 'ROS_DISTRO': 'humble', 'LOGNAME': 'tiffany', '_': '/usr/bin/colcon', 'ROS_VERSION': '2', 'XDG_SESSION_CLASS': 'user', 'USERNAME': 'tiffany', 'TERM': 'xterm-256color', 'GNOME_DESKTOP_SESSION_ID': 'this-is-deprecated', 'ROS_LOCALHOST_ONLY': '0', 'PATH': '/opt/ros/humble/bin:/home/tiffany/.local/bin:/usr/local/sbin:/usr/local/bin:/usr/sbin:/usr/bin:/sbin:/bin:/usr/games:/usr/local/games:/snap/bin:/snap/bin', 'SESSION_MANAGER': 'local/tiffany-HP:@/tmp/.ICE-unix/1603,unix/tiffany-HP:/tmp/.ICE-unix/1603', 'XDG_MENU_PREFIX': 'gnome-', 'LC_ADDRESS': 'id_ID.UTF-8', 'GNOME_TERMINAL_SCREEN': '/org/gnome/Terminal/screen/13cadd04_d855_4740_84c0_450cac55f6f9', 'GNOME_SETUP_DISPLAY': ':1', 'XDG_RUNTIME_DIR': '/run/user/1000', 'DISPLAY': ':0', 'LANG': 'en_US.UTF-8', 'XDG_CURRENT_DESKTOP': 'ubuntu:GNOME', 'LC_TELEPHONE': 'id_ID.UTF-8', 'XMODIFIERS': '@im=ibus', 'XDG_SESSION_DESKTOP': 'ubuntu', 'XAUTHORITY': '/run/user/1000/.mutter-Xwaylandauth.E2BUV3', 'LS_COLORS': 'rs=0:di=01;34:ln=01;36:mh=00:pi=40;33:so=01;35:do=01;35:bd=40;33;01:cd=40;33;01:or=40;31;01:mi=00:su=37;41:sg=30;43:ca=30;41:tw=30;42:ow=34;42:st=37;44:ex=01;32:*.tar=01;31:*.tgz=01;31:*.arc=01;31:*.arj=01;31:*.taz=01;31:*.lha=01;31:*.lz4=01;31:*.lzh=01;31:*.lzma=01;31:*.tlz=01;31:*.txz=01;31:*.tzo=01;31:*.t7z=01;31:*.zip=01;31:*.z=01;31:*.dz=01;31:*.gz=01;31:*.lrz=01;31:*.lz=01;31:*.lzo=01;31:*.xz=01;31:*.zst=01;31:*.tzst=01;31:*.bz2=01;31:*.bz=01;31:*.tbz=01;31:*.tbz2=01;31:*.tz=01;31:*.deb=01;31:*.rpm=01;31:*.jar=01;31:*.war=01;31:*.ear=01;31:*.sar=01;31:*.rar=01;31:*.alz=01;31:*.ace=01;31:*.zoo=01;31:*.cpio=01;31:*.7z=01;31:*.rz=01;31:*.cab=01;31:*.wim=01;31:*.swm=01;31:*.dwm=01;31:*.esd=01;31:*.jpg=01;35:*.jpeg=01;35:*.mjpg=01;35:*.mjpeg=01;35:*.gif=01;35:*.bmp=01;35:*.pbm=01;35:*.pgm=01;35:*.ppm=01;35:*.tga=01;35:*.xbm=01;35:*.xpm=01;35:*.tif=01;35:*.tiff=01;35:*.png=01;35:*.svg=01;35:*.svgz=01;35:*.mng=01;35:*.pcx=01;35:*.mov=01;35:*.mpg=01;35:*.mpeg=01;35:*.m2v=01;35:*.mkv=01;35:*.webm=01;35:*.webp=01;35:*.ogm=01;35:*.mp4=01;35:*.m4v=01;35:*.mp4v=01;35:*.vob=01;35:*.qt=01;35:*.nuv=01;35:*.wmv=01;35:*.asf=01;35:*.rm=01;35:*.rmvb=01;35:*.flc=01;35:*.avi=01;35:*.fli=01;35:*.flv=01;35:*.gl=01;35:*.dl=01;35:*.xcf=01;35:*.xwd=01;35:*.yuv=01;35:*.cgm=01;35:*.emf=01;35:*.ogv=01;35:*.ogx=01;35:*.aac=00;36:*.au=00;36:*.flac=00;36:*.m4a=00;36:*.mid=00;36:*.midi=00;36:*.mka=00;36:*.mp3=00;36:*.mpc=00;36:*.ogg=00;36:*.ra=00;36:*.wav=00;36:*.oga=00;36:*.opus=00;36:*.spx=00;36:*.xspf=00;36:', 'GNOME_TERMINAL_SERVICE': ':1.170', 'SSH_AGENT_LAUNCHER': 'gnome-keyring', 'SSH_AUTH_SOCK': '/run/user/1000/keyring/ssh', 'AMENT_PREFIX_PATH': '/home/tiffany/fyp_ws/install/formation_msgs:/opt/ros/humble', 'SHELL': '/bin/bash', 'LC_NAME': 'id_ID.UTF-8', 'QT_ACCESSIBILITY': '1', 'GDMSESSION': 'ubuntu', 'LESSCLOSE': '/usr/bin/lesspipe %s %s', 'IGN_GAZEBO_RESOURCE_PATH': ':/home/tiffany/fyp_ws/src/formation_gazebo/models', 'LC_MEASUREMENT': 'id_ID.UTF-8', 'LC_IDENTIFICATION': 'id_ID.UTF-8', 'QT_IM_MODULE': 'ibus', 'PWD': '/home/tiffany/fyp_ws/build/llm_refinement', 'LC_ALL': 'en_US.UTF-8', 'XDG_CONFIG_DIRS': '/etc/xdg/xdg-ubuntu:/etc/xdg', 'XDG_DATA_DIRS': '/usr/share/ubuntu:/usr/local/share/:/usr/share/:/var/lib/snapd/desktop', 'PYTHONPATH': '/home/tiffany/fyp_ws/build/llm_refinement/prefix_override:/usr/lib/python3/dist-packages/colcon_core/task/python/colcon_distutils_commands:/home/tiffany/fyp_ws/install/llm_refinement/lib/python3.10/site-packages:/home/tiffany/fyp_ws/install/formation_msgs/local/lib/python3.10/dist-packages:/opt/ros/humble/lib/python3.10/site-packages:/opt/ros/humble/local/lib/python3.10/dist-packages', 'LC_NUMERIC': 'id_ID.UTF-8', 'LC_PAPER': 'id_ID.UTF-8', 'COLCON': '1', 'VTE_VERSION': '6800', 'CMAKE_PREFIX_PATH': '/home/tiffany/fyp_ws/install/formation_msgs'}, 'shell': False}
[2.415209] (formation_planner) Command: {'cmd': ['/usr/bin/python3', '-W', 'ignore:setup.py install is deprecated', '-W', 'ignore:easy_install command is deprecated', 'setup.py', 'egg_info', '--egg-base', '../../build/formation_planner', 'build', '--build-base', '/home/tiffany/fyp_ws/build/formation_planner/build', 'install', '--record', '/home/tiffany/fyp_ws/build/formation_planner/install.log', '--install-scripts', '$base/lib/formation_planner', '--single-version-externally-managed', 'install_data'], 'cwd': '/home/tiffany/fyp_ws/src/formation_planner', 'env': {'LESSOPEN': '| /usr/bin/lesspipe %s', 'USER': 'tiffany', 'LC_TIME': 'id_ID.UTF-8', 'XDG_SESSION_TYPE': 'wayland', 'SHLVL': '1', 'LD_LIBRARY_PATH': '/home/tiffany/fyp_ws/install/formation_msgs/lib:/opt/ros/humble/opt/rviz_ogre_vendor/lib:/opt/ros/humble/lib/x86_64-linux-gnu:/opt/ros/humble/lib', 'HOME': '/home/tiffany', 'OLDPWD': '/home/tiffany', 'DESKTOP_SESSION': 'ubuntu', 'ROS_PYTHON_VERSION': '3', 'GNOME_SHELL_SESSION_MODE': 'ubuntu', 'GTK_MODULES': 'gail:atk-bridge', 'LC_MONETARY': 'id_ID.UTF-8', 'SYSTEMD_EXEC_PID': '1820', 'DBUS_SESSION_BUS_ADDRESS': 'unix:path=/run/user/1000/bus', 'COLORTERM': 'truecolor', 'IM_CONFIG_PHASE': '1', 'WAYLAND_DISPLAY': 'wayland-0', 'ROS_DISTRO': 'humble', 'LOGNAME': 'tiffany', '_': '/usr/bin/colcon', 'ROS_VERSION': '2', 'XDG_SESSION_CLASS': 'user', 'USERNAME': 'tiffany', 'TERM': 'xterm-256color', 'GNOME_DESKTOP_SESSION_ID': 'this-is-deprecated', 'ROS_LOCALHOST_ONLY': '0', 'PATH': '/opt/ros/humble/bin:/home/tiffany/.local/bin:/usr/local/sbin:/usr/local/bin:/usr/sbin:/usr/bin:/sbin:/bin:/usr/games:/usr/local/games:/snap/bin:/snap/bin', 'SESSION_MANAGER': 'local/tiffany-HP:@/tmp/.ICE-unix/1603,unix/tiffany-HP:/tmp/.ICE-unix/1603', 'XDG_MENU_PREFIX': 'gnome-', 'LC_ADDRESS': 'id_ID.UTF-8', 'GNOME_TERMINAL_SCREEN': '/org/gnome/Terminal/screen/13cadd04_d855_4740_84c0_450cac55f6f9', 'GNOME_SETUP_DISPLAY': ':1', 'XDG_RUNTIME_DIR': '/run/user/1000', 'DISPLAY': ':0', 'LANG': 'en_US.UTF-8', 'XDG_CURRENT_DESKTOP': 'ubuntu:GNOME', 'LC_TELEPHONE': 'id_ID.UTF-8', 'XMODIFIERS': '@im=ibus', 'XDG_SESSION_DESKTOP': 'ubuntu', 'XAUTHORITY': '/run/user/1000/.mutter-Xwaylandauth.E2BUV3', 'LS_COLORS': 'rs=0:di=01;34:ln=01;36:mh=00:pi=40;33:so=01;35:do=01;35:bd=40;33;01:cd=40;33;01:or=40;31;01:mi=00:su=37;41:sg=30;43:ca=30;41:tw=30;42:ow=34;42:st=37;44:ex=01;32:*.tar=01;31:*.tgz=01;31:*.arc=01;31:*.arj=01;31:*.taz=01;31:*.lha=01;31:*.lz4=01;31:*.lzh=01;31:*.lzma=01;31:*.tlz=01;31:*.txz=01;31:*.tzo=01;31:*.t7z=01;31:*.zip=01;31:*.z=01;31:*.dz=01;31:*.gz=01;31:*.lrz=01;31:*.lz=01;31:*.lzo=01;31:*.xz=01;31:*.zst=01;31:*.tzst=01;31:*.bz2=01;31:*.bz=01;31:*.tbz=01;31:*.tbz2=01;31:*.tz=01;31:*.deb=01;31:*.rpm=01;31:*.jar=01;31:*.war=01;31:*.ear=01;31:*.sar=01;31:*.rar=01;31:*.alz=01;31:*.ace=01;31:*.zoo=01;31:*.cpio=01;31:*.7z=01;31:*.rz=01;31:*.cab=01;31:*.wim=01;31:*.swm=01;31:*.dwm=01;31:*.esd=01;31:*.jpg=01;35:*.jpeg=01;35:*.mjpg=01;35:*.mjpeg=01;35:*.gif=01;35:*.bmp=01;35:*.pbm=01;35:*.pgm=01;35:*.ppm=01;35:*.tga=01;35:*.xbm=01;35:*.xpm=01;35:*.tif=01;35:*.tiff=01;35:*.png=01;35:*.svg=01;35:*.svgz=01;35:*.mng=01;35:*.pcx=01;35:*.mov=01;35:*.mpg=01;35:*.mpeg=01;35:*.m2v=01;35:*.mkv=01;35:*.webm=01;35:*.webp=01;35:*.ogm=01;35:*.mp4=01;35:*.m4v=01;35:*.mp4v=01;35:*.vob=01;35:*.qt=01;35:*.nuv=01;35:*.wmv=01;35:*.asf=01;35:*.rm=01;35:*.rmvb=01;35:*.flc=01;35:*.avi=01;35:*.fli=01;35:*.flv=01;35:*.gl=01;35:*.dl=01;35:*.xcf=01;35:*.xwd=01;35:*.yuv=01;35:*.cgm=01;35:*.emf=01;35:*.ogv=01;35:*.ogx=01;35:*.aac=00;36:*.au=00;36:*.flac=00;36:*.m4a=00;36:*.mid=00;36:*.midi=00;36:*.mka=00;36:*.mp3=00;36:*.mpc=00;36:*.ogg=00;36:*.ra=00;36:*.wav=00;36:*.oga=00;36:*.opus=00;36:*.spx=00;36:*.xspf=00;36:', 'GNOME_TERMINAL_SERVICE': ':1.170', 'SSH_AGENT_LAUNCHER': 'gnome-keyring', 'SSH_AUTH_SOCK': '/run/user/1000/keyring/ssh', 'AMENT_PREFIX_PATH': '/home/tiffany/fyp_ws/install/formation_msgs:/opt/ros/humble', 'SHELL': '/bin/bash', 'LC_NAME': 'id_ID.UTF-8', 'QT_ACCESSIBILITY': '1', 'GDMSESSION': 'ubuntu', 'LESSCLOSE': '/usr/bin/lesspipe %s %s', 'IGN_GAZEBO_RESOURCE_PATH': ':/home/tiffany/fyp_ws/src/formation_gazebo/models', 'LC_MEASUREMENT': 'id_ID.UTF-8', 'LC_IDENTIFICATION': 'id_ID.UTF-8', 'QT_IM_MODULE': 'ibus', 'PWD': '/home/tiffany/fyp_ws/build/formation_planner', 'LC_ALL': 'en_US.UTF-8', 'XDG_CONFIG_DIRS': '/etc/xdg/xdg-ubuntu:/etc/xdg', 'XDG_DATA_DIRS': '/usr/share/ubuntu:/usr/local/share/:/usr/share/:/var/lib/snapd/desktop', 'PYTHONPATH': '/home/tiffany/fyp_ws/build/formation_planner/prefix_override:/usr/lib/python3/dist-packages/colcon_core/task/python/colcon_distutils_commands:/home/tiffany/fyp_ws/install/formation_planner/lib/python3.10/site-packages:/home/tiffany/fyp_ws/install/formation_msgs/local/lib/python3.10/dist-packages:/opt/ros/humble/lib/python3.10/site-packages:/opt/ros/humble/local/lib/python3.10/dist-packages', 'LC_NUMERIC': 'id_ID.UTF-8', 'LC_PAPER': 'id_ID.UTF-8', 'COLCON': '1', 'VTE_VERSION': '6800', 'CMAKE_PREFIX_PATH': '/home/tiffany/fyp_ws/install/formation_msgs'}, 'shell': False}
[2.418659] (formation_ui) Command: {'cmd': ['/usr/bin/python3', '-W', 'ignore:setup.py install is deprecated', '-W', 'ignore:easy_install command is deprecated', 'setup.py', 'egg_info', '--egg-base', '../../build/formation_ui', 'build', '--build-base', '/home/tiffany/fyp_ws/build/formation_ui/build', 'install', '--record', '/home/tiffany/fyp_ws/build/formation_ui/install.log', '--install-scripts', '$base/lib/formation_ui', '--single-version-externally-managed', 'install_data'], 'cwd': '/home/tiffany/fyp_ws/src/formation_ui', 'env': {'LESSOPEN': '| /usr/bin/lesspipe %s', 'USER': 'tiffany', 'LC_TIME': 'id_ID.UTF-8', 'XDG_SESSION_TYPE': 'wayland', 'SHLVL': '1', 'LD_LIBRARY_PATH': '/home/tiffany/fyp_ws/install/formation_msgs/lib:/opt/ros/humble/opt/rviz_ogre_vendor/lib:/opt/ros/humble/lib/x86_64-linux-gnu:/opt/ros/humble/lib', 'HOME': '/home/tiffany', 'OLDPWD': '/home/tiffany', 'DESKTOP_SESSION': 'ubuntu', 'ROS_PYTHON_VERSION': '3', 'GNOME_SHELL_SESSION_MODE': 'ubuntu', 'GTK_MODULES': 'gail:atk-bridge', 'LC_MONETARY': 'id_ID.UTF-8', 'SYSTEMD_EXEC_PID': '1820', 'DBUS_SESSION_BUS_ADDRESS': 'unix:path=/run/user/1000/bus', 'COLORTERM': 'truecolor', 'IM_CONFIG_PHASE': '1', 'WAYLAND_DISPLAY': 'wayland-0', 'ROS_DISTRO': 'humble', 'LOGNAME': 'tiffany', '_': '/usr/bin/colcon', 'ROS_VERSION': '2', 'XDG_SESSION_CLASS': 'user', 'USERNAME': 'tiffany', 'TERM': 'xterm-256color', 'GNOME_DESKTOP_SESSION_ID': 'this-is-deprecated', 'ROS_LOCALHOST_ONLY': '0', 'PATH': '/opt/ros/humble/bin:/home/tiffany/.local/bin:/usr/local/sbin:/usr/local/bin:/usr/sbin:/usr/bin:/sbin:/bin:/usr/games:/usr/local/games:/snap/bin:/snap/bin', 'SESSION_MANAGER': 'local/tiffany-HP:@/tmp/.ICE-unix/1603,unix/tiffany-HP:/tmp/.ICE-unix/1603', 'XDG_MENU_PREFIX': 'gnome-', 'LC_ADDRESS': 'id_ID.UTF-8', 'GNOME_TERMINAL_SCREEN': '/org/gnome/Terminal/screen/13cadd04_d855_4740_84c0_450cac55f6f9', 'GNOME_SETUP_DISPLAY': ':1', 'XDG_RUNTIME_DIR': '/run/user/1000', 'DISPLAY': ':0', 'LANG': 'en_US.UTF-8', 'XDG_CURRENT_DESKTOP': 'ubuntu:GNOME', 'LC_TELEPHONE': 'id_ID.UTF-8', 'XMODIFIERS': '@im=ibus', 'XDG_SESSION_DESKTOP': 'ubuntu', 'XAUTHORITY': '/run/user/1000/.mutter-Xwaylandauth.E2BUV3', 'LS_COLORS': 'rs=0:di=01;34:ln=01;36:mh=00:pi=40;33:so=01;35:do=01;35:bd=40;33;01:cd=40;33;01:or=40;31;01:mi=00:su=37;41:sg=30;43:ca=30;41:tw=30;42:ow=34;42:st=37;44:ex=01;32:*.tar=01;31:*.tgz=01;31:*.arc=01;31:*.arj=01;31:*.taz=01;31:*.lha=01;31:*.lz4=01;31:*.lzh=01;31:*.lzma=01;31:*.tlz=01;31:*.txz=01;31:*.tzo=01;31:*.t7z=01;31:*.zip=01;31:*.z=01;31:*.dz=01;31:*.gz=01;31:*.lrz=01;31:*.lz=01;31:*.lzo=01;31:*.xz=01;31:*.zst=01;31:*.tzst=01;31:*.bz2=01;31:*.bz=01;31:*.tbz=01;31:*.tbz2=01;31:*.tz=01;31:*.deb=01;31:*.rpm=01;31:*.jar=01;31:*.war=01;31:*.ear=01;31:*.sar=01;31:*.rar=01;31:*.alz=01;31:*.ace=01;31:*.zoo=01;31:*.cpio=01;31:*.7z=01;31:*.rz=01;31:*.cab=01;31:*.wim=01;31:*.swm=01;31:*.dwm=01;31:*.esd=01;31:*.jpg=01;35:*.jpeg=01;35:*.mjpg=01;35:*.mjpeg=01;35:*.gif=01;35:*.bmp=01;35:*.pbm=01;35:*.pgm=01;35:*.ppm=01;35:*.tga=01;35:*.xbm=01;35:*.xpm=01;35:*.tif=01;35:*.tiff=01;35:*.png=01;35:*.svg=01;35:*.svgz=01;35:*.mng=01;35:*.pcx=01;35:*.mov=01;35:*.mpg=01;35:*.mpeg=01;35:*.m2v=01;35:*.mkv=01;35:*.webm=01;35:*.webp=01;35:*.ogm=01;35:*.mp4=01;35:*.m4v=01;35:*.mp4v=01;35:*.vob=01;35:*.qt=01;35:*.nuv=01;35:*.wmv=01;35:*.asf=01;35:*.rm=01;35:*.rmvb=01;35:*.flc=01;35:*.avi=01;35:*.fli=01;35:*.flv=01;35:*.gl=01;35:*.dl=01;35:*.xcf=01;35:*.xwd=01;35:*.yuv=01;35:*.cgm=01;35:*.emf=01;35:*.ogv=01;35:*.ogx=01;35:*.aac=00;36:*.au=00;36:*.flac=00;36:*.m4a=00;36:*.mid=00;36:*.midi=00;36:*.mka=00;36:*.mp3=00;36:*.mpc=00;36:*.ogg=00;36:*.ra=00;36:*.wav=00;36:*.oga=00;36:*.opus=00;36:*.spx=00;36:*.xspf=00;36:', 'GNOME_TERMINAL_SERVICE': ':1.170', 'SSH_AGENT_LAUNCHER': 'gnome-keyring', 'SSH_AUTH_SOCK': '/run/user/1000/keyring/ssh', 'AMENT_PREFIX_PATH': '/home/tiffany/fyp_ws/install/formation_msgs:/opt/ros/humble', 'SHELL': '/bin/bash', 'LC_NAME': 'id_ID.UTF-8', 'QT_ACCESSIBILITY': '1', 'GDMSESSION': 'ubuntu', 'LESSCLOSE': '/usr/bin/lesspipe %s %s', 'IGN_GAZEBO_RESOURCE_PATH': ':/home/tiffany/fyp_ws/src/formation_gazebo/models', 'LC_MEASUREMENT': 'id_ID.UTF-8', 'LC_IDENTIFICATION': 'id_ID.UTF-8', 'QT_IM_MODULE': 'ibus', 'PWD': '/home/tiffany/fyp_ws/build/formation_ui', 'LC_ALL': 'en_US.UTF-8', 'XDG_CONFIG_DIRS': '/etc/xdg/xdg-ubuntu:/etc/xdg', 'XDG_DATA_DIRS': '/usr/share/ubuntu:/usr/local/share/:/usr/share/:/var/lib/snapd/desktop', 'PYTHONPATH': '/home/tiffany/fyp_ws/build/formation_ui/prefix_override:/usr/lib/python3/dist-packages/colcon_core/task/python/colcon_distutils_commands:/home/tiffany/fyp_ws/install/formation_ui/lib/python3.10/site-packages:/home/tiffany/fyp_ws/install/formation_msgs/local/lib/python3.10/dist-packages:/opt/ros/humble/lib/python3.10/site-packages:/opt/ros/humble/local/lib/python3.10/dist-packages', 'LC_NUMERIC': 'id_ID.UTF-8', 'LC_PAPER': 'id_ID.UTF-8', 'COLCON': '1', 'VTE_VERSION': '6800', 'CMAKE_PREFIX_PATH': '/home/tiffany/fyp_ws/install/formation_msgs'}, 'shell': False}
[2.506874] (-) TimerEvent: {}
[2.607257] (-) TimerEvent: {}
[2.668751] (task_manager) StdoutLine: {'line': b'running egg_info\n'}
[2.669222] (drone_control) StdoutLine: {'line': b'running egg_info\n'}
[2.669438] (task_manager) StdoutLine: {'line': b'writing ../../build/task_manager/task_manager.egg-info/PKG-INFO\n'}
[2.669698] (task_manager) StdoutLine: {'line': b'writing dependency_links to ../../build/task_manager/task_manager.egg-info/dependency_links.txt\n'}
[2.669897] (task_manager) StdoutLine: {'line': b'writing entry points to ../../build/task_manager/task_manager.egg-info/entry_points.txt\n'}
[2.670031] (drone_control) StdoutLine: {'line': b'writing ../../build/drone_control/drone_control.egg-info/PKG-INFO\n'}
[2.670227] (task_manager) StdoutLine: {'line': b'writing requirements to ../../build/task_manager/task_manager.egg-info/requires.txt\n'}
[2.670351] (task_manager) StdoutLine: {'line': b'writing top-level names to ../../build/task_manager/task_manager.egg-info/top_level.txt\n'}
[2.670508] (drone_control) StdoutLine: {'line': b'writing dependency_links to ../../build/drone_control/drone_control.egg-info/dependency_links.txt\n'}
[2.670652] (drone_control) StdoutLine: {'line': b'writing entry points to ../../build/drone_control/drone_control.egg-info/entry_points.txt\n'}
[2.670742] (drone_control) StdoutLine: {'line': b'writing requirements to ../../build/drone_control/drone_control.egg-info/requires.txt\n'}
[2.670852] (drone_control) StdoutLine: {'line': b'writing top-level names to ../../build/drone_control/drone_control.egg-info/top_level.txt\n'}
[2.671913] (task_manager) StdoutLine: {'line': b"reading manifest file '../../build/task_manager/task_manager.egg-info/SOURCES.txt'\n"}
[2.672364] (drone_control) StdoutLine: {'line': b"reading manifest file '../../build/drone_control/drone_control.egg-info/SOURCES.txt'\n"}
[2.672799] (task_manager) StdoutLine: {'line': b"writing manifest file '../../build/task_manager/task_manager.egg-info/SOURCES.txt'\n"}
[2.673004] (task_manager) StdoutLine: {'line': b'running build\n'}
[2.673124] (task_manager) StdoutLine: {'line': b'running build_py\n'}
[2.673257] (task_manager) StdoutLine: {'line': b'running install\n'}
[2.673462] (drone_control) StdoutLine: {'line': b"writing manifest file '../../build/drone_control/drone_control.egg-info/SOURCES.txt'\n"}
[2.673560] (drone_control) StdoutLine: {'line': b'running build\n'}
[2.673650] (drone_control) StdoutLine: {'line': b'running build_py\n'}
[2.673746] (task_manager) StdoutLine: {'line': b'running install_lib\n'}
[2.673873] (drone_control) StdoutLine: {'line': b'copying drone_control/sim_bridge_node.py -> /home/tiffany/fyp_ws/build/drone_control/build/lib/drone_control\n'}
[2.674140] (drone_control) StdoutLine: {'line': b'running install\n'}
[2.674448] (drone_control) StdoutLine: {'line': b'running install_lib\n'}
[2.675834] (task_manager) StdoutLine: {'line': b'running install_data\n'}
[2.676013] (task_manager) StdoutLine: {'line': b'running install_egg_info\n'}
[2.676360] (drone_control) StdoutLine: {'line': b'copying /home/tiffany/fyp_ws/build/drone_control/build/lib/drone_control/sim_bridge_node.py -> /home/tiffany/fyp_ws/install/drone_control/lib/python3.10/site-packages/drone_control\n'}
[2.677097] (drone_control) StdoutLine: {'line': b'byte-compiling /home/tiffany/fyp_ws/install/drone_control/lib/python3.10/site-packages/drone_control/sim_bridge_node.py to sim_bridge_node.cpython-310.pyc\n'}
[2.677374] (llm_refinement) StdoutLine: {'line': b'running egg_info\n'}
[2.677838] (task_manager) StdoutLine: {'line': b"removing '/home/tiffany/fyp_ws/install/task_manager/lib/python3.10/site-packages/task_manager-0.0.0-py3.10.egg-info' (and everything under it)\n"}
[2.678204] (llm_refinement) StdoutLine: {'line': b'writing ../../build/llm_refinement/llm_refinement.egg-info/PKG-INFO\n'}
[2.678437] (task_manager) StdoutLine: {'line': b'Copying ../../build/task_manager/task_manager.egg-info to /home/tiffany/fyp_ws/install/task_manager/lib/python3.10/site-packages/task_manager-0.0.0-py3.10.egg-info\n'}
[2.678627] (llm_refinement) StdoutLine: {'line': b'writing dependency_links to ../../build/llm_refinement/llm_refinement.egg-info/dependency_links.txt\n'}
[2.678691] (drone_control) StdoutLine: {'line': b'running install_data\n'}
[2.678773] (drone_control) StdoutLine: {'line': b'running install_egg_info\n'}
[2.678897] (llm_refinement) StdoutLine: {'line': b'writing entry points to ../../build/llm_refinement/llm_refinement.egg-info/entry_points.txt\n'}
[2.678975] (llm_refinement) StdoutLine: {'line': b'writing requirements to ../../build/llm_refinement/llm_refinement.egg-info/requires.txt\n'}
[2.679095] (llm_refinement) StdoutLine: {'line': b'writing top-level names to ../../build/llm_refinement/llm_refinement.egg-info/top_level.txt\n'}
[2.679470] (task_manager) StdoutLine: {'line': b'running install_scripts\n'}
[2.680329] (formation_planner) StdoutLine: {'line': b'running egg_info\n'}
[2.680459] (drone_control) StdoutLine: {'line': b"removing '/home/tiffany/fyp_ws/install/drone_control/lib/python3.10/site-packages/drone_control-0.0.0-py3.10.egg-info' (and everything under it)\n"}
[2.680679] (drone_control) StdoutLine: {'line': b'Copying ../../build/drone_control/drone_control.egg-info to /home/tiffany/fyp_ws/install/drone_control/lib/python3.10/site-packages/drone_control-0.0.0-py3.10.egg-info\n'}
[2.681184] (formation_planner) StdoutLine: {'line': b'writing ../../build/formation_planner/formation_planner.egg-info/PKG-INFO\n'}
[2.681445] (formation_planner) StdoutLine: {'line': b'writing dependency_links to ../../build/formation_planner/formation_planner.egg-info/dependency_links.txt\n'}
[2.681630] (formation_ui) StdoutLine: {'line': b'running egg_info\n'}
[2.681777] (formation_planner) StdoutLine: {'line': b'writing entry points to ../../build/formation_planner/formation_planner.egg-info/entry_points.txt\n'}
[2.681976] (formation_planner) StdoutLine: {'line': b'writing requirements to ../../build/formation_planner/formation_planner.egg-info/requires.txt\n'}
[2.682135] (drone_control) StdoutLine: {'line': b'running install_scripts\n'}
[2.682253] (formation_planner) StdoutLine: {'line': b'writing top-level names to ../../build/formation_planner/formation_planner.egg-info/top_level.txt\n'}
[2.682350] (llm_refinement) StdoutLine: {'line': b"reading manifest file '../../build/llm_refinement/llm_refinement.egg-info/SOURCES.txt'\n"}
[2.682418] (formation_ui) StdoutLine: {'line': b'writing ../../build/formation_ui/formation_ui.egg-info/PKG-INFO\n'}
[2.682583] (formation_ui) StdoutLine: {'line': b'writing dependency_links to ../../build/formation_ui/formation_ui.egg-info/dependency_links.txt\n'}
[2.682770] (formation_ui) StdoutLine: {'line': b'writing entry points to ../../build/formation_ui/formation_ui.egg-info/entry_points.txt\n'}
[2.682918] (formation_ui) StdoutLine: {'line': b'writing requirements to ../../build/formation_ui/formation_ui.egg-info/requires.txt\n'}
[2.683046] (llm_refinement) StdoutLine: {'line': b"writing manifest file '../../build/llm_refinement/llm_refinement.egg-info/SOURCES.txt'\n"}
[2.683164] (formation_ui) StdoutLine: {'line': b'writing top-level names to ../../build/formation_ui/formation_ui.egg-info/top_level.txt\n'}
[2.683262] (llm_refinement) StdoutLine: {'line': b'running build\n'}
[2.683319] (llm_refinement) StdoutLine: {'line': b'running build_py\n'}
[2.683563] (llm_refinement) StdoutLine: {'line': b'running install\n'}
[2.683912] (llm_refinement) StdoutLine: {'line': b'running install_lib\n'}
[2.684250] (formation_planner) StdoutLine: {'line': b"reading manifest file '../../build/formation_planner/formation_planner.egg-info/SOURCES.txt'\n"}
[2.685312] (llm_refinement) StdoutLine: {'line': b'running install_data\n'}
[2.685488] (llm_refinement) StdoutLine: {'line': b'running install_egg_info\n'}
[2.685639] (formation_planner) StdoutLine: {'line': b"writing manifest file '../../build/formation_planner/formation_planner.egg-info/SOURCES.txt'\n"}
[2.685716] (formation_planner) StdoutLine: {'line': b'running build\n'}
[2.685774] (formation_planner) StdoutLine: {'line': b'running build_py\n'}
[2.686153] (formation_planner) StdoutLine: {'line': b'running install\n'}
[2.686728] (formation_planner) StdoutLine: {'line': b'running install_lib\n'}
[2.686900] (formation_ui) StdoutLine: {'line': b"reading manifest file '../../build/formation_ui/formation_ui.egg-info/SOURCES.txt'\n"}
[2.687798] (llm_refinement) StdoutLine: {'line': b"removing '/home/tiffany/fyp_ws/install/llm_refinement/lib/python3.10/site-packages/llm_refinement-0.0.0-py3.10.egg-info' (and everything under it)\n"}
[2.687973] (formation_ui) StdoutLine: {'line': b"writing manifest file '../../build/formation_ui/formation_ui.egg-info/SOURCES.txt'\n"}
[2.688126] (formation_ui) StdoutLine: {'line': b'running build\n'}
[2.688197] (formation_ui) StdoutLine: {'line': b'running build_py\n'}
[2.688296] (llm_refinement) StdoutLine: {'line': b'Copying ../../build/llm_refinement/llm_refinement.egg-info to /home/tiffany/fyp_ws/install/llm_refinement/lib/python3.10/site-packages/llm_refinement-0.0.0-py3.10.egg-info\n'}
[2.688507] (formation_ui) StdoutLine: {'line': b'running install\n'}
[2.689003] (formation_ui) StdoutLine: {'line': b'running install_lib\n'}
[2.689575] (formation_planner) StdoutLine: {'line': b'running install_data\n'}
[2.689735] (formation_planner) StdoutLine: {'line': b'running install_egg_info\n'}
[2.689851] (llm_refinement) StdoutLine: {'line': b'running install_scripts\n'}
[2.690663] (formation_ui) StdoutLine: {'line': b'running install_data\n'}
[2.690788] (formation_ui) StdoutLine: {'line': b'running install_egg_info\n'}
[2.691825] (formation_planner) StdoutLine: {'line': b"removing '/home/tiffany/fyp_ws/install/formation_planner/lib/python3.10/site-packages/formation_planner-0.0.0-py3.10.egg-info' (and everything under it)\n"}
[2.692288] (formation_planner) StdoutLine: {'line': b'Copying ../../build/formation_planner/formation_planner.egg-info to /home/tiffany/fyp_ws/install/formation_planner/lib/python3.10/site-packages/formation_planner-0.0.0-py3.10.egg-info\n'}
[2.692925] (formation_ui) StdoutLine: {'line': b"removing '/home/tiffany/fyp_ws/install/formation_ui/lib/python3.10/site-packages/formation_ui-0.0.0-py3.10.egg-info' (and everything under it)\n"}
[2.693355] (formation_ui) StdoutLine: {'line': b'Copying ../../build/formation_ui/formation_ui.egg-info to /home/tiffany/fyp_ws/install/formation_ui/lib/python3.10/site-packages/formation_ui-0.0.0-py3.10.egg-info\n'}
[2.693511] (formation_planner) StdoutLine: {'line': b'running install_scripts\n'}
[2.694527] (formation_ui) StdoutLine: {'line': b'running install_scripts\n'}
[2.703038] (task_manager) StdoutLine: {'line': b'Installing task_manager_node script to /home/tiffany/fyp_ws/install/task_manager/lib/task_manager\n'}
[2.703499] (task_manager) StdoutLine: {'line': b"writing list of installed files to '/home/tiffany/fyp_ws/build/task_manager/install.log'\n"}
[2.705233] (drone_control) StdoutLine: {'line': b'Installing drone_controller_node script to /home/tiffany/fyp_ws/install/drone_control/lib/drone_control\n'}
[2.705416] (drone_control) StdoutLine: {'line': b'Installing fylo_bridge_node script to /home/tiffany/fyp_ws/install/drone_control/lib/drone_control\n'}
[2.705623] (drone_control) StdoutLine: {'line': b'Installing pose_publisher_node script to /home/tiffany/fyp_ws/install/drone_control/lib/drone_control\n'}
[2.705812] (drone_control) StdoutLine: {'line': b'Installing sim_bridge_node script to /home/tiffany/fyp_ws/install/drone_control/lib/drone_control\n'}
[2.706284] (drone_control) StdoutLine: {'line': b"writing list of installed files to '/home/tiffany/fyp_ws/build/drone_control/install.log'\n"}
[2.707334] (-) TimerEvent: {}
[2.712508] (llm_refinement) StdoutLine: {'line': b'Installing coords_adjust_node script to /home/tiffany/fyp_ws/install/llm_refinement/lib/llm_refinement\n'}
[2.712774] (llm_refinement) StdoutLine: {'line': b'Installing llm_interface_node script to /home/tiffany/fyp_ws/install/llm_refinement/lib/llm_refinement\n'}
[2.713205] (llm_refinement) StdoutLine: {'line': b"writing list of installed files to '/home/tiffany/fyp_ws/build/llm_refinement/install.log'\n"}
[2.717621] (formation_planner) StdoutLine: {'line': b'Installing assignment_node script to /home/tiffany/fyp_ws/install/formation_planner/lib/formation_planner\n'}
[2.717974] (formation_planner) StdoutLine: {'line': b'Installing coords_mapping_node script to /home/tiffany/fyp_ws/install/formation_planner/lib/formation_planner\n'}
[2.718159] (formation_planner) StdoutLine: {'line': b'Installing drone_validator_node script to /home/tiffany/fyp_ws/install/formation_planner/lib/formation_planner\n'}
[2.718292] (formation_ui) StdoutLine: {'line': b'Installing canvas_server_node script to /home/tiffany/fyp_ws/install/formation_ui/lib/formation_ui\n'}
[2.718452] (formation_planner) StdoutLine: {'line': b'Installing mapf_node script to /home/tiffany/fyp_ws/install/formation_planner/lib/formation_planner\n'}
[2.718570] (formation_planner) StdoutLine: {'line': b'Installing shape_sampling_node script to /home/tiffany/fyp_ws/install/formation_planner/lib/formation_planner\n'}
[2.718788] (formation_ui) StdoutLine: {'line': b"writing list of installed files to '/home/tiffany/fyp_ws/build/formation_ui/install.log'\n"}
[2.719198] (formation_planner) StdoutLine: {'line': b"writing list of installed files to '/home/tiffany/fyp_ws/build/formation_planner/install.log'\n"}
[2.740456] (task_manager) CommandEnded: {'returncode': 0}
[2.749239] (task_manager) JobEnded: {'identifier': 'task_manager', 'rc': 0}
[2.750907] (drone_control) CommandEnded: {'returncode': 0}
[2.758468] (drone_control) JobEnded: {'identifier': 'drone_control', 'rc': 0}
[2.759230] (llm_refinement) CommandEnded: {'returncode': 0}
[2.765862] (llm_refinement) JobEnded: {'identifier': 'llm_refinement', 'rc': 0}
[2.767801] (formation_planner) CommandEnded: {'returncode': 0}
[2.774589] (formation_planner) JobEnded: {'identifier': 'formation_planner', 'rc': 0}
[2.775203] (formation_ui) CommandEnded: {'returncode': 0}
[2.781224] (formation_ui) JobEnded: {'identifier': 'formation_ui', 'rc': 0}
[2.782579] (-) EventReactorShutdown: {}
