[0.000000] (-) TimerEvent: {}
[0.000207] (formation_gazebo) JobQueued: {'identifier': 'formation_gazebo', 'dependencies': OrderedDict()}
[0.000253] (formation_msgs) JobQueued: {'identifier': 'formation_msgs', 'dependencies': OrderedDict()}
[0.000287] (drone_control) JobQueued: {'identifier': 'drone_control', 'dependencies': OrderedDict([('formation_msgs', '/home/tiffany/fyp_ws/install/formation_msgs')])}
[0.000314] (formation_planner) JobQueued: {'identifier': 'formation_planner', 'dependencies': OrderedDict([('formation_msgs', '/home/tiffany/fyp_ws/install/formation_msgs')])}
[0.000339] (formation_ui) JobQueued: {'identifier': 'formation_ui', 'dependencies': OrderedDict([('formation_msgs', '/home/tiffany/fyp_ws/install/formation_msgs')])}
[0.000378] (llm_refinement) JobQueued: {'identifier': 'llm_refinement', 'dependencies': OrderedDict([('formation_msgs', '/home/tiffany/fyp_ws/install/formation_msgs')])}
[0.000400] (task_manager) JobQueued: {'identifier': 'task_manager', 'dependencies': OrderedDict([('formation_msgs', '/home/tiffany/fyp_ws/install/formation_msgs')])}
[0.001208] (formation_msgs) JobStarted: {'identifier': 'formation_msgs'}
[0.007381] (formation_gazebo) JobStarted: {'identifier': 'formation_gazebo'}
[0.011169] (formation_msgs) JobProgress: {'identifier': 'formation_msgs', 'progress': 'cmake'}
[0.011868] (formation_msgs) JobProgress: {'identifier': 'formation_msgs', 'progress': 'build'}
[0.012730] (formation_msgs) Command: {'cmd': ['/usr/bin/cmake', '--build', '/home/tiffany/fyp_ws/build/formation_msgs', '--', '-j16', '-l16'], 'cwd': '/home/tiffany/fyp_ws/build/formation_msgs', 'env': OrderedDict([('LESSOPEN', '| /usr/bin/lesspipe %s'), ('USER', 'tiffany'), ('LC_TIME', 'id_ID.UTF-8'), ('XDG_SESSION_TYPE', 'wayland'), ('SHLVL', '1'), ('LD_LIBRARY_PATH', '/opt/ros/humble/opt/rviz_ogre_vendor/lib:/opt/ros/humble/lib/x86_64-linux-gnu:/opt/ros/humble/lib'), ('HOME', '/home/tiffany'), ('OLDPWD', '/home/tiffany'), ('DESKTOP_SESSION', 'ubuntu'), ('ROS_PYTHON_VERSION', '3'), ('GNOME_SHELL_SESSION_MODE', 'ubuntu'), ('GTK_MODULES', 'gail:atk-bridge'), ('LC_MONETARY', 'id_ID.UTF-8'), ('SYSTEMD_EXEC_PID', '1820'), ('DBUS_SESSION_BUS_ADDRESS', 'unix:path=/run/user/1000/bus'), ('COLORTERM', 'truecolor'), ('IM_CONFIG_PHASE', '1'), ('WAYLAND_DISPLAY', 'wayland-0'), ('ROS_DISTRO', 'humble'), ('LOGNAME', 'tiffany'), ('_', '/usr/bin/colcon'), ('ROS_VERSION', '2'), ('XDG_SESSION_CLASS', 'user'), ('USERNAME', 'tiffany'), ('TERM', 'xterm-256color'), ('GNOME_DESKTOP_SESSION_ID', 'this-is-deprecated'), ('ROS_LOCALHOST_ONLY', '0'), ('PATH', '/opt/ros/humble/bin:/home/tiffany/.local/bin:/usr/local/sbin:/usr/local/bin:/usr/sbin:/usr/bin:/sbin:/bin:/usr/games:/usr/local/games:/snap/bin:/snap/bin'), ('SESSION_MANAGER', 'local/tiffany-HP:@/tmp/.ICE-unix/1603,unix/tiffany-HP:/tmp/.ICE-unix/1603'), ('XDG_MENU_PREFIX', 'gnome-'), ('LC_ADDRESS', 'id_ID.UTF-8'), ('GNOME_TERMINAL_SCREEN', '/org/gnome/Terminal/screen/a3934f5b_2fd0_4edb_b64a_4b32a7adb2fa'), ('GNOME_SETUP_DISPLAY', ':1'), ('XDG_RUNTIME_DIR', '/run/user/1000'), ('DISPLAY', ':0'), ('LANG', 'en_US.UTF-8'), ('XDG_CURRENT_DESKTOP', 'ubuntu:GNOME'), ('LC_TELEPHONE', 'id_ID.UTF-8'), ('XMODIFIERS', '@im=ibus'), ('XDG_SESSION_DESKTOP', 'ubuntu'), ('XAUTHORITY', '/run/user/1000/.mutter-Xwaylandauth.E2BUV3'), ('LS_COLORS', 'rs=0:di=01;34:ln=01;36:mh=00:pi=40;33:so=01;35:do=01;35:bd=40;33;01:cd=40;33;01:or=40;31;01:mi=00:su=37;41:sg=30;43:ca=30;41:tw=30;42:ow=34;42:st=37;44:ex=01;32:*.tar=01;31:*.tgz=01;31:*.arc=01;31:*.arj=01;31:*.taz=01;31:*.lha=01;31:*.lz4=01;31:*.lzh=01;31:*.lzma=01;31:*.tlz=01;31:*.txz=01;31:*.tzo=01;31:*.t7z=01;31:*.zip=01;31:*.z=01;31:*.dz=01;31:*.gz=01;31:*.lrz=01;31:*.lz=01;31:*.lzo=01;31:*.xz=01;31:*.zst=01;31:*.tzst=01;31:*.bz2=01;31:*.bz=01;31:*.tbz=01;31:*.tbz2=01;31:*.tz=01;31:*.deb=01;31:*.rpm=01;31:*.jar=01;31:*.war=01;31:*.ear=01;31:*.sar=01;31:*.rar=01;31:*.alz=01;31:*.ace=01;31:*.zoo=01;31:*.cpio=01;31:*.7z=01;31:*.rz=01;31:*.cab=01;31:*.wim=01;31:*.swm=01;31:*.dwm=01;31:*.esd=01;31:*.jpg=01;35:*.jpeg=01;35:*.mjpg=01;35:*.mjpeg=01;35:*.gif=01;35:*.bmp=01;35:*.pbm=01;35:*.pgm=01;35:*.ppm=01;35:*.tga=01;35:*.xbm=01;35:*.xpm=01;35:*.tif=01;35:*.tiff=01;35:*.png=01;35:*.svg=01;35:*.svgz=01;35:*.mng=01;35:*.pcx=01;35:*.mov=01;35:*.mpg=01;35:*.mpeg=01;35:*.m2v=01;35:*.mkv=01;35:*.webm=01;35:*.webp=01;35:*.ogm=01;35:*.mp4=01;35:*.m4v=01;35:*.mp4v=01;35:*.vob=01;35:*.qt=01;35:*.nuv=01;35:*.wmv=01;35:*.asf=01;35:*.rm=01;35:*.rmvb=01;35:*.flc=01;35:*.avi=01;35:*.fli=01;35:*.flv=01;35:*.gl=01;35:*.dl=01;35:*.xcf=01;35:*.xwd=01;35:*.yuv=01;35:*.cgm=01;35:*.emf=01;35:*.ogv=01;35:*.ogx=01;35:*.aac=00;36:*.au=00;36:*.flac=00;36:*.m4a=00;36:*.mid=00;36:*.midi=00;36:*.mka=00;36:*.mp3=00;36:*.mpc=00;36:*.ogg=00;36:*.ra=00;36:*.wav=00;36:*.oga=00;36:*.opus=00;36:*.spx=00;36:*.xspf=00;36:'), ('GNOME_TERMINAL_SERVICE', ':1.103'), ('SSH_AGENT_LAUNCHER', 'gnome-keyring'), ('SSH_AUTH_SOCK', '/run/user/1000/keyring/ssh'), ('AMENT_PREFIX_PATH', '/opt/ros/humble'), ('SHELL', '/bin/bash'), ('LC_NAME', 'id_ID.UTF-8'), ('QT_ACCESSIBILITY', '1'), ('GDMSESSION', 'ubuntu'), ('LESSCLOSE', '/usr/bin/lesspipe %s %s'), ('IGN_GAZEBO_RESOURCE_PATH', ':/home/tiffany/fyp_ws/src/formation_gazebo/models'), ('LC_MEASUREMENT', 'id_ID.UTF-8'), ('LC_IDENTIFICATION', 'id_ID.UTF-8'), ('QT_IM_MODULE', 'ibus'), ('PWD', '/home/tiffany/fyp_ws/build/formation_msgs'), ('LC_ALL', 'en_US.UTF-8'), ('XDG_CONFIG_DIRS', '/etc/xdg/xdg-ubuntu:/etc/xdg'), ('XDG_DATA_DIRS', '/usr/share/ubuntu:/usr/local/share/:/usr/share/:/var/lib/snapd/desktop'), ('PYTHONPATH', '/opt/ros/humble/lib/python3.10/site-packages:/opt/ros/humble/local/lib/python3.10/dist-packages'), ('LC_NUMERIC', 'id_ID.UTF-8'), ('LC_PAPER', 'id_ID.UTF-8'), ('COLCON', '1'), ('VTE_VERSION', '6800'), ('CMAKE_PREFIX_PATH', '/opt/ros/humble')]), 'shell': False}
[0.016702] (formation_gazebo) JobProgress: {'identifier': 'formation_gazebo', 'progress': 'cmake'}
[0.017277] (formation_gazebo) JobProgress: {'identifier': 'formation_gazebo', 'progress': 'build'}
[0.018201] (formation_gazebo) Command: {'cmd': ['/usr/bin/cmake', '--build', '/home/tiffany/fyp_ws/build/formation_gazebo', '--', '-j16', '-l16'], 'cwd': '/home/tiffany/fyp_ws/build/formation_gazebo', 'env': OrderedDict([('LESSOPEN', '| /usr/bin/lesspipe %s'), ('USER', 'tiffany'), ('LC_TIME', 'id_ID.UTF-8'), ('XDG_SESSION_TYPE', 'wayland'), ('SHLVL', '1'), ('LD_LIBRARY_PATH', '/opt/ros/humble/opt/rviz_ogre_vendor/lib:/opt/ros/humble/lib/x86_64-linux-gnu:/opt/ros/humble/lib'), ('HOME', '/home/tiffany'), ('OLDPWD', '/home/tiffany'), ('DESKTOP_SESSION', 'ubuntu'), ('ROS_PYTHON_VERSION', '3'), ('GNOME_SHELL_SESSION_MODE', 'ubuntu'), ('GTK_MODULES', 'gail:atk-bridge'), ('LC_MONETARY', 'id_ID.UTF-8'), ('SYSTEMD_EXEC_PID', '1820'), ('DBUS_SESSION_BUS_ADDRESS', 'unix:path=/run/user/1000/bus'), ('COLORTERM', 'truecolor'), ('IM_CONFIG_PHASE', '1'), ('WAYLAND_DISPLAY', 'wayland-0'), ('ROS_DISTRO', 'humble'), ('LOGNAME', 'tiffany'), ('_', '/usr/bin/colcon'), ('ROS_VERSION', '2'), ('XDG_SESSION_CLASS', 'user'), ('USERNAME', 'tiffany'), ('TERM', 'xterm-256color'), ('GNOME_DESKTOP_SESSION_ID', 'this-is-deprecated'), ('ROS_LOCALHOST_ONLY', '0'), ('PATH', '/opt/ros/humble/bin:/home/tiffany/.local/bin:/usr/local/sbin:/usr/local/bin:/usr/sbin:/usr/bin:/sbin:/bin:/usr/games:/usr/local/games:/snap/bin:/snap/bin'), ('SESSION_MANAGER', 'local/tiffany-HP:@/tmp/.ICE-unix/1603,unix/tiffany-HP:/tmp/.ICE-unix/1603'), ('XDG_MENU_PREFIX', 'gnome-'), ('LC_ADDRESS', 'id_ID.UTF-8'), ('GNOME_TERMINAL_SCREEN', '/org/gnome/Terminal/screen/a3934f5b_2fd0_4edb_b64a_4b32a7adb2fa'), ('GNOME_SETUP_DISPLAY', ':1'), ('XDG_RUNTIME_DIR', '/run/user/1000'), ('DISPLAY', ':0'), ('LANG', 'en_US.UTF-8'), ('XDG_CURRENT_DESKTOP', 'ubuntu:GNOME'), ('LC_TELEPHONE', 'id_ID.UTF-8'), ('XMODIFIERS', '@im=ibus'), ('XDG_SESSION_DESKTOP', 'ubuntu'), ('XAUTHORITY', '/run/user/1000/.mutter-Xwaylandauth.E2BUV3'), ('LS_COLORS', 'rs=0:di=01;34:ln=01;36:mh=00:pi=40;33:so=01;35:do=01;35:bd=40;33;01:cd=40;33;01:or=40;31;01:mi=00:su=37;41:sg=30;43:ca=30;41:tw=30;42:ow=34;42:st=37;44:ex=01;32:*.tar=01;31:*.tgz=01;31:*.arc=01;31:*.arj=01;31:*.taz=01;31:*.lha=01;31:*.lz4=01;31:*.lzh=01;31:*.lzma=01;31:*.tlz=01;31:*.txz=01;31:*.tzo=01;31:*.t7z=01;31:*.zip=01;31:*.z=01;31:*.dz=01;31:*.gz=01;31:*.lrz=01;31:*.lz=01;31:*.lzo=01;31:*.xz=01;31:*.zst=01;31:*.tzst=01;31:*.bz2=01;31:*.bz=01;31:*.tbz=01;31:*.tbz2=01;31:*.tz=01;31:*.deb=01;31:*.rpm=01;31:*.jar=01;31:*.war=01;31:*.ear=01;31:*.sar=01;31:*.rar=01;31:*.alz=01;31:*.ace=01;31:*.zoo=01;31:*.cpio=01;31:*.7z=01;31:*.rz=01;31:*.cab=01;31:*.wim=01;31:*.swm=01;31:*.dwm=01;31:*.esd=01;31:*.jpg=01;35:*.jpeg=01;35:*.mjpg=01;35:*.mjpeg=01;35:*.gif=01;35:*.bmp=01;35:*.pbm=01;35:*.pgm=01;35:*.ppm=01;35:*.tga=01;35:*.xbm=01;35:*.xpm=01;35:*.tif=01;35:*.tiff=01;35:*.png=01;35:*.svg=01;35:*.svgz=01;35:*.mng=01;35:*.pcx=01;35:*.mov=01;35:*.mpg=01;35:*.mpeg=01;35:*.m2v=01;35:*.mkv=01;35:*.webm=01;35:*.webp=01;35:*.ogm=01;35:*.mp4=01;35:*.m4v=01;35:*.mp4v=01;35:*.vob=01;35:*.qt=01;35:*.nuv=01;35:*.wmv=01;35:*.asf=01;35:*.rm=01;35:*.rmvb=01;35:*.flc=01;35:*.avi=01;35:*.fli=01;35:*.flv=01;35:*.gl=01;35:*.dl=01;35:*.xcf=01;35:*.xwd=01;35:*.yuv=01;35:*.cgm=01;35:*.emf=01;35:*.ogv=01;35:*.ogx=01;35:*.aac=00;36:*.au=00;36:*.flac=00;36:*.m4a=00;36:*.mid=00;36:*.midi=00;36:*.mka=00;36:*.mp3=00;36:*.mpc=00;36:*.ogg=00;36:*.ra=00;36:*.wav=00;36:*.oga=00;36:*.opus=00;36:*.spx=00;36:*.xspf=00;36:'), ('GNOME_TERMINAL_SERVICE', ':1.103'), ('SSH_AGENT_LAUNCHER', 'gnome-keyring'), ('SSH_AUTH_SOCK', '/run/user/1000/keyring/ssh'), ('AMENT_PREFIX_PATH', '/opt/ros/humble'), ('SHELL', '/bin/bash'), ('LC_NAME', 'id_ID.UTF-8'), ('QT_ACCESSIBILITY', '1'), ('GDMSESSION', 'ubuntu'), ('LESSCLOSE', '/usr/bin/lesspipe %s %s'), ('IGN_GAZEBO_RESOURCE_PATH', ':/home/tiffany/fyp_ws/src/formation_gazebo/models'), ('LC_MEASUREMENT', 'id_ID.UTF-8'), ('LC_IDENTIFICATION', 'id_ID.UTF-8'), ('QT_IM_MODULE', 'ibus'), ('PWD', '/home/tiffany/fyp_ws/build/formation_gazebo'), ('LC_ALL', 'en_US.UTF-8'), ('XDG_CONFIG_DIRS', '/etc/xdg/xdg-ubuntu:/etc/xdg'), ('XDG_DATA_DIRS', '/usr/share/ubuntu:/usr/local/share/:/usr/share/:/var/lib/snapd/desktop'), ('PYTHONPATH', '/opt/ros/humble/lib/python3.10/site-packages:/opt/ros/humble/local/lib/python3.10/dist-packages'), ('LC_NUMERIC', 'id_ID.UTF-8'), ('LC_PAPER', 'id_ID.UTF-8'), ('COLCON', '1'), ('VTE_VERSION', '6800'), ('CMAKE_PREFIX_PATH', '/opt/ros/humble')]), 'shell': False}
[0.049363] (formation_msgs) StdoutLine: {'line': b'-- Found ament_cmake: 1.3.14 (/opt/ros/humble/share/ament_cmake/cmake)\n'}
[0.068898] (formation_gazebo) CommandEnded: {'returncode': 0}
[0.069693] (formation_gazebo) JobProgress: {'identifier': 'formation_gazebo', 'progress': 'install'}
[0.083301] (formation_gazebo) Command: {'cmd': ['/usr/bin/cmake', '--install', '/home/tiffany/fyp_ws/build/formation_gazebo'], 'cwd': '/home/tiffany/fyp_ws/build/formation_gazebo', 'env': OrderedDict([('LESSOPEN', '| /usr/bin/lesspipe %s'), ('USER', 'tiffany'), ('LC_TIME', 'id_ID.UTF-8'), ('XDG_SESSION_TYPE', 'wayland'), ('SHLVL', '1'), ('LD_LIBRARY_PATH', '/opt/ros/humble/opt/rviz_ogre_vendor/lib:/opt/ros/humble/lib/x86_64-linux-gnu:/opt/ros/humble/lib'), ('HOME', '/home/tiffany'), ('OLDPWD', '/home/tiffany'), ('DESKTOP_SESSION', 'ubuntu'), ('ROS_PYTHON_VERSION', '3'), ('GNOME_SHELL_SESSION_MODE', 'ubuntu'), ('GTK_MODULES', 'gail:atk-bridge'), ('LC_MONETARY', 'id_ID.UTF-8'), ('SYSTEMD_EXEC_PID', '1820'), ('DBUS_SESSION_BUS_ADDRESS', 'unix:path=/run/user/1000/bus'), ('COLORTERM', 'truecolor'), ('IM_CONFIG_PHASE', '1'), ('WAYLAND_DISPLAY', 'wayland-0'), ('ROS_DISTRO', 'humble'), ('LOGNAME', 'tiffany'), ('_', '/usr/bin/colcon'), ('ROS_VERSION', '2'), ('XDG_SESSION_CLASS', 'user'), ('USERNAME', 'tiffany'), ('TERM', 'xterm-256color'), ('GNOME_DESKTOP_SESSION_ID', 'this-is-deprecated'), ('ROS_LOCALHOST_ONLY', '0'), ('PATH', '/opt/ros/humble/bin:/home/tiffany/.local/bin:/usr/local/sbin:/usr/local/bin:/usr/sbin:/usr/bin:/sbin:/bin:/usr/games:/usr/local/games:/snap/bin:/snap/bin'), ('SESSION_MANAGER', 'local/tiffany-HP:@/tmp/.ICE-unix/1603,unix/tiffany-HP:/tmp/.ICE-unix/1603'), ('XDG_MENU_PREFIX', 'gnome-'), ('LC_ADDRESS', 'id_ID.UTF-8'), ('GNOME_TERMINAL_SCREEN', '/org/gnome/Terminal/screen/a3934f5b_2fd0_4edb_b64a_4b32a7adb2fa'), ('GNOME_SETUP_DISPLAY', ':1'), ('XDG_RUNTIME_DIR', '/run/user/1000'), ('DISPLAY', ':0'), ('LANG', 'en_US.UTF-8'), ('XDG_CURRENT_DESKTOP', 'ubuntu:GNOME'), ('LC_TELEPHONE', 'id_ID.UTF-8'), ('XMODIFIERS', '@im=ibus'), ('XDG_SESSION_DESKTOP', 'ubuntu'), ('XAUTHORITY', '/run/user/1000/.mutter-Xwaylandauth.E2BUV3'), ('LS_COLORS', 'rs=0:di=01;34:ln=01;36:mh=00:pi=40;33:so=01;35:do=01;35:bd=40;33;01:cd=40;33;01:or=40;31;01:mi=00:su=37;41:sg=30;43:ca=30;41:tw=30;42:ow=34;42:st=37;44:ex=01;32:*.tar=01;31:*.tgz=01;31:*.arc=01;31:*.arj=01;31:*.taz=01;31:*.lha=01;31:*.lz4=01;31:*.lzh=01;31:*.lzma=01;31:*.tlz=01;31:*.txz=01;31:*.tzo=01;31:*.t7z=01;31:*.zip=01;31:*.z=01;31:*.dz=01;31:*.gz=01;31:*.lrz=01;31:*.lz=01;31:*.lzo=01;31:*.xz=01;31:*.zst=01;31:*.tzst=01;31:*.bz2=01;31:*.bz=01;31:*.tbz=01;31:*.tbz2=01;31:*.tz=01;31:*.deb=01;31:*.rpm=01;31:*.jar=01;31:*.war=01;31:*.ear=01;31:*.sar=01;31:*.rar=01;31:*.alz=01;31:*.ace=01;31:*.zoo=01;31:*.cpio=01;31:*.7z=01;31:*.rz=01;31:*.cab=01;31:*.wim=01;31:*.swm=01;31:*.dwm=01;31:*.esd=01;31:*.jpg=01;35:*.jpeg=01;35:*.mjpg=01;35:*.mjpeg=01;35:*.gif=01;35:*.bmp=01;35:*.pbm=01;35:*.pgm=01;35:*.ppm=01;35:*.tga=01;35:*.xbm=01;35:*.xpm=01;35:*.tif=01;35:*.tiff=01;35:*.png=01;35:*.svg=01;35:*.svgz=01;35:*.mng=01;35:*.pcx=01;35:*.mov=01;35:*.mpg=01;35:*.mpeg=01;35:*.m2v=01;35:*.mkv=01;35:*.webm=01;35:*.webp=01;35:*.ogm=01;35:*.mp4=01;35:*.m4v=01;35:*.mp4v=01;35:*.vob=01;35:*.qt=01;35:*.nuv=01;35:*.wmv=01;35:*.asf=01;35:*.rm=01;35:*.rmvb=01;35:*.flc=01;35:*.avi=01;35:*.fli=01;35:*.flv=01;35:*.gl=01;35:*.dl=01;35:*.xcf=01;35:*.xwd=01;35:*.yuv=01;35:*.cgm=01;35:*.emf=01;35:*.ogv=01;35:*.ogx=01;35:*.aac=00;36:*.au=00;36:*.flac=00;36:*.m4a=00;36:*.mid=00;36:*.midi=00;36:*.mka=00;36:*.mp3=00;36:*.mpc=00;36:*.ogg=00;36:*.ra=00;36:*.wav=00;36:*.oga=00;36:*.opus=00;36:*.spx=00;36:*.xspf=00;36:'), ('GNOME_TERMINAL_SERVICE', ':1.103'), ('SSH_AGENT_LAUNCHER', 'gnome-keyring'), ('SSH_AUTH_SOCK', '/run/user/1000/keyring/ssh'), ('AMENT_PREFIX_PATH', '/opt/ros/humble'), ('SHELL', '/bin/bash'), ('LC_NAME', 'id_ID.UTF-8'), ('QT_ACCESSIBILITY', '1'), ('GDMSESSION', 'ubuntu'), ('LESSCLOSE', '/usr/bin/lesspipe %s %s'), ('IGN_GAZEBO_RESOURCE_PATH', ':/home/tiffany/fyp_ws/src/formation_gazebo/models'), ('LC_MEASUREMENT', 'id_ID.UTF-8'), ('LC_IDENTIFICATION', 'id_ID.UTF-8'), ('QT_IM_MODULE', 'ibus'), ('PWD', '/home/tiffany/fyp_ws/build/formation_gazebo'), ('LC_ALL', 'en_US.UTF-8'), ('XDG_CONFIG_DIRS', '/etc/xdg/xdg-ubuntu:/etc/xdg'), ('XDG_DATA_DIRS', '/usr/share/ubuntu:/usr/local/share/:/usr/share/:/var/lib/snapd/desktop'), ('PYTHONPATH', '/opt/ros/humble/lib/python3.10/site-packages:/opt/ros/humble/local/lib/python3.10/dist-packages'), ('LC_NUMERIC', 'id_ID.UTF-8'), ('LC_PAPER', 'id_ID.UTF-8'), ('COLCON', '1'), ('VTE_VERSION', '6800'), ('CMAKE_PREFIX_PATH', '/opt/ros/humble')]), 'shell': False}
[0.094295] (formation_gazebo) StdoutLine: {'line': b'-- Install configuration: ""\n'}
[0.094702] (formation_gazebo) StdoutLine: {'line': b'-- Up-to-date: /home/tiffany/fyp_ws/install/formation_gazebo/share/formation_gazebo/models\n'}
[0.094843] (formation_gazebo) StdoutLine: {'line': b'-- Up-to-date: /home/tiffany/fyp_ws/install/formation_gazebo/share/formation_gazebo/models/drone\n'}
[0.095070] (formation_gazebo) StdoutLine: {'line': b'-- Up-to-date: /home/tiffany/fyp_ws/install/formation_gazebo/share/formation_gazebo/models/drone/model.config\n'}
[0.095193] (formation_gazebo) StdoutLine: {'line': b'-- Up-to-date: /home/tiffany/fyp_ws/install/formation_gazebo/share/formation_gazebo/models/drone/model.sdf\n'}
[0.095278] (formation_gazebo) StdoutLine: {'line': b'-- Up-to-date: /home/tiffany/fyp_ws/install/formation_gazebo/share/formation_gazebo/worlds\n'}
[0.095355] (formation_gazebo) StdoutLine: {'line': b'-- Up-to-date: /home/tiffany/fyp_ws/install/formation_gazebo/share/formation_gazebo/worlds/formation_world.sdf\n'}
[0.095430] (formation_gazebo) StdoutLine: {'line': b'-- Up-to-date: /home/tiffany/fyp_ws/install/formation_gazebo/share/ament_index/resource_index/package_run_dependencies/formation_gazebo\n'}
[0.095513] (formation_gazebo) StdoutLine: {'line': b'-- Up-to-date: /home/tiffany/fyp_ws/install/formation_gazebo/share/ament_index/resource_index/parent_prefix_path/formation_gazebo\n'}
[0.095602] (formation_gazebo) StdoutLine: {'line': b'-- Up-to-date: /home/tiffany/fyp_ws/install/formation_gazebo/share/formation_gazebo/environment/ament_prefix_path.sh\n'}
[0.095673] (formation_gazebo) StdoutLine: {'line': b'-- Up-to-date: /home/tiffany/fyp_ws/install/formation_gazebo/share/formation_gazebo/environment/ament_prefix_path.dsv\n'}
[0.095730] (formation_gazebo) StdoutLine: {'line': b'-- Up-to-date: /home/tiffany/fyp_ws/install/formation_gazebo/share/formation_gazebo/environment/path.sh\n'}
[0.095801] (formation_gazebo) StdoutLine: {'line': b'-- Up-to-date: /home/tiffany/fyp_ws/install/formation_gazebo/share/formation_gazebo/environment/path.dsv\n'}
[0.095869] (formation_gazebo) StdoutLine: {'line': b'-- Up-to-date: /home/tiffany/fyp_ws/install/formation_gazebo/share/formation_gazebo/local_setup.bash\n'}
[0.095965] (formation_gazebo) StdoutLine: {'line': b'-- Up-to-date: /home/tiffany/fyp_ws/install/formation_gazebo/share/formation_gazebo/local_setup.sh\n'}
[0.096027] (formation_gazebo) StdoutLine: {'line': b'-- Up-to-date: /home/tiffany/fyp_ws/install/formation_gazebo/share/formation_gazebo/local_setup.zsh\n'}
[0.096085] (formation_gazebo) StdoutLine: {'line': b'-- Up-to-date: /home/tiffany/fyp_ws/install/formation_gazebo/share/formation_gazebo/local_setup.dsv\n'}
[0.096141] (formation_gazebo) StdoutLine: {'line': b'-- Installing: /home/tiffany/fyp_ws/install/formation_gazebo/share/formation_gazebo/package.dsv\n'}
[0.096260] (formation_gazebo) StdoutLine: {'line': b'-- Up-to-date: /home/tiffany/fyp_ws/install/formation_gazebo/share/ament_index/resource_index/packages/formation_gazebo\n'}
[0.096319] (formation_gazebo) StdoutLine: {'line': b'-- Up-to-date: /home/tiffany/fyp_ws/install/formation_gazebo/share/formation_gazebo/cmake/formation_gazeboConfig.cmake\n'}
[0.096371] (formation_gazebo) StdoutLine: {'line': b'-- Up-to-date: /home/tiffany/fyp_ws/install/formation_gazebo/share/formation_gazebo/cmake/formation_gazeboConfig-version.cmake\n'}
[0.096421] (formation_gazebo) StdoutLine: {'line': b'-- Up-to-date: /home/tiffany/fyp_ws/install/formation_gazebo/share/formation_gazebo/package.xml\n'}
[0.097938] (formation_gazebo) CommandEnded: {'returncode': 0}
[0.099665] (-) TimerEvent: {}
[0.116116] (formation_gazebo) JobEnded: {'identifier': 'formation_gazebo', 'rc': 0}
[0.191917] (formation_msgs) StdoutLine: {'line': b'-- Found rosidl_default_generators: 1.2.1 (/opt/ros/humble/share/rosidl_default_generators/cmake)\n'}
[0.193330] (formation_msgs) StdoutLine: {'line': b'-- Using all available rosidl_typesupport_c: rosidl_typesupport_fastrtps_c;rosidl_typesupport_introspection_c\n'}
[0.196367] (formation_msgs) StdoutLine: {'line': b'-- Found rosidl_adapter: 3.1.8 (/opt/ros/humble/share/rosidl_adapter/cmake)\n'}
[0.199763] (-) TimerEvent: {}
[0.229222] (formation_msgs) StdoutLine: {'line': b'-- Using all available rosidl_typesupport_cpp: rosidl_typesupport_fastrtps_cpp;rosidl_typesupport_introspection_cpp\n'}
[0.259381] (formation_msgs) StdoutLine: {'line': b'-- Found geometry_msgs: 4.9.1 (/opt/ros/humble/share/geometry_msgs/cmake)\n'}
[0.299923] (-) TimerEvent: {}
[0.400298] (-) TimerEvent: {}
[0.500687] (-) TimerEvent: {}
[0.601378] (-) TimerEvent: {}
[0.701781] (-) TimerEvent: {}
[0.707888] (formation_msgs) StdoutLine: {'line': b'-- Found ament_cmake_ros: 0.10.0 (/opt/ros/humble/share/ament_cmake_ros/cmake)\n'}
[0.801925] (-) TimerEvent: {}
[0.902299] (-) TimerEvent: {}
[1.002670] (-) TimerEvent: {}
[1.004862] (formation_msgs) StdoutLine: {'line': b'-- Using all available rosidl_typesupport_c: rosidl_typesupport_fastrtps_c;rosidl_typesupport_introspection_c\n'}
[1.102813] (-) TimerEvent: {}
[1.203219] (-) TimerEvent: {}
[1.303621] (-) TimerEvent: {}
[1.398027] (formation_msgs) StdoutLine: {'line': b'-- Using all available rosidl_typesupport_cpp: rosidl_typesupport_fastrtps_cpp;rosidl_typesupport_introspection_cpp\n'}
[1.403702] (-) TimerEvent: {}
[1.425755] (formation_msgs) StdoutLine: {'line': b'-- Found python_cmake_module: 0.10.0 (/opt/ros/humble/share/python_cmake_module/cmake)\n'}
[1.455552] (formation_msgs) StdoutLine: {'line': b'-- Using PYTHON_EXECUTABLE: /usr/bin/python3\n'}
[1.455813] (formation_msgs) StdoutLine: {'line': b'-- Using PYTHON_INCLUDE_DIRS: /usr/include/python3.10\n'}
[1.455943] (formation_msgs) StdoutLine: {'line': b'-- Using PYTHON_LIBRARIES: /usr/lib/x86_64-linux-gnu/libpython3.10.so\n'}
[1.503888] (-) TimerEvent: {}
[1.602753] (formation_msgs) StdoutLine: {'line': b'-- Found ament_lint_auto: 0.12.15 (/opt/ros/humble/share/ament_lint_auto/cmake)\n'}
[1.603907] (-) TimerEvent: {}
[1.627188] (formation_msgs) StdoutLine: {'line': b"-- Added test 'lint_cmake' to check CMake code style\n"}
[1.629998] (formation_msgs) StdoutLine: {'line': b"-- Added test 'xmllint' to check XML markup files\n"}
[1.634040] (formation_msgs) StdoutLine: {'line': b'-- Configuring done\n'}
[1.704070] (-) TimerEvent: {}
[1.729793] (formation_msgs) StdoutLine: {'line': b'-- Generating done\n'}
[1.748671] (formation_msgs) StdoutLine: {'line': b'-- Build files have been written to: /home/tiffany/fyp_ws/build/formation_msgs\n'}
[1.794464] (formation_msgs) StdoutLine: {'line': b'[  1%] \x1b[34m\x1b[1mGenerating C code for ROS interfaces\x1b[0m\n'}
[1.804209] (-) TimerEvent: {}
[1.808866] (formation_msgs) StdoutLine: {'line': b'[  2%] \x1b[34m\x1b[1mGenerating Rust code for ROS interfaces\x1b[0m\n'}
[1.809156] (formation_msgs) StdoutLine: {'line': b'[  2%] \x1b[34m\x1b[1mGenerating C++ code for ROS interfaces\x1b[0m\n'}
[1.838810] (formation_msgs) StdoutLine: {'line': b'[  2%] Built target ament_cmake_python_copy_formation_msgs\n'}
[1.904355] (-) TimerEvent: {}
[2.004684] (-) TimerEvent: {}
[2.104931] (-) TimerEvent: {}
[2.128676] (formation_msgs) StdoutLine: {'line': b'running egg_info\n'}
[2.129525] (formation_msgs) StdoutLine: {'line': b'writing formation_msgs.egg-info/PKG-INFO\n'}
[2.129808] (formation_msgs) StdoutLine: {'line': b'writing dependency_links to formation_msgs.egg-info/dependency_links.txt\n'}
[2.130040] (formation_msgs) StdoutLine: {'line': b'writing top-level names to formation_msgs.egg-info/top_level.txt\n'}
[2.133313] (formation_msgs) StdoutLine: {'line': b"reading manifest file 'formation_msgs.egg-info/SOURCES.txt'\n"}
[2.134209] (formation_msgs) StdoutLine: {'line': b"writing manifest file 'formation_msgs.egg-info/SOURCES.txt'\n"}
[2.164730] (formation_msgs) StdoutLine: {'line': b'[  2%] Built target ament_cmake_python_build_formation_msgs_egg\n'}
[2.205055] (-) TimerEvent: {}
[2.305372] (-) TimerEvent: {}
[2.357694] (formation_msgs) StdoutLine: {'line': b'[  2%] Built target formation_msgs__rs\n'}
[2.405463] (-) TimerEvent: {}
[2.505748] (-) TimerEvent: {}
[2.606126] (-) TimerEvent: {}
[2.706435] (-) TimerEvent: {}
[2.717087] (formation_msgs) StdoutLine: {'line': b'[  2%] Built target formation_msgs__cpp\n'}
[2.737768] (formation_msgs) StdoutLine: {'line': b'[  3%] \x1b[34m\x1b[1mGenerating C++ introspection for ROS interfaces\x1b[0m\n'}
[2.738054] (formation_msgs) StdoutLine: {'line': b'[  5%] \x1b[34m\x1b[1mGenerating C++ type support for eProsima Fast-RTPS\x1b[0m\n'}
[2.738157] (formation_msgs) StdoutLine: {'line': b'[  5%] \x1b[34m\x1b[1mGenerating C++ type support dispatch for ROS interfaces\x1b[0m\n'}
[2.797610] (formation_msgs) StdoutLine: {'line': b'\x1b[35m\x1b[1mConsolidate compiler generated dependencies of target formation_msgs__rosidl_generator_c\x1b[0m\n'}
[2.806547] (-) TimerEvent: {}
[2.827023] (formation_msgs) StdoutLine: {'line': b'[  6%] \x1b[32mBuilding C object CMakeFiles/formation_msgs__rosidl_generator_c.dir/rosidl_generator_c/formation_msgs/msg/detail/drone_state__functions.c.o\x1b[0m\n'}
[2.827289] (formation_msgs) StdoutLine: {'line': b'[  7%] \x1b[32mBuilding C object CMakeFiles/formation_msgs__rosidl_generator_c.dir/rosidl_generator_c/formation_msgs/msg/detail/drawn_shape__functions.c.o\x1b[0m\n'}
[2.827404] (formation_msgs) StdoutLine: {'line': b'[  8%] \x1b[32mBuilding C object CMakeFiles/formation_msgs__rosidl_generator_c.dir/rosidl_generator_c/formation_msgs/msg/detail/drone_path__functions.c.o\x1b[0m\n'}
[2.827513] (formation_msgs) StdoutLine: {'line': b'[  9%] \x1b[32mBuilding C object CMakeFiles/formation_msgs__rosidl_generator_c.dir/rosidl_generator_c/formation_msgs/msg/detail/refinement_cmd__functions.c.o\x1b[0m\n'}
[2.827992] (formation_msgs) StdoutLine: {'line': b'[ 10%] \x1b[32mBuilding C object CMakeFiles/formation_msgs__rosidl_generator_c.dir/rosidl_generator_c/formation_msgs/msg/detail/plan_status__functions.c.o\x1b[0m\n'}
[2.829349] (formation_msgs) StdoutLine: {'line': b'[ 10%] \x1b[32mBuilding C object CMakeFiles/formation_msgs__rosidl_generator_c.dir/rosidl_generator_c/formation_msgs/msg/detail/generated_transform__functions.c.o\x1b[0m\n'}
[2.829508] (formation_msgs) StdoutLine: {'line': b'[ 11%] \x1b[32mBuilding C object CMakeFiles/formation_msgs__rosidl_generator_c.dir/rosidl_generator_c/formation_msgs/msg/detail/formation_goal__functions.c.o\x1b[0m\n'}
[2.829630] (formation_msgs) StdoutLine: {'line': b'[ 12%] \x1b[32mBuilding C object CMakeFiles/formation_msgs__rosidl_generator_c.dir/rosidl_generator_c/formation_msgs/msg/detail/system_state__functions.c.o\x1b[0m\n'}
[2.829765] (formation_msgs) StdoutLine: {'line': b'[ 13%] \x1b[32mBuilding C object CMakeFiles/formation_msgs__rosidl_generator_c.dir/rosidl_generator_c/formation_msgs/msg/detail/refinement_candidate__functions.c.o\x1b[0m\n'}
[2.829969] (formation_msgs) StdoutLine: {'line': b'[ 14%] \x1b[32mBuilding C object CMakeFiles/formation_msgs__rosidl_generator_c.dir/rosidl_generator_c/formation_msgs/msg/detail/drone_setpoint__functions.c.o\x1b[0m\n'}
[2.830105] (formation_msgs) StdoutLine: {'line': b'[ 15%] \x1b[32mBuilding C object CMakeFiles/formation_msgs__rosidl_generator_c.dir/rosidl_generator_c/formation_msgs/msg/detail/user_command__functions.c.o\x1b[0m\n'}
[2.906656] (-) TimerEvent: {}
[2.958685] (formation_msgs) StdoutLine: {'line': b'[ 16%] \x1b[32m\x1b[1mLinking C shared library libformation_msgs__rosidl_generator_c.so\x1b[0m\n'}
[3.006761] (-) TimerEvent: {}
[3.026324] (formation_msgs) StdoutLine: {'line': b'[ 16%] Built target formation_msgs__rosidl_generator_c\n'}
[3.040342] (formation_msgs) StdoutLine: {'line': b'[ 18%] \x1b[34m\x1b[1mGenerating C introspection for ROS interfaces\x1b[0m\n'}
[3.040619] (formation_msgs) StdoutLine: {'line': b'[ 18%] \x1b[34m\x1b[1mGenerating C type support for eProsima Fast-RTPS\x1b[0m\n'}
[3.040717] (formation_msgs) StdoutLine: {'line': b'[ 19%] \x1b[34m\x1b[1mGenerating C type support dispatch for ROS interfaces\x1b[0m\n'}
[3.106883] (-) TimerEvent: {}
[3.207200] (-) TimerEvent: {}
[3.307499] (-) TimerEvent: {}
[3.393721] (formation_msgs) StdoutLine: {'line': b'\x1b[35m\x1b[1mConsolidate compiler generated dependencies of target formation_msgs__rosidl_typesupport_cpp\x1b[0m\n'}
[3.407610] (-) TimerEvent: {}
[3.425910] (formation_msgs) StdoutLine: {'line': b'[ 20%] \x1b[32mBuilding CXX object CMakeFiles/formation_msgs__rosidl_typesupport_cpp.dir/rosidl_typesupport_cpp/formation_msgs/msg/drawn_shape__type_support.cpp.o\x1b[0m\n'}
[3.426209] (formation_msgs) StdoutLine: {'line': b'[ 21%] \x1b[32mBuilding CXX object CMakeFiles/formation_msgs__rosidl_typesupport_cpp.dir/rosidl_typesupport_cpp/formation_msgs/msg/formation_goal__type_support.cpp.o\x1b[0m\n'}
[3.426293] (formation_msgs) StdoutLine: {'line': b'[ 22%] \x1b[32mBuilding CXX object CMakeFiles/formation_msgs__rosidl_typesupport_cpp.dir/rosidl_typesupport_cpp/formation_msgs/msg/refinement_candidate__type_support.cpp.o\x1b[0m\n'}
[3.426447] (formation_msgs) StdoutLine: {'line': b'[ 22%] \x1b[32mBuilding CXX object CMakeFiles/formation_msgs__rosidl_typesupport_cpp.dir/rosidl_typesupport_cpp/formation_msgs/msg/drone_state__type_support.cpp.o\x1b[0m\n'}
[3.426524] (formation_msgs) StdoutLine: {'line': b'[ 23%] \x1b[32mBuilding CXX object CMakeFiles/formation_msgs__rosidl_typesupport_cpp.dir/rosidl_typesupport_cpp/formation_msgs/msg/refinement_cmd__type_support.cpp.o\x1b[0m\n'}
[3.426618] (formation_msgs) StdoutLine: {'line': b'[ 24%] \x1b[32mBuilding CXX object CMakeFiles/formation_msgs__rosidl_typesupport_cpp.dir/rosidl_typesupport_cpp/formation_msgs/msg/plan_status__type_support.cpp.o\x1b[0m\n'}
[3.426825] (formation_msgs) StdoutLine: {'line': b'[ 25%] \x1b[32mBuilding CXX object CMakeFiles/formation_msgs__rosidl_typesupport_cpp.dir/rosidl_typesupport_cpp/formation_msgs/msg/generated_transform__type_support.cpp.o\x1b[0m\n'}
[3.427533] (formation_msgs) StdoutLine: {'line': b'[ 26%] \x1b[32mBuilding CXX object CMakeFiles/formation_msgs__rosidl_typesupport_cpp.dir/rosidl_typesupport_cpp/formation_msgs/msg/user_command__type_support.cpp.o\x1b[0m\n'}
[3.429969] (formation_msgs) StdoutLine: {'line': b'[ 27%] \x1b[32mBuilding CXX object CMakeFiles/formation_msgs__rosidl_typesupport_cpp.dir/rosidl_typesupport_cpp/formation_msgs/msg/drone_path__type_support.cpp.o\x1b[0m\n'}
[3.430534] (formation_msgs) StdoutLine: {'line': b'[ 28%] \x1b[32mBuilding CXX object CMakeFiles/formation_msgs__rosidl_typesupport_cpp.dir/rosidl_typesupport_cpp/formation_msgs/msg/drone_setpoint__type_support.cpp.o\x1b[0m\n'}
[3.434272] (formation_msgs) StdoutLine: {'line': b'[ 29%] \x1b[32mBuilding CXX object CMakeFiles/formation_msgs__rosidl_typesupport_cpp.dir/rosidl_typesupport_cpp/formation_msgs/msg/system_state__type_support.cpp.o\x1b[0m\n'}
[3.509922] (-) TimerEvent: {}
[3.610251] (-) TimerEvent: {}
[3.710645] (-) TimerEvent: {}
[3.811090] (-) TimerEvent: {}
[3.842024] (formation_msgs) StdoutLine: {'line': b'\x1b[35m\x1b[1mConsolidate compiler generated dependencies of target formation_msgs__rosidl_typesupport_introspection_cpp\x1b[0m\n'}
[3.882211] (formation_msgs) StdoutLine: {'line': b'[ 30%] \x1b[32mBuilding CXX object CMakeFiles/formation_msgs__rosidl_typesupport_introspection_cpp.dir/rosidl_typesupport_introspection_cpp/formation_msgs/msg/detail/drawn_shape__type_support.cpp.o\x1b[0m\n'}
[3.911223] (-) TimerEvent: {}
[3.933901] (formation_msgs) StdoutLine: {'line': b'\x1b[35m\x1b[1mConsolidate compiler generated dependencies of target formation_msgs__rosidl_typesupport_c\x1b[0m\n'}
[3.953566] (formation_msgs) StdoutLine: {'line': b'[ 30%] \x1b[32mBuilding CXX object CMakeFiles/formation_msgs__rosidl_typesupport_introspection_cpp.dir/rosidl_typesupport_introspection_cpp/formation_msgs/msg/detail/drone_state__type_support.cpp.o\x1b[0m\n'}
[3.954044] (formation_msgs) StdoutLine: {'line': b'[ 32%] \x1b[32mBuilding CXX object CMakeFiles/formation_msgs__rosidl_typesupport_introspection_cpp.dir/rosidl_typesupport_introspection_cpp/formation_msgs/msg/detail/formation_goal__type_support.cpp.o\x1b[0m\n'}
[3.955027] (formation_msgs) StdoutLine: {'line': b'[ 32%] \x1b[32mBuilding CXX object CMakeFiles/formation_msgs__rosidl_typesupport_introspection_cpp.dir/rosidl_typesupport_introspection_cpp/formation_msgs/msg/detail/drone_path__type_support.cpp.o\x1b[0m\n'}
[3.955229] (formation_msgs) StdoutLine: {'line': b'[ 33%] \x1b[32mBuilding CXX object CMakeFiles/formation_msgs__rosidl_typesupport_introspection_cpp.dir/rosidl_typesupport_introspection_cpp/formation_msgs/msg/detail/refinement_cmd__type_support.cpp.o\x1b[0m\n'}
[3.956400] (formation_msgs) StdoutLine: {'line': b'[ 34%] \x1b[32mBuilding CXX object CMakeFiles/formation_msgs__rosidl_typesupport_c.dir/rosidl_typesupport_c/formation_msgs/msg/formation_goal__type_support.cpp.o\x1b[0m\n'}
[3.956779] (formation_msgs) StdoutLine: {'line': b'[ 34%] \x1b[32mBuilding CXX object CMakeFiles/formation_msgs__rosidl_typesupport_c.dir/rosidl_typesupport_c/formation_msgs/msg/drawn_shape__type_support.cpp.o\x1b[0m\n'}
[3.957500] (formation_msgs) StdoutLine: {'line': b'[ 35%] \x1b[32mBuilding CXX object CMakeFiles/formation_msgs__rosidl_typesupport_c.dir/rosidl_typesupport_c/formation_msgs/msg/drone_path__type_support.cpp.o\x1b[0m\n'}
[3.958026] (formation_msgs) StdoutLine: {'line': b'[ 36%] \x1b[32mBuilding CXX object CMakeFiles/formation_msgs__rosidl_typesupport_c.dir/rosidl_typesupport_c/formation_msgs/msg/drone_state__type_support.cpp.o\x1b[0m\n'}
[3.958751] (formation_msgs) StdoutLine: {'line': b'[ 37%] \x1b[32mBuilding CXX object CMakeFiles/formation_msgs__rosidl_typesupport_introspection_cpp.dir/rosidl_typesupport_introspection_cpp/formation_msgs/msg/detail/refinement_candidate__type_support.cpp.o\x1b[0m\n'}
[3.966936] (formation_msgs) StdoutLine: {'line': b'[ 38%] \x1b[32mBuilding CXX object CMakeFiles/formation_msgs__rosidl_typesupport_c.dir/rosidl_typesupport_c/formation_msgs/msg/refinement_cmd__type_support.cpp.o\x1b[0m\n'}
[3.967262] (formation_msgs) StdoutLine: {'line': b'[ 39%] \x1b[32m\x1b[1mLinking CXX shared library libformation_msgs__rosidl_typesupport_cpp.so\x1b[0m\n'}
[3.967377] (formation_msgs) StdoutLine: {'line': b'[ 40%] \x1b[32mBuilding CXX object CMakeFiles/formation_msgs__rosidl_typesupport_c.dir/rosidl_typesupport_c/formation_msgs/msg/refinement_candidate__type_support.cpp.o\x1b[0m\n'}
[3.974055] (formation_msgs) StdoutLine: {'line': b'\x1b[35m\x1b[1mConsolidate compiler generated dependencies of target formation_msgs__rosidl_typesupport_fastrtps_cpp\x1b[0m\n'}
[4.009477] (formation_msgs) StdoutLine: {'line': b'[ 43%] \x1b[32mBuilding CXX object CMakeFiles/formation_msgs__rosidl_typesupport_introspection_cpp.dir/rosidl_typesupport_introspection_cpp/formation_msgs/msg/detail/generated_transform__type_support.cpp.o\x1b[0m\n'}
[4.009766] (formation_msgs) StdoutLine: {'line': b'[ 43%] \x1b[32mBuilding CXX object CMakeFiles/formation_msgs__rosidl_typesupport_c.dir/rosidl_typesupport_c/formation_msgs/msg/generated_transform__type_support.cpp.o\x1b[0m\n'}
[4.010015] (formation_msgs) StdoutLine: {'line': b'[ 43%] \x1b[32mBuilding CXX object CMakeFiles/formation_msgs__rosidl_typesupport_c.dir/rosidl_typesupport_c/formation_msgs/msg/plan_status__type_support.cpp.o\x1b[0m\n'}
[4.011296] (-) TimerEvent: {}
[4.013409] (formation_msgs) StdoutLine: {'line': b'[ 44%] \x1b[32mBuilding CXX object CMakeFiles/formation_msgs__rosidl_typesupport_introspection_cpp.dir/rosidl_typesupport_introspection_cpp/formation_msgs/msg/detail/system_state__type_support.cpp.o\x1b[0m\n'}
[4.014242] (formation_msgs) StdoutLine: {'line': b'[ 45%] \x1b[32mBuilding CXX object CMakeFiles/formation_msgs__rosidl_typesupport_fastrtps_cpp.dir/rosidl_typesupport_fastrtps_cpp/formation_msgs/msg/detail/dds_fastrtps/drawn_shape__type_support.cpp.o\x1b[0m\n'}
[4.014481] (formation_msgs) StdoutLine: {'line': b'[ 46%] \x1b[32mBuilding CXX object CMakeFiles/formation_msgs__rosidl_typesupport_introspection_cpp.dir/rosidl_typesupport_introspection_cpp/formation_msgs/msg/detail/plan_status__type_support.cpp.o\x1b[0m\n'}
[4.046209] (formation_msgs) StdoutLine: {'line': b'[ 47%] \x1b[32mBuilding CXX object CMakeFiles/formation_msgs__rosidl_typesupport_fastrtps_cpp.dir/rosidl_typesupport_fastrtps_cpp/formation_msgs/msg/detail/dds_fastrtps/formation_goal__type_support.cpp.o\x1b[0m\n'}
[4.066006] (formation_msgs) StdoutLine: {'line': b'[ 48%] \x1b[32mBuilding CXX object CMakeFiles/formation_msgs__rosidl_typesupport_fastrtps_cpp.dir/rosidl_typesupport_fastrtps_cpp/formation_msgs/msg/detail/dds_fastrtps/drone_path__type_support.cpp.o\x1b[0m\n'}
[4.068076] (formation_msgs) StdoutLine: {'line': b'[ 48%] Built target formation_msgs__rosidl_typesupport_cpp\n'}
[4.073138] (formation_msgs) StdoutLine: {'line': b'[ 49%] \x1b[32mBuilding CXX object CMakeFiles/formation_msgs__rosidl_typesupport_c.dir/rosidl_typesupport_c/formation_msgs/msg/system_state__type_support.cpp.o\x1b[0m\n'}
[4.081827] (formation_msgs) StdoutLine: {'line': b'[ 50%] \x1b[32mBuilding CXX object CMakeFiles/formation_msgs__rosidl_typesupport_introspection_cpp.dir/rosidl_typesupport_introspection_cpp/formation_msgs/msg/detail/user_command__type_support.cpp.o\x1b[0m\n'}
[4.113944] (-) TimerEvent: {}
[4.150802] (formation_msgs) StdoutLine: {'line': b'[ 50%] \x1b[32mBuilding CXX object CMakeFiles/formation_msgs__rosidl_typesupport_c.dir/rosidl_typesupport_c/formation_msgs/msg/user_command__type_support.cpp.o\x1b[0m\n'}
[4.214093] (-) TimerEvent: {}
[4.216766] (formation_msgs) StdoutLine: {'line': b'[ 51%] \x1b[32mBuilding CXX object CMakeFiles/formation_msgs__rosidl_typesupport_c.dir/rosidl_typesupport_c/formation_msgs/msg/drone_setpoint__type_support.cpp.o\x1b[0m\n'}
[4.277994] (formation_msgs) StdoutLine: {'line': b'[ 52%] \x1b[32m\x1b[1mLinking CXX shared library libformation_msgs__rosidl_typesupport_c.so\x1b[0m\n'}
[4.314232] (-) TimerEvent: {}
[4.381274] (formation_msgs) StdoutLine: {'line': b'[ 52%] Built target formation_msgs__rosidl_typesupport_c\n'}
[4.406611] (formation_msgs) StdoutLine: {'line': b'[ 52%] \x1b[32mBuilding CXX object CMakeFiles/formation_msgs__rosidl_typesupport_fastrtps_cpp.dir/rosidl_typesupport_fastrtps_cpp/formation_msgs/msg/detail/dds_fastrtps/drone_state__type_support.cpp.o\x1b[0m\n'}
[4.410950] (formation_msgs) StdoutLine: {'line': b'\x1b[35m\x1b[1mConsolidate compiler generated dependencies of target formation_msgs__rosidl_typesupport_introspection_c\x1b[0m\n'}
[4.414369] (-) TimerEvent: {}
[4.443806] (formation_msgs) StdoutLine: {'line': b'[ 52%] \x1b[32mBuilding C object CMakeFiles/formation_msgs__rosidl_typesupport_introspection_c.dir/rosidl_typesupport_introspection_c/formation_msgs/msg/detail/drawn_shape__type_support.c.o\x1b[0m\n'}
[4.514507] (-) TimerEvent: {}
[4.523295] (formation_msgs) StdoutLine: {'line': b'[ 53%] \x1b[32mBuilding C object CMakeFiles/formation_msgs__rosidl_typesupport_introspection_c.dir/rosidl_typesupport_introspection_c/formation_msgs/msg/detail/formation_goal__type_support.c.o\x1b[0m\n'}
[4.549206] (formation_msgs) StdoutLine: {'line': b'\x1b[35m\x1b[1mConsolidate compiler generated dependencies of target formation_msgs__rosidl_typesupport_fastrtps_c\x1b[0m\n'}
[4.606950] (formation_msgs) StdoutLine: {'line': b'[ 53%] \x1b[32mBuilding CXX object CMakeFiles/formation_msgs__rosidl_typesupport_fastrtps_c.dir/rosidl_typesupport_fastrtps_c/formation_msgs/msg/detail/drawn_shape__type_support_c.cpp.o\x1b[0m\n'}
[4.614673] (-) TimerEvent: {}
[4.648074] (formation_msgs) StdoutLine: {'line': b'[ 54%] \x1b[32mBuilding C object CMakeFiles/formation_msgs__rosidl_typesupport_introspection_c.dir/rosidl_typesupport_introspection_c/formation_msgs/msg/detail/drone_path__type_support.c.o\x1b[0m\n'}
[4.686416] (formation_msgs) StdoutLine: {'line': b'[ 55%] \x1b[32mBuilding CXX object CMakeFiles/formation_msgs__rosidl_typesupport_fastrtps_c.dir/rosidl_typesupport_fastrtps_c/formation_msgs/msg/detail/formation_goal__type_support_c.cpp.o\x1b[0m\n'}
[4.707848] (formation_msgs) StdoutLine: {'line': b'[ 56%] \x1b[32mBuilding CXX object CMakeFiles/formation_msgs__rosidl_typesupport_fastrtps_c.dir/rosidl_typesupport_fastrtps_c/formation_msgs/msg/detail/drone_path__type_support_c.cpp.o\x1b[0m\n'}
[4.716977] (-) TimerEvent: {}
[4.717452] (formation_msgs) StdoutLine: {'line': b'[ 57%] \x1b[32mBuilding CXX object CMakeFiles/formation_msgs__rosidl_typesupport_fastrtps_cpp.dir/rosidl_typesupport_fastrtps_cpp/formation_msgs/msg/detail/dds_fastrtps/refinement_cmd__type_support.cpp.o\x1b[0m\n'}
[4.724728] (formation_msgs) StdoutLine: {'line': b'[ 58%] \x1b[32mBuilding CXX object CMakeFiles/formation_msgs__rosidl_typesupport_introspection_cpp.dir/rosidl_typesupport_introspection_cpp/formation_msgs/msg/detail/drone_setpoint__type_support.cpp.o\x1b[0m\n'}
[4.741258] (formation_msgs) StdoutLine: {'line': b'[ 59%] \x1b[32mBuilding CXX object CMakeFiles/formation_msgs__rosidl_typesupport_fastrtps_cpp.dir/rosidl_typesupport_fastrtps_cpp/formation_msgs/msg/detail/dds_fastrtps/refinement_candidate__type_support.cpp.o\x1b[0m\n'}
[4.747275] (formation_msgs) StdoutLine: {'line': b'[ 60%] \x1b[32mBuilding C object CMakeFiles/formation_msgs__rosidl_typesupport_introspection_c.dir/rosidl_typesupport_introspection_c/formation_msgs/msg/detail/drone_state__type_support.c.o\x1b[0m\n'}
[4.768951] (formation_msgs) StdoutLine: {'line': b'[ 61%] \x1b[32mBuilding C object CMakeFiles/formation_msgs__rosidl_typesupport_introspection_c.dir/rosidl_typesupport_introspection_c/formation_msgs/msg/detail/refinement_cmd__type_support.c.o\x1b[0m\n'}
[4.803729] (formation_msgs) StdoutLine: {'line': b'[ 62%] \x1b[32mBuilding CXX object CMakeFiles/formation_msgs__rosidl_typesupport_fastrtps_c.dir/rosidl_typesupport_fastrtps_c/formation_msgs/msg/detail/drone_state__type_support_c.cpp.o\x1b[0m\n'}
[4.817112] (-) TimerEvent: {}
[4.823020] (formation_msgs) StdoutLine: {'line': b'[ 63%] \x1b[32mBuilding C object CMakeFiles/formation_msgs__rosidl_typesupport_introspection_c.dir/rosidl_typesupport_introspection_c/formation_msgs/msg/detail/refinement_candidate__type_support.c.o\x1b[0m\n'}
[4.826963] (formation_msgs) StdoutLine: {'line': b'[ 64%] \x1b[32mBuilding CXX object CMakeFiles/formation_msgs__rosidl_typesupport_fastrtps_cpp.dir/rosidl_typesupport_fastrtps_cpp/formation_msgs/msg/detail/dds_fastrtps/generated_transform__type_support.cpp.o\x1b[0m\n'}
[4.841663] (formation_msgs) StdoutLine: {'line': b'[ 65%] \x1b[32mBuilding C object CMakeFiles/formation_msgs__rosidl_typesupport_introspection_c.dir/rosidl_typesupport_introspection_c/formation_msgs/msg/detail/generated_transform__type_support.c.o\x1b[0m\n'}
[4.852598] (formation_msgs) StdoutLine: {'line': b'[ 66%] \x1b[32mBuilding C object CMakeFiles/formation_msgs__rosidl_typesupport_introspection_c.dir/rosidl_typesupport_introspection_c/formation_msgs/msg/detail/plan_status__type_support.c.o\x1b[0m\n'}
[4.868926] (formation_msgs) StdoutLine: {'line': b'[ 67%] \x1b[32mBuilding CXX object CMakeFiles/formation_msgs__rosidl_typesupport_fastrtps_cpp.dir/rosidl_typesupport_fastrtps_cpp/formation_msgs/msg/detail/dds_fastrtps/plan_status__type_support.cpp.o\x1b[0m\n'}
[4.899935] (formation_msgs) StdoutLine: {'line': b'[ 68%] \x1b[32mBuilding CXX object CMakeFiles/formation_msgs__rosidl_typesupport_fastrtps_cpp.dir/rosidl_typesupport_fastrtps_cpp/formation_msgs/msg/detail/dds_fastrtps/system_state__type_support.cpp.o\x1b[0m\n'}
[4.908726] (formation_msgs) StdoutLine: {'line': b'[ 69%] \x1b[32mBuilding CXX object CMakeFiles/formation_msgs__rosidl_typesupport_fastrtps_c.dir/rosidl_typesupport_fastrtps_c/formation_msgs/msg/detail/refinement_cmd__type_support_c.cpp.o\x1b[0m\n'}
[4.914361] (formation_msgs) StdoutLine: {'line': b'[ 70%] \x1b[32mBuilding C object CMakeFiles/formation_msgs__rosidl_typesupport_introspection_c.dir/rosidl_typesupport_introspection_c/formation_msgs/msg/detail/system_state__type_support.c.o\x1b[0m\n'}
[4.917206] (-) TimerEvent: {}
[4.944932] (formation_msgs) StdoutLine: {'line': b'[ 71%] \x1b[32mBuilding CXX object CMakeFiles/formation_msgs__rosidl_typesupport_fastrtps_c.dir/rosidl_typesupport_fastrtps_c/formation_msgs/msg/detail/refinement_candidate__type_support_c.cpp.o\x1b[0m\n'}
[4.976121] (formation_msgs) StdoutLine: {'line': b'[ 71%] \x1b[32mBuilding C object CMakeFiles/formation_msgs__rosidl_typesupport_introspection_c.dir/rosidl_typesupport_introspection_c/formation_msgs/msg/detail/user_command__type_support.c.o\x1b[0m\n'}
[4.976486] (formation_msgs) StdoutLine: {'line': b'[ 72%] \x1b[32mBuilding CXX object CMakeFiles/formation_msgs__rosidl_typesupport_fastrtps_c.dir/rosidl_typesupport_fastrtps_c/formation_msgs/msg/detail/generated_transform__type_support_c.cpp.o\x1b[0m\n'}
[5.017335] (-) TimerEvent: {}
[5.035335] (formation_msgs) StdoutLine: {'line': b'[ 73%] \x1b[32mBuilding CXX object CMakeFiles/formation_msgs__rosidl_typesupport_fastrtps_c.dir/rosidl_typesupport_fastrtps_c/formation_msgs/msg/detail/plan_status__type_support_c.cpp.o\x1b[0m\n'}
[5.054517] (formation_msgs) StdoutLine: {'line': b'[ 74%] \x1b[32mBuilding C object CMakeFiles/formation_msgs__rosidl_typesupport_introspection_c.dir/rosidl_typesupport_introspection_c/formation_msgs/msg/detail/drone_setpoint__type_support.c.o\x1b[0m\n'}
[5.117477] (-) TimerEvent: {}
[5.119913] (formation_msgs) StdoutLine: {'line': b'[ 75%] \x1b[32mBuilding CXX object CMakeFiles/formation_msgs__rosidl_typesupport_fastrtps_c.dir/rosidl_typesupport_fastrtps_c/formation_msgs/msg/detail/system_state__type_support_c.cpp.o\x1b[0m\n'}
[5.126297] (formation_msgs) StdoutLine: {'line': b'[ 76%] \x1b[32m\x1b[1mLinking C shared library libformation_msgs__rosidl_typesupport_introspection_c.so\x1b[0m\n'}
[5.215039] (formation_msgs) StdoutLine: {'line': b'[ 76%] Built target formation_msgs__rosidl_typesupport_introspection_c\n'}
[5.217581] (-) TimerEvent: {}
[5.232056] (formation_msgs) StdoutLine: {'line': b'[ 76%] \x1b[32mBuilding CXX object CMakeFiles/formation_msgs__rosidl_typesupport_fastrtps_c.dir/rosidl_typesupport_fastrtps_c/formation_msgs/msg/detail/user_command__type_support_c.cpp.o\x1b[0m\n'}
[5.286576] (formation_msgs) StdoutLine: {'line': b'[ 77%] \x1b[32mBuilding CXX object CMakeFiles/formation_msgs__rosidl_typesupport_fastrtps_c.dir/rosidl_typesupport_fastrtps_c/formation_msgs/msg/detail/drone_setpoint__type_support_c.cpp.o\x1b[0m\n'}
[5.317732] (-) TimerEvent: {}
[5.337356] (formation_msgs) StdoutLine: {'line': b'[ 78%] \x1b[32mBuilding CXX object CMakeFiles/formation_msgs__rosidl_typesupport_fastrtps_cpp.dir/rosidl_typesupport_fastrtps_cpp/formation_msgs/msg/detail/dds_fastrtps/user_command__type_support.cpp.o\x1b[0m\n'}
[5.374946] (formation_msgs) StdoutLine: {'line': b'[ 79%] \x1b[32mBuilding CXX object CMakeFiles/formation_msgs__rosidl_typesupport_fastrtps_cpp.dir/rosidl_typesupport_fastrtps_cpp/formation_msgs/msg/detail/dds_fastrtps/drone_setpoint__type_support.cpp.o\x1b[0m\n'}
[5.417880] (-) TimerEvent: {}
[5.518315] (-) TimerEvent: {}
[5.536784] (formation_msgs) StdoutLine: {'line': b'[ 80%] \x1b[32m\x1b[1mLinking CXX shared library libformation_msgs__rosidl_typesupport_introspection_cpp.so\x1b[0m\n'}
[5.618438] (-) TimerEvent: {}
[5.658651] (formation_msgs) StdoutLine: {'line': b'[ 80%] Built target formation_msgs__rosidl_typesupport_introspection_cpp\n'}
[5.718575] (-) TimerEvent: {}
[5.771892] (formation_msgs) StdoutLine: {'line': b'[ 81%] \x1b[32m\x1b[1mLinking CXX shared library libformation_msgs__rosidl_typesupport_fastrtps_c.so\x1b[0m\n'}
[5.818708] (-) TimerEvent: {}
[5.868573] (formation_msgs) StdoutLine: {'line': b'[ 81%] Built target formation_msgs__rosidl_typesupport_fastrtps_c\n'}
[5.884777] (formation_msgs) StdoutLine: {'line': b'[ 82%] \x1b[32m\x1b[1mLinking CXX shared library libformation_msgs__rosidl_typesupport_fastrtps_cpp.so\x1b[0m\n'}
[5.918832] (-) TimerEvent: {}
[5.989807] (formation_msgs) StdoutLine: {'line': b'[ 82%] Built target formation_msgs__rosidl_typesupport_fastrtps_cpp\n'}
[6.016700] (formation_msgs) StdoutLine: {'line': b'[ 82%] Built target formation_msgs\n'}
[6.018913] (-) TimerEvent: {}
[6.046017] (formation_msgs) StdoutLine: {'line': b'[ 83%] \x1b[34m\x1b[1mGenerating Python code for ROS interfaces\x1b[0m\n'}
[6.119030] (-) TimerEvent: {}
[6.219320] (-) TimerEvent: {}
[6.319586] (-) TimerEvent: {}
[6.419850] (-) TimerEvent: {}
[6.520121] (-) TimerEvent: {}
[6.620367] (-) TimerEvent: {}
[6.720658] (-) TimerEvent: {}
[6.820955] (-) TimerEvent: {}
[6.921253] (-) TimerEvent: {}
[7.021559] (-) TimerEvent: {}
[7.122106] (-) TimerEvent: {}
[7.222372] (-) TimerEvent: {}
[7.322650] (-) TimerEvent: {}
[7.422916] (-) TimerEvent: {}
[7.518696] (formation_msgs) StdoutLine: {'line': b'[ 83%] Built target formation_msgs__py\n'}
[7.523002] (-) TimerEvent: {}
[7.537524] (formation_msgs) StdoutLine: {'line': b'\x1b[35m\x1b[1mConsolidate compiler generated dependencies of target formation_msgs__rosidl_generator_py\x1b[0m\n'}
[7.566441] (formation_msgs) StdoutLine: {'line': b'[ 86%] \x1b[32mBuilding C object CMakeFiles/formation_msgs__rosidl_generator_py.dir/rosidl_generator_py/formation_msgs/msg/_drone_path_s.c.o\x1b[0m\n'}
[7.566773] (formation_msgs) StdoutLine: {'line': b'[ 86%] \x1b[32mBuilding C object CMakeFiles/formation_msgs__rosidl_generator_py.dir/rosidl_generator_py/formation_msgs/msg/_refinement_candidate_s.c.o\x1b[0m\n'}
[7.566894] (formation_msgs) StdoutLine: {'line': b'[ 86%] \x1b[32mBuilding C object CMakeFiles/formation_msgs__rosidl_generator_py.dir/rosidl_generator_py/formation_msgs/msg/_drawn_shape_s.c.o\x1b[0m\n'}
[7.567065] (formation_msgs) StdoutLine: {'line': b'[ 87%] \x1b[32mBuilding C object CMakeFiles/formation_msgs__rosidl_generator_py.dir/rosidl_generator_py/formation_msgs/msg/_generated_transform_s.c.o\x1b[0m\n'}
[7.567174] (formation_msgs) StdoutLine: {'line': b'[ 88%] \x1b[32mBuilding C object CMakeFiles/formation_msgs__rosidl_generator_py.dir/rosidl_generator_py/formation_msgs/msg/_formation_goal_s.c.o\x1b[0m\n'}
[7.567618] (formation_msgs) StdoutLine: {'line': b'[ 88%] \x1b[32mBuilding C object CMakeFiles/formation_msgs__rosidl_generator_py.dir/rosidl_generator_py/formation_msgs/msg/_drone_state_s.c.o\x1b[0m\n'}
[7.567807] (formation_msgs) StdoutLine: {'line': b'[ 89%] \x1b[32mBuilding C object CMakeFiles/formation_msgs__rosidl_generator_py.dir/rosidl_generator_py/formation_msgs/msg/_refinement_cmd_s.c.o\x1b[0m\n'}
[7.568548] (formation_msgs) StdoutLine: {'line': b'[ 90%] \x1b[32mBuilding C object CMakeFiles/formation_msgs__rosidl_generator_py.dir/rosidl_generator_py/formation_msgs/msg/_user_command_s.c.o\x1b[0m\n'}
[7.569866] (formation_msgs) StdoutLine: {'line': b'[ 91%] \x1b[32mBuilding C object CMakeFiles/formation_msgs__rosidl_generator_py.dir/rosidl_generator_py/formation_msgs/msg/_plan_status_s.c.o\x1b[0m\n'}
[7.570431] (formation_msgs) StdoutLine: {'line': b'[ 92%] \x1b[32mBuilding C object CMakeFiles/formation_msgs__rosidl_generator_py.dir/rosidl_generator_py/formation_msgs/msg/_system_state_s.c.o\x1b[0m\n'}
[7.571387] (formation_msgs) StdoutLine: {'line': b'[ 93%] \x1b[32mBuilding C object CMakeFiles/formation_msgs__rosidl_generator_py.dir/rosidl_generator_py/formation_msgs/msg/_drone_setpoint_s.c.o\x1b[0m\n'}
[7.623141] (-) TimerEvent: {}
[7.723576] (-) TimerEvent: {}
[7.738796] (formation_msgs) StdoutLine: {'line': b'[ 94%] \x1b[32m\x1b[1mLinking C shared library rosidl_generator_py/formation_msgs/libformation_msgs__rosidl_generator_py.so\x1b[0m\n'}
[7.801850] (formation_msgs) StdoutLine: {'line': b'[ 94%] Built target formation_msgs__rosidl_generator_py\n'}
[7.815748] (formation_msgs) StdoutLine: {'line': b'\x1b[35m\x1b[1mConsolidate compiler generated dependencies of target formation_msgs__rosidl_typesupport_fastrtps_c__pyext\x1b[0m\n'}
[7.816034] (formation_msgs) StdoutLine: {'line': b'\x1b[35m\x1b[1mConsolidate compiler generated dependencies of target formation_msgs__rosidl_typesupport_c__pyext\x1b[0m\n'}
[7.816140] (formation_msgs) StdoutLine: {'line': b'\x1b[35m\x1b[1mConsolidate compiler generated dependencies of target formation_msgs__rosidl_typesupport_introspection_c__pyext\x1b[0m\n'}
[7.823654] (-) TimerEvent: {}
[7.832847] (formation_msgs) StdoutLine: {'line': b'[ 96%] \x1b[32mBuilding C object CMakeFiles/formation_msgs__rosidl_typesupport_fastrtps_c__pyext.dir/rosidl_generator_py/formation_msgs/_formation_msgs_s.ep.rosidl_typesupport_fastrtps_c.c.o\x1b[0m\n'}
[7.833168] (formation_msgs) StdoutLine: {'line': b'[ 96%] \x1b[32mBuilding C object CMakeFiles/formation_msgs__rosidl_typesupport_c__pyext.dir/rosidl_generator_py/formation_msgs/_formation_msgs_s.ep.rosidl_typesupport_c.c.o\x1b[0m\n'}
[7.833320] (formation_msgs) StdoutLine: {'line': b'[ 97%] \x1b[32mBuilding C object CMakeFiles/formation_msgs__rosidl_typesupport_introspection_c__pyext.dir/rosidl_generator_py/formation_msgs/_formation_msgs_s.ep.rosidl_typesupport_introspection_c.c.o\x1b[0m\n'}
[7.923786] (-) TimerEvent: {}
[8.024140] (-) TimerEvent: {}
[8.037965] (formation_msgs) StdoutLine: {'line': b'[ 99%] \x1b[32m\x1b[1mLinking C shared library rosidl_generator_py/formation_msgs/formation_msgs_s__rosidl_typesupport_c.cpython-310-x86_64-linux-gnu.so\x1b[0m\n'}
[8.038244] (formation_msgs) StdoutLine: {'line': b'[ 99%] \x1b[32m\x1b[1mLinking C shared library rosidl_generator_py/formation_msgs/formation_msgs_s__rosidl_typesupport_fastrtps_c.cpython-310-x86_64-linux-gnu.so\x1b[0m\n'}
[8.038343] (formation_msgs) StdoutLine: {'line': b'[100%] \x1b[32m\x1b[1mLinking C shared library rosidl_generator_py/formation_msgs/formation_msgs_s__rosidl_typesupport_introspection_c.cpython-310-x86_64-linux-gnu.so\x1b[0m\n'}
[8.091744] (formation_msgs) StdoutLine: {'line': b'[100%] Built target formation_msgs__rosidl_typesupport_fastrtps_c__pyext\n'}
[8.092042] (formation_msgs) StdoutLine: {'line': b'[100%] Built target formation_msgs__rosidl_typesupport_introspection_c__pyext\n'}
[8.092139] (formation_msgs) StdoutLine: {'line': b'[100%] Built target formation_msgs__rosidl_typesupport_c__pyext\n'}
[8.111865] (formation_msgs) CommandEnded: {'returncode': 0}
[8.113029] (formation_msgs) JobProgress: {'identifier': 'formation_msgs', 'progress': 'install'}
[8.114002] (formation_msgs) Command: {'cmd': ['/usr/bin/cmake', '--install', '/home/tiffany/fyp_ws/build/formation_msgs'], 'cwd': '/home/tiffany/fyp_ws/build/formation_msgs', 'env': OrderedDict([('LESSOPEN', '| /usr/bin/lesspipe %s'), ('USER', 'tiffany'), ('LC_TIME', 'id_ID.UTF-8'), ('XDG_SESSION_TYPE', 'wayland'), ('SHLVL', '1'), ('LD_LIBRARY_PATH', '/opt/ros/humble/opt/rviz_ogre_vendor/lib:/opt/ros/humble/lib/x86_64-linux-gnu:/opt/ros/humble/lib'), ('HOME', '/home/tiffany'), ('OLDPWD', '/home/tiffany'), ('DESKTOP_SESSION', 'ubuntu'), ('ROS_PYTHON_VERSION', '3'), ('GNOME_SHELL_SESSION_MODE', 'ubuntu'), ('GTK_MODULES', 'gail:atk-bridge'), ('LC_MONETARY', 'id_ID.UTF-8'), ('SYSTEMD_EXEC_PID', '1820'), ('DBUS_SESSION_BUS_ADDRESS', 'unix:path=/run/user/1000/bus'), ('COLORTERM', 'truecolor'), ('IM_CONFIG_PHASE', '1'), ('WAYLAND_DISPLAY', 'wayland-0'), ('ROS_DISTRO', 'humble'), ('LOGNAME', 'tiffany'), ('_', '/usr/bin/colcon'), ('ROS_VERSION', '2'), ('XDG_SESSION_CLASS', 'user'), ('USERNAME', 'tiffany'), ('TERM', 'xterm-256color'), ('GNOME_DESKTOP_SESSION_ID', 'this-is-deprecated'), ('ROS_LOCALHOST_ONLY', '0'), ('PATH', '/opt/ros/humble/bin:/home/tiffany/.local/bin:/usr/local/sbin:/usr/local/bin:/usr/sbin:/usr/bin:/sbin:/bin:/usr/games:/usr/local/games:/snap/bin:/snap/bin'), ('SESSION_MANAGER', 'local/tiffany-HP:@/tmp/.ICE-unix/1603,unix/tiffany-HP:/tmp/.ICE-unix/1603'), ('XDG_MENU_PREFIX', 'gnome-'), ('LC_ADDRESS', 'id_ID.UTF-8'), ('GNOME_TERMINAL_SCREEN', '/org/gnome/Terminal/screen/a3934f5b_2fd0_4edb_b64a_4b32a7adb2fa'), ('GNOME_SETUP_DISPLAY', ':1'), ('XDG_RUNTIME_DIR', '/run/user/1000'), ('DISPLAY', ':0'), ('LANG', 'en_US.UTF-8'), ('XDG_CURRENT_DESKTOP', 'ubuntu:GNOME'), ('LC_TELEPHONE', 'id_ID.UTF-8'), ('XMODIFIERS', '@im=ibus'), ('XDG_SESSION_DESKTOP', 'ubuntu'), ('XAUTHORITY', '/run/user/1000/.mutter-Xwaylandauth.E2BUV3'), ('LS_COLORS', 'rs=0:di=01;34:ln=01;36:mh=00:pi=40;33:so=01;35:do=01;35:bd=40;33;01:cd=40;33;01:or=40;31;01:mi=00:su=37;41:sg=30;43:ca=30;41:tw=30;42:ow=34;42:st=37;44:ex=01;32:*.tar=01;31:*.tgz=01;31:*.arc=01;31:*.arj=01;31:*.taz=01;31:*.lha=01;31:*.lz4=01;31:*.lzh=01;31:*.lzma=01;31:*.tlz=01;31:*.txz=01;31:*.tzo=01;31:*.t7z=01;31:*.zip=01;31:*.z=01;31:*.dz=01;31:*.gz=01;31:*.lrz=01;31:*.lz=01;31:*.lzo=01;31:*.xz=01;31:*.zst=01;31:*.tzst=01;31:*.bz2=01;31:*.bz=01;31:*.tbz=01;31:*.tbz2=01;31:*.tz=01;31:*.deb=01;31:*.rpm=01;31:*.jar=01;31:*.war=01;31:*.ear=01;31:*.sar=01;31:*.rar=01;31:*.alz=01;31:*.ace=01;31:*.zoo=01;31:*.cpio=01;31:*.7z=01;31:*.rz=01;31:*.cab=01;31:*.wim=01;31:*.swm=01;31:*.dwm=01;31:*.esd=01;31:*.jpg=01;35:*.jpeg=01;35:*.mjpg=01;35:*.mjpeg=01;35:*.gif=01;35:*.bmp=01;35:*.pbm=01;35:*.pgm=01;35:*.ppm=01;35:*.tga=01;35:*.xbm=01;35:*.xpm=01;35:*.tif=01;35:*.tiff=01;35:*.png=01;35:*.svg=01;35:*.svgz=01;35:*.mng=01;35:*.pcx=01;35:*.mov=01;35:*.mpg=01;35:*.mpeg=01;35:*.m2v=01;35:*.mkv=01;35:*.webm=01;35:*.webp=01;35:*.ogm=01;35:*.mp4=01;35:*.m4v=01;35:*.mp4v=01;35:*.vob=01;35:*.qt=01;35:*.nuv=01;35:*.wmv=01;35:*.asf=01;35:*.rm=01;35:*.rmvb=01;35:*.flc=01;35:*.avi=01;35:*.fli=01;35:*.flv=01;35:*.gl=01;35:*.dl=01;35:*.xcf=01;35:*.xwd=01;35:*.yuv=01;35:*.cgm=01;35:*.emf=01;35:*.ogv=01;35:*.ogx=01;35:*.aac=00;36:*.au=00;36:*.flac=00;36:*.m4a=00;36:*.mid=00;36:*.midi=00;36:*.mka=00;36:*.mp3=00;36:*.mpc=00;36:*.ogg=00;36:*.ra=00;36:*.wav=00;36:*.oga=00;36:*.opus=00;36:*.spx=00;36:*.xspf=00;36:'), ('GNOME_TERMINAL_SERVICE', ':1.103'), ('SSH_AGENT_LAUNCHER', 'gnome-keyring'), ('SSH_AUTH_SOCK', '/run/user/1000/keyring/ssh'), ('AMENT_PREFIX_PATH', '/opt/ros/humble'), ('SHELL', '/bin/bash'), ('LC_NAME', 'id_ID.UTF-8'), ('QT_ACCESSIBILITY', '1'), ('GDMSESSION', 'ubuntu'), ('LESSCLOSE', '/usr/bin/lesspipe %s %s'), ('IGN_GAZEBO_RESOURCE_PATH', ':/home/tiffany/fyp_ws/src/formation_gazebo/models'), ('LC_MEASUREMENT', 'id_ID.UTF-8'), ('LC_IDENTIFICATION', 'id_ID.UTF-8'), ('QT_IM_MODULE', 'ibus'), ('PWD', '/home/tiffany/fyp_ws/build/formation_msgs'), ('LC_ALL', 'en_US.UTF-8'), ('XDG_CONFIG_DIRS', '/etc/xdg/xdg-ubuntu:/etc/xdg'), ('XDG_DATA_DIRS', '/usr/share/ubuntu:/usr/local/share/:/usr/share/:/var/lib/snapd/desktop'), ('PYTHONPATH', '/opt/ros/humble/lib/python3.10/site-packages:/opt/ros/humble/local/lib/python3.10/dist-packages'), ('LC_NUMERIC', 'id_ID.UTF-8'), ('LC_PAPER', 'id_ID.UTF-8'), ('COLCON', '1'), ('VTE_VERSION', '6800'), ('CMAKE_PREFIX_PATH', '/opt/ros/humble')]), 'shell': False}
[8.124195] (formation_msgs) StdoutLine: {'line': b'-- Install configuration: ""\n'}
[8.124378] (-) TimerEvent: {}
[8.124539] (formation_msgs) StdoutLine: {'line': b'-- Installing: /home/tiffany/fyp_ws/install/formation_msgs/share/ament_index/resource_index/rosidl_interfaces/formation_msgs\n'}
[8.125095] (formation_msgs) StdoutLine: {'line': b'-- Up-to-date: /home/tiffany/fyp_ws/install/formation_msgs/include/formation_msgs/formation_msgs\n'}
[8.125307] (formation_msgs) StdoutLine: {'line': b'-- Up-to-date: /home/tiffany/fyp_ws/install/formation_msgs/include/formation_msgs/formation_msgs/msg\n'}
[8.125486] (formation_msgs) StdoutLine: {'line': b'-- Installing: /home/tiffany/fyp_ws/install/formation_msgs/include/formation_msgs/formation_msgs/msg/generated_transform.h\n'}
[8.125775] (formation_msgs) StdoutLine: {'line': b'-- Installing: /home/tiffany/fyp_ws/install/formation_msgs/include/formation_msgs/formation_msgs/msg/system_state.h\n'}
[8.126054] (formation_msgs) StdoutLine: {'line': b'-- Installing: /home/tiffany/fyp_ws/install/formation_msgs/include/formation_msgs/formation_msgs/msg/drawn_shape.h\n'}
[8.126224] (formation_msgs) StdoutLine: {'line': b'-- Installing: /home/tiffany/fyp_ws/install/formation_msgs/include/formation_msgs/formation_msgs/msg/drone_path.h\n'}
[8.126469] (formation_msgs) StdoutLine: {'line': b'-- Installing: /home/tiffany/fyp_ws/install/formation_msgs/include/formation_msgs/formation_msgs/msg/drone_setpoint.h\n'}
[8.126639] (formation_msgs) StdoutLine: {'line': b'-- Installing: /home/tiffany/fyp_ws/install/formation_msgs/include/formation_msgs/formation_msgs/msg/formation_goal.h\n'}
[8.126891] (formation_msgs) StdoutLine: {'line': b'-- Installing: /home/tiffany/fyp_ws/install/formation_msgs/include/formation_msgs/formation_msgs/msg/plan_status.h\n'}
[8.127098] (formation_msgs) StdoutLine: {'line': b'-- Up-to-date: /home/tiffany/fyp_ws/install/formation_msgs/include/formation_msgs/formation_msgs/msg/rosidl_generator_c__visibility_control.h\n'}
[8.127212] (formation_msgs) StdoutLine: {'line': b'-- Up-to-date: /home/tiffany/fyp_ws/install/formation_msgs/include/formation_msgs/formation_msgs/msg/detail\n'}
[8.127538] (formation_msgs) StdoutLine: {'line': b'-- Installing: /home/tiffany/fyp_ws/install/formation_msgs/include/formation_msgs/formation_msgs/msg/detail/drone_setpoint__functions.h\n'}
[8.127844] (formation_msgs) StdoutLine: {'line': b'-- Installing: /home/tiffany/fyp_ws/install/formation_msgs/include/formation_msgs/formation_msgs/msg/detail/generated_transform__functions.h\n'}
[8.128126] (formation_msgs) StdoutLine: {'line': b'-- Installing: /home/tiffany/fyp_ws/install/formation_msgs/include/formation_msgs/formation_msgs/msg/detail/plan_status__type_support.h\n'}
[8.128341] (formation_msgs) StdoutLine: {'line': b'-- Installing: /home/tiffany/fyp_ws/install/formation_msgs/include/formation_msgs/formation_msgs/msg/detail/drone_state__functions.c\n'}
[8.128541] (formation_msgs) StdoutLine: {'line': b'-- Installing: /home/tiffany/fyp_ws/install/formation_msgs/include/formation_msgs/formation_msgs/msg/detail/drone_setpoint__type_support.h\n'}
[8.128806] (formation_msgs) StdoutLine: {'line': b'-- Installing: /home/tiffany/fyp_ws/install/formation_msgs/include/formation_msgs/formation_msgs/msg/detail/plan_status__functions.c\n'}
[8.129095] (formation_msgs) StdoutLine: {'line': b'-- Installing: /home/tiffany/fyp_ws/install/formation_msgs/include/formation_msgs/formation_msgs/msg/detail/refinement_cmd__struct.h\n'}
[8.129323] (formation_msgs) StdoutLine: {'line': b'-- Installing: /home/tiffany/fyp_ws/install/formation_msgs/include/formation_msgs/formation_msgs/msg/detail/drone_path__type_support.h\n'}
[8.129621] (formation_msgs) StdoutLine: {'line': b'-- Installing: /home/tiffany/fyp_ws/install/formation_msgs/include/formation_msgs/formation_msgs/msg/detail/drone_path__functions.h\n'}
[8.129926] (formation_msgs) StdoutLine: {'line': b'-- Installing: /home/tiffany/fyp_ws/install/formation_msgs/include/formation_msgs/formation_msgs/msg/detail/refinement_candidate__struct.h\n'}
[8.130106] (formation_msgs) StdoutLine: {'line': b'-- Installing: /home/tiffany/fyp_ws/install/formation_msgs/include/formation_msgs/formation_msgs/msg/detail/generated_transform__struct.h\n'}
[8.130348] (formation_msgs) StdoutLine: {'line': b'-- Installing: /home/tiffany/fyp_ws/install/formation_msgs/include/formation_msgs/formation_msgs/msg/detail/user_command__struct.h\n'}
[8.130577] (formation_msgs) StdoutLine: {'line': b'-- Installing: /home/tiffany/fyp_ws/install/formation_msgs/include/formation_msgs/formation_msgs/msg/detail/drawn_shape__struct.h\n'}
[8.130780] (formation_msgs) StdoutLine: {'line': b'-- Installing: /home/tiffany/fyp_ws/install/formation_msgs/include/formation_msgs/formation_msgs/msg/detail/system_state__struct.h\n'}
[8.131054] (formation_msgs) StdoutLine: {'line': b'-- Installing: /home/tiffany/fyp_ws/install/formation_msgs/include/formation_msgs/formation_msgs/msg/detail/drawn_shape__functions.h\n'}
[8.131281] (formation_msgs) StdoutLine: {'line': b'-- Installing: /home/tiffany/fyp_ws/install/formation_msgs/include/formation_msgs/formation_msgs/msg/detail/drone_path__functions.c\n'}
[8.131515] (formation_msgs) StdoutLine: {'line': b'-- Installing: /home/tiffany/fyp_ws/install/formation_msgs/include/formation_msgs/formation_msgs/msg/detail/formation_goal__struct.h\n'}
[8.132022] (formation_msgs) StdoutLine: {'line': b'-- Installing: /home/tiffany/fyp_ws/install/formation_msgs/include/formation_msgs/formation_msgs/msg/detail/drawn_shape__functions.c\n'}
[8.132315] (formation_msgs) StdoutLine: {'line': b'-- Installing: /home/tiffany/fyp_ws/install/formation_msgs/include/formation_msgs/formation_msgs/msg/detail/drone_state__type_support.h\n'}
[8.132515] (formation_msgs) StdoutLine: {'line': b'-- Installing: /home/tiffany/fyp_ws/install/formation_msgs/include/formation_msgs/formation_msgs/msg/detail/drone_state__functions.h\n'}
[8.132761] (formation_msgs) StdoutLine: {'line': b'-- Installing: /home/tiffany/fyp_ws/install/formation_msgs/include/formation_msgs/formation_msgs/msg/detail/refinement_candidate__functions.c\n'}
[8.133107] (formation_msgs) StdoutLine: {'line': b'-- Installing: /home/tiffany/fyp_ws/install/formation_msgs/include/formation_msgs/formation_msgs/msg/detail/drone_path__struct.h\n'}
[8.133364] (formation_msgs) StdoutLine: {'line': b'-- Installing: /home/tiffany/fyp_ws/install/formation_msgs/include/formation_msgs/formation_msgs/msg/detail/refinement_cmd__functions.h\n'}
[8.133597] (formation_msgs) StdoutLine: {'line': b'-- Installing: /home/tiffany/fyp_ws/install/formation_msgs/include/formation_msgs/formation_msgs/msg/detail/drone_setpoint__struct.h\n'}
[8.133781] (formation_msgs) StdoutLine: {'line': b'-- Installing: /home/tiffany/fyp_ws/install/formation_msgs/include/formation_msgs/formation_msgs/msg/detail/user_command__type_support.h\n'}
[8.134037] (formation_msgs) StdoutLine: {'line': b'-- Installing: /home/tiffany/fyp_ws/install/formation_msgs/include/formation_msgs/formation_msgs/msg/detail/plan_status__struct.h\n'}
[8.134263] (formation_msgs) StdoutLine: {'line': b'-- Installing: /home/tiffany/fyp_ws/install/formation_msgs/include/formation_msgs/formation_msgs/msg/detail/refinement_candidate__functions.h\n'}
[8.134493] (formation_msgs) StdoutLine: {'line': b'-- Installing: /home/tiffany/fyp_ws/install/formation_msgs/include/formation_msgs/formation_msgs/msg/detail/system_state__functions.h\n'}
[8.134720] (formation_msgs) StdoutLine: {'line': b'-- Installing: /home/tiffany/fyp_ws/install/formation_msgs/include/formation_msgs/formation_msgs/msg/detail/refinement_cmd__functions.c\n'}
[8.134986] (formation_msgs) StdoutLine: {'line': b'-- Installing: /home/tiffany/fyp_ws/install/formation_msgs/include/formation_msgs/formation_msgs/msg/detail/user_command__functions.c\n'}
[8.135222] (formation_msgs) StdoutLine: {'line': b'-- Installing: /home/tiffany/fyp_ws/install/formation_msgs/include/formation_msgs/formation_msgs/msg/detail/refinement_cmd__type_support.h\n'}
[8.135451] (formation_msgs) StdoutLine: {'line': b'-- Installing: /home/tiffany/fyp_ws/install/formation_msgs/include/formation_msgs/formation_msgs/msg/detail/user_command__functions.h\n'}
[8.135680] (formation_msgs) StdoutLine: {'line': b'-- Installing: /home/tiffany/fyp_ws/install/formation_msgs/include/formation_msgs/formation_msgs/msg/detail/drawn_shape__type_support.h\n'}
[8.135894] (formation_msgs) StdoutLine: {'line': b'-- Installing: /home/tiffany/fyp_ws/install/formation_msgs/include/formation_msgs/formation_msgs/msg/detail/drone_setpoint__functions.c\n'}
[8.136137] (formation_msgs) StdoutLine: {'line': b'-- Installing: /home/tiffany/fyp_ws/install/formation_msgs/include/formation_msgs/formation_msgs/msg/detail/formation_goal__functions.h\n'}
[8.136364] (formation_msgs) StdoutLine: {'line': b'-- Installing: /home/tiffany/fyp_ws/install/formation_msgs/include/formation_msgs/formation_msgs/msg/detail/refinement_candidate__type_support.h\n'}
[8.136587] (formation_msgs) StdoutLine: {'line': b'-- Installing: /home/tiffany/fyp_ws/install/formation_msgs/include/formation_msgs/formation_msgs/msg/detail/system_state__functions.c\n'}
[8.136819] (formation_msgs) StdoutLine: {'line': b'-- Installing: /home/tiffany/fyp_ws/install/formation_msgs/include/formation_msgs/formation_msgs/msg/detail/formation_goal__functions.c\n'}
[8.137076] (formation_msgs) StdoutLine: {'line': b'-- Installing: /home/tiffany/fyp_ws/install/formation_msgs/include/formation_msgs/formation_msgs/msg/detail/generated_transform__functions.c\n'}
[8.137319] (formation_msgs) StdoutLine: {'line': b'-- Installing: /home/tiffany/fyp_ws/install/formation_msgs/include/formation_msgs/formation_msgs/msg/detail/formation_goal__type_support.h\n'}
[8.137542] (formation_msgs) StdoutLine: {'line': b'-- Installing: /home/tiffany/fyp_ws/install/formation_msgs/include/formation_msgs/formation_msgs/msg/detail/drone_state__struct.h\n'}
[8.137769] (formation_msgs) StdoutLine: {'line': b'-- Installing: /home/tiffany/fyp_ws/install/formation_msgs/include/formation_msgs/formation_msgs/msg/detail/plan_status__functions.h\n'}
[8.138033] (formation_msgs) StdoutLine: {'line': b'-- Installing: /home/tiffany/fyp_ws/install/formation_msgs/include/formation_msgs/formation_msgs/msg/detail/generated_transform__type_support.h\n'}
[8.138263] (formation_msgs) StdoutLine: {'line': b'-- Installing: /home/tiffany/fyp_ws/install/formation_msgs/include/formation_msgs/formation_msgs/msg/detail/system_state__type_support.h\n'}
[8.138490] (formation_msgs) StdoutLine: {'line': b'-- Installing: /home/tiffany/fyp_ws/install/formation_msgs/include/formation_msgs/formation_msgs/msg/refinement_cmd.h\n'}
[8.138706] (formation_msgs) StdoutLine: {'line': b'-- Installing: /home/tiffany/fyp_ws/install/formation_msgs/include/formation_msgs/formation_msgs/msg/user_command.h\n'}
[8.138930] (formation_msgs) StdoutLine: {'line': b'-- Installing: /home/tiffany/fyp_ws/install/formation_msgs/include/formation_msgs/formation_msgs/msg/drone_state.h\n'}
[8.139171] (formation_msgs) StdoutLine: {'line': b'-- Installing: /home/tiffany/fyp_ws/install/formation_msgs/include/formation_msgs/formation_msgs/msg/refinement_candidate.h\n'}
[8.139461] (formation_msgs) StdoutLine: {'line': b'-- Up-to-date: /home/tiffany/fyp_ws/install/formation_msgs/share/formation_msgs/environment/library_path.sh\n'}
[8.139595] (formation_msgs) StdoutLine: {'line': b'-- Installing: /home/tiffany/fyp_ws/install/formation_msgs/share/formation_msgs/environment/library_path.dsv\n'}
[8.140664] (formation_msgs) StdoutLine: {'line': b'-- Installing: /home/tiffany/fyp_ws/install/formation_msgs/lib/libformation_msgs__rosidl_generator_c.so\n'}
[8.141415] (formation_msgs) StdoutLine: {'line': b'-- Set runtime path of "/home/tiffany/fyp_ws/install/formation_msgs/lib/libformation_msgs__rosidl_generator_c.so" to ""\n'}
[8.141559] (formation_msgs) StdoutLine: {'line': b'-- Up-to-date: /home/tiffany/fyp_ws/install/formation_msgs/include/formation_msgs/formation_msgs\n'}
[8.141680] (formation_msgs) StdoutLine: {'line': b'-- Up-to-date: /home/tiffany/fyp_ws/install/formation_msgs/include/formation_msgs/formation_msgs/msg\n'}
[8.141750] (formation_msgs) StdoutLine: {'line': b'-- Up-to-date: /home/tiffany/fyp_ws/install/formation_msgs/include/formation_msgs/formation_msgs/msg/rosidl_typesupport_fastrtps_c__visibility_control.h\n'}
[8.141817] (formation_msgs) StdoutLine: {'line': b'-- Up-to-date: /home/tiffany/fyp_ws/install/formation_msgs/include/formation_msgs/formation_msgs/msg/detail\n'}
[8.141985] (formation_msgs) StdoutLine: {'line': b'-- Installing: /home/tiffany/fyp_ws/install/formation_msgs/include/formation_msgs/formation_msgs/msg/detail/drone_path__rosidl_typesupport_fastrtps_c.h\n'}
[8.142136] (formation_msgs) StdoutLine: {'line': b'-- Installing: /home/tiffany/fyp_ws/install/formation_msgs/include/formation_msgs/formation_msgs/msg/detail/formation_goal__rosidl_typesupport_fastrtps_c.h\n'}
[8.142350] (formation_msgs) StdoutLine: {'line': b'-- Installing: /home/tiffany/fyp_ws/install/formation_msgs/include/formation_msgs/formation_msgs/msg/detail/drone_setpoint__rosidl_typesupport_fastrtps_c.h\n'}
[8.142582] (formation_msgs) StdoutLine: {'line': b'-- Installing: /home/tiffany/fyp_ws/install/formation_msgs/include/formation_msgs/formation_msgs/msg/detail/system_state__rosidl_typesupport_fastrtps_c.h\n'}
[8.142818] (formation_msgs) StdoutLine: {'line': b'-- Installing: /home/tiffany/fyp_ws/install/formation_msgs/include/formation_msgs/formation_msgs/msg/detail/generated_transform__rosidl_typesupport_fastrtps_c.h\n'}
[8.143035] (formation_msgs) StdoutLine: {'line': b'-- Installing: /home/tiffany/fyp_ws/install/formation_msgs/include/formation_msgs/formation_msgs/msg/detail/user_command__rosidl_typesupport_fastrtps_c.h\n'}
[8.143278] (formation_msgs) StdoutLine: {'line': b'-- Installing: /home/tiffany/fyp_ws/install/formation_msgs/include/formation_msgs/formation_msgs/msg/detail/drone_state__rosidl_typesupport_fastrtps_c.h\n'}
[8.143494] (formation_msgs) StdoutLine: {'line': b'-- Installing: /home/tiffany/fyp_ws/install/formation_msgs/include/formation_msgs/formation_msgs/msg/detail/drawn_shape__rosidl_typesupport_fastrtps_c.h\n'}
[8.143708] (formation_msgs) StdoutLine: {'line': b'-- Installing: /home/tiffany/fyp_ws/install/formation_msgs/include/formation_msgs/formation_msgs/msg/detail/plan_status__rosidl_typesupport_fastrtps_c.h\n'}
[8.143968] (formation_msgs) StdoutLine: {'line': b'-- Installing: /home/tiffany/fyp_ws/install/formation_msgs/include/formation_msgs/formation_msgs/msg/detail/refinement_candidate__rosidl_typesupport_fastrtps_c.h\n'}
[8.144269] (formation_msgs) StdoutLine: {'line': b'-- Installing: /home/tiffany/fyp_ws/install/formation_msgs/include/formation_msgs/formation_msgs/msg/detail/refinement_cmd__rosidl_typesupport_fastrtps_c.h\n'}
[8.145588] (formation_msgs) StdoutLine: {'line': b'-- Installing: /home/tiffany/fyp_ws/install/formation_msgs/lib/libformation_msgs__rosidl_typesupport_fastrtps_c.so\n'}
[8.146423] (formation_msgs) StdoutLine: {'line': b'-- Set runtime path of "/home/tiffany/fyp_ws/install/formation_msgs/lib/libformation_msgs__rosidl_typesupport_fastrtps_c.so" to ""\n'}
[8.146608] (formation_msgs) StdoutLine: {'line': b'-- Up-to-date: /home/tiffany/fyp_ws/install/formation_msgs/include/formation_msgs/formation_msgs\n'}
[8.146680] (formation_msgs) StdoutLine: {'line': b'-- Up-to-date: /home/tiffany/fyp_ws/install/formation_msgs/include/formation_msgs/formation_msgs/msg\n'}
[8.146744] (formation_msgs) StdoutLine: {'line': b'-- Up-to-date: /home/tiffany/fyp_ws/install/formation_msgs/include/formation_msgs/formation_msgs/msg/rosidl_typesupport_introspection_c__visibility_control.h\n'}
[8.146807] (formation_msgs) StdoutLine: {'line': b'-- Up-to-date: /home/tiffany/fyp_ws/install/formation_msgs/include/formation_msgs/formation_msgs/msg/detail\n'}
[8.146896] (formation_msgs) StdoutLine: {'line': b'-- Installing: /home/tiffany/fyp_ws/install/formation_msgs/include/formation_msgs/formation_msgs/msg/detail/drone_state__type_support.c\n'}
[8.147001] (formation_msgs) StdoutLine: {'line': b'-- Installing: /home/tiffany/fyp_ws/install/formation_msgs/include/formation_msgs/formation_msgs/msg/detail/generated_transform__rosidl_typesupport_introspection_c.h\n'}
[8.147192] (formation_msgs) StdoutLine: {'line': b'-- Installing: /home/tiffany/fyp_ws/install/formation_msgs/include/formation_msgs/formation_msgs/msg/detail/formation_goal__rosidl_typesupport_introspection_c.h\n'}
[8.147407] (formation_msgs) StdoutLine: {'line': b'-- Installing: /home/tiffany/fyp_ws/install/formation_msgs/include/formation_msgs/formation_msgs/msg/detail/plan_status__rosidl_typesupport_introspection_c.h\n'}
[8.147653] (formation_msgs) StdoutLine: {'line': b'-- Installing: /home/tiffany/fyp_ws/install/formation_msgs/include/formation_msgs/formation_msgs/msg/detail/user_command__rosidl_typesupport_introspection_c.h\n'}
[8.147908] (formation_msgs) StdoutLine: {'line': b'-- Installing: /home/tiffany/fyp_ws/install/formation_msgs/include/formation_msgs/formation_msgs/msg/detail/refinement_cmd__type_support.c\n'}
[8.148178] (formation_msgs) StdoutLine: {'line': b'-- Installing: /home/tiffany/fyp_ws/install/formation_msgs/include/formation_msgs/formation_msgs/msg/detail/drone_setpoint__rosidl_typesupport_introspection_c.h\n'}
[8.148377] (formation_msgs) StdoutLine: {'line': b'-- Installing: /home/tiffany/fyp_ws/install/formation_msgs/include/formation_msgs/formation_msgs/msg/detail/drawn_shape__type_support.c\n'}
[8.148631] (formation_msgs) StdoutLine: {'line': b'-- Installing: /home/tiffany/fyp_ws/install/formation_msgs/include/formation_msgs/formation_msgs/msg/detail/drone_path__rosidl_typesupport_introspection_c.h\n'}
[8.148877] (formation_msgs) StdoutLine: {'line': b'-- Installing: /home/tiffany/fyp_ws/install/formation_msgs/include/formation_msgs/formation_msgs/msg/detail/drone_path__type_support.c\n'}
[8.149132] (formation_msgs) StdoutLine: {'line': b'-- Installing: /home/tiffany/fyp_ws/install/formation_msgs/include/formation_msgs/formation_msgs/msg/detail/drone_state__rosidl_typesupport_introspection_c.h\n'}
[8.149323] (formation_msgs) StdoutLine: {'line': b'-- Installing: /home/tiffany/fyp_ws/install/formation_msgs/include/formation_msgs/formation_msgs/msg/detail/user_command__type_support.c\n'}
[8.149571] (formation_msgs) StdoutLine: {'line': b'-- Installing: /home/tiffany/fyp_ws/install/formation_msgs/include/formation_msgs/formation_msgs/msg/detail/plan_status__type_support.c\n'}
[8.149801] (formation_msgs) StdoutLine: {'line': b'-- Installing: /home/tiffany/fyp_ws/install/formation_msgs/include/formation_msgs/formation_msgs/msg/detail/system_state__rosidl_typesupport_introspection_c.h\n'}
[8.150126] (formation_msgs) StdoutLine: {'line': b'-- Installing: /home/tiffany/fyp_ws/install/formation_msgs/include/formation_msgs/formation_msgs/msg/detail/formation_goal__type_support.c\n'}
[8.150389] (formation_msgs) StdoutLine: {'line': b'-- Installing: /home/tiffany/fyp_ws/install/formation_msgs/include/formation_msgs/formation_msgs/msg/detail/refinement_candidate__type_support.c\n'}
[8.150641] (formation_msgs) StdoutLine: {'line': b'-- Installing: /home/tiffany/fyp_ws/install/formation_msgs/include/formation_msgs/formation_msgs/msg/detail/generated_transform__type_support.c\n'}
[8.150896] (formation_msgs) StdoutLine: {'line': b'-- Installing: /home/tiffany/fyp_ws/install/formation_msgs/include/formation_msgs/formation_msgs/msg/detail/refinement_cmd__rosidl_typesupport_introspection_c.h\n'}
[8.151142] (formation_msgs) StdoutLine: {'line': b'-- Installing: /home/tiffany/fyp_ws/install/formation_msgs/include/formation_msgs/formation_msgs/msg/detail/system_state__type_support.c\n'}
[8.151382] (formation_msgs) StdoutLine: {'line': b'-- Installing: /home/tiffany/fyp_ws/install/formation_msgs/include/formation_msgs/formation_msgs/msg/detail/drawn_shape__rosidl_typesupport_introspection_c.h\n'}
[8.151618] (formation_msgs) StdoutLine: {'line': b'-- Installing: /home/tiffany/fyp_ws/install/formation_msgs/include/formation_msgs/formation_msgs/msg/detail/refinement_candidate__rosidl_typesupport_introspection_c.h\n'}
[8.151848] (formation_msgs) StdoutLine: {'line': b'-- Installing: /home/tiffany/fyp_ws/install/formation_msgs/include/formation_msgs/formation_msgs/msg/detail/drone_setpoint__type_support.c\n'}
[8.152820] (formation_msgs) StdoutLine: {'line': b'-- Installing: /home/tiffany/fyp_ws/install/formation_msgs/lib/libformation_msgs__rosidl_typesupport_introspection_c.so\n'}
[8.153527] (formation_msgs) StdoutLine: {'line': b'-- Set runtime path of "/home/tiffany/fyp_ws/install/formation_msgs/lib/libformation_msgs__rosidl_typesupport_introspection_c.so" to ""\n'}
[8.154496] (formation_msgs) StdoutLine: {'line': b'-- Installing: /home/tiffany/fyp_ws/install/formation_msgs/lib/libformation_msgs__rosidl_typesupport_c.so\n'}
[8.155090] (formation_msgs) StdoutLine: {'line': b'-- Set runtime path of "/home/tiffany/fyp_ws/install/formation_msgs/lib/libformation_msgs__rosidl_typesupport_c.so" to ""\n'}
[8.155223] (formation_msgs) StdoutLine: {'line': b'-- Up-to-date: /home/tiffany/fyp_ws/install/formation_msgs/include/formation_msgs/formation_msgs\n'}
[8.155355] (formation_msgs) StdoutLine: {'line': b'-- Up-to-date: /home/tiffany/fyp_ws/install/formation_msgs/include/formation_msgs/formation_msgs/msg\n'}
[8.155424] (formation_msgs) StdoutLine: {'line': b'-- Installing: /home/tiffany/fyp_ws/install/formation_msgs/include/formation_msgs/formation_msgs/msg/user_command.hpp\n'}
[8.155527] (formation_msgs) StdoutLine: {'line': b'-- Installing: /home/tiffany/fyp_ws/install/formation_msgs/include/formation_msgs/formation_msgs/msg/drone_setpoint.hpp\n'}
[8.155613] (formation_msgs) StdoutLine: {'line': b'-- Installing: /home/tiffany/fyp_ws/install/formation_msgs/include/formation_msgs/formation_msgs/msg/plan_status.hpp\n'}
[8.155861] (formation_msgs) StdoutLine: {'line': b'-- Installing: /home/tiffany/fyp_ws/install/formation_msgs/include/formation_msgs/formation_msgs/msg/drone_path.hpp\n'}
[8.156129] (formation_msgs) StdoutLine: {'line': b'-- Up-to-date: /home/tiffany/fyp_ws/install/formation_msgs/include/formation_msgs/formation_msgs/msg/rosidl_generator_cpp__visibility_control.hpp\n'}
[8.156255] (formation_msgs) StdoutLine: {'line': b'-- Installing: /home/tiffany/fyp_ws/install/formation_msgs/include/formation_msgs/formation_msgs/msg/formation_goal.hpp\n'}
[8.156370] (formation_msgs) StdoutLine: {'line': b'-- Installing: /home/tiffany/fyp_ws/install/formation_msgs/include/formation_msgs/formation_msgs/msg/drone_state.hpp\n'}
[8.156565] (formation_msgs) StdoutLine: {'line': b'-- Installing: /home/tiffany/fyp_ws/install/formation_msgs/include/formation_msgs/formation_msgs/msg/generated_transform.hpp\n'}
[8.156781] (formation_msgs) StdoutLine: {'line': b'-- Installing: /home/tiffany/fyp_ws/install/formation_msgs/include/formation_msgs/formation_msgs/msg/refinement_candidate.hpp\n'}
[8.157029] (formation_msgs) StdoutLine: {'line': b'-- Up-to-date: /home/tiffany/fyp_ws/install/formation_msgs/include/formation_msgs/formation_msgs/msg/detail\n'}
[8.157200] (formation_msgs) StdoutLine: {'line': b'-- Installing: /home/tiffany/fyp_ws/install/formation_msgs/include/formation_msgs/formation_msgs/msg/detail/generated_transform__traits.hpp\n'}
[8.157305] (formation_msgs) StdoutLine: {'line': b'-- Installing: /home/tiffany/fyp_ws/install/formation_msgs/include/formation_msgs/formation_msgs/msg/detail/drone_path__struct.hpp\n'}
[8.157601] (formation_msgs) StdoutLine: {'line': b'-- Installing: /home/tiffany/fyp_ws/install/formation_msgs/include/formation_msgs/formation_msgs/msg/detail/generated_transform__builder.hpp\n'}
[8.157829] (formation_msgs) StdoutLine: {'line': b'-- Installing: /home/tiffany/fyp_ws/install/formation_msgs/include/formation_msgs/formation_msgs/msg/detail/drawn_shape__struct.hpp\n'}
[8.158114] (formation_msgs) StdoutLine: {'line': b'-- Installing: /home/tiffany/fyp_ws/install/formation_msgs/include/formation_msgs/formation_msgs/msg/detail/refinement_candidate__struct.hpp\n'}
[8.158333] (formation_msgs) StdoutLine: {'line': b'-- Installing: /home/tiffany/fyp_ws/install/formation_msgs/include/formation_msgs/formation_msgs/msg/detail/refinement_cmd__traits.hpp\n'}
[8.158536] (formation_msgs) StdoutLine: {'line': b'-- Installing: /home/tiffany/fyp_ws/install/formation_msgs/include/formation_msgs/formation_msgs/msg/detail/user_command__builder.hpp\n'}
[8.158730] (formation_msgs) StdoutLine: {'line': b'-- Installing: /home/tiffany/fyp_ws/install/formation_msgs/include/formation_msgs/formation_msgs/msg/detail/drone_setpoint__type_support.hpp\n'}
[8.158948] (formation_msgs) StdoutLine: {'line': b'-- Installing: /home/tiffany/fyp_ws/install/formation_msgs/include/formation_msgs/formation_msgs/msg/detail/refinement_cmd__struct.hpp\n'}
[8.159167] (formation_msgs) StdoutLine: {'line': b'-- Installing: /home/tiffany/fyp_ws/install/formation_msgs/include/formation_msgs/formation_msgs/msg/detail/refinement_candidate__traits.hpp\n'}
[8.159436] (formation_msgs) StdoutLine: {'line': b'-- Installing: /home/tiffany/fyp_ws/install/formation_msgs/include/formation_msgs/formation_msgs/msg/detail/plan_status__builder.hpp\n'}
[8.159621] (formation_msgs) StdoutLine: {'line': b'-- Installing: /home/tiffany/fyp_ws/install/formation_msgs/include/formation_msgs/formation_msgs/msg/detail/drone_path__traits.hpp\n'}
[8.159833] (formation_msgs) StdoutLine: {'line': b'-- Installing: /home/tiffany/fyp_ws/install/formation_msgs/include/formation_msgs/formation_msgs/msg/detail/drone_state__type_support.hpp\n'}
[8.160064] (formation_msgs) StdoutLine: {'line': b'-- Installing: /home/tiffany/fyp_ws/install/formation_msgs/include/formation_msgs/formation_msgs/msg/detail/formation_goal__traits.hpp\n'}
[8.160289] (formation_msgs) StdoutLine: {'line': b'-- Installing: /home/tiffany/fyp_ws/install/formation_msgs/include/formation_msgs/formation_msgs/msg/detail/user_command__struct.hpp\n'}
[8.160512] (formation_msgs) StdoutLine: {'line': b'-- Installing: /home/tiffany/fyp_ws/install/formation_msgs/include/formation_msgs/formation_msgs/msg/detail/formation_goal__builder.hpp\n'}
[8.160799] (formation_msgs) StdoutLine: {'line': b'-- Installing: /home/tiffany/fyp_ws/install/formation_msgs/include/formation_msgs/formation_msgs/msg/detail/generated_transform__struct.hpp\n'}
[8.161120] (formation_msgs) StdoutLine: {'line': b'-- Installing: /home/tiffany/fyp_ws/install/formation_msgs/include/formation_msgs/formation_msgs/msg/detail/refinement_candidate__type_support.hpp\n'}
[8.161374] (formation_msgs) StdoutLine: {'line': b'-- Installing: /home/tiffany/fyp_ws/install/formation_msgs/include/formation_msgs/formation_msgs/msg/detail/drone_state__builder.hpp\n'}
[8.161597] (formation_msgs) StdoutLine: {'line': b'-- Installing: /home/tiffany/fyp_ws/install/formation_msgs/include/formation_msgs/formation_msgs/msg/detail/user_command__type_support.hpp\n'}
[8.161846] (formation_msgs) StdoutLine: {'line': b'-- Installing: /home/tiffany/fyp_ws/install/formation_msgs/include/formation_msgs/formation_msgs/msg/detail/system_state__struct.hpp\n'}
[8.162120] (formation_msgs) StdoutLine: {'line': b'-- Installing: /home/tiffany/fyp_ws/install/formation_msgs/include/formation_msgs/formation_msgs/msg/detail/formation_goal__type_support.hpp\n'}
[8.162358] (formation_msgs) StdoutLine: {'line': b'-- Installing: /home/tiffany/fyp_ws/install/formation_msgs/include/formation_msgs/formation_msgs/msg/detail/system_state__traits.hpp\n'}
[8.162646] (formation_msgs) StdoutLine: {'line': b'-- Installing: /home/tiffany/fyp_ws/install/formation_msgs/include/formation_msgs/formation_msgs/msg/detail/drone_setpoint__struct.hpp\n'}
[8.162830] (formation_msgs) StdoutLine: {'line': b'-- Installing: /home/tiffany/fyp_ws/install/formation_msgs/include/formation_msgs/formation_msgs/msg/detail/formation_goal__struct.hpp\n'}
[8.163139] (formation_msgs) StdoutLine: {'line': b'-- Installing: /home/tiffany/fyp_ws/install/formation_msgs/include/formation_msgs/formation_msgs/msg/detail/drone_setpoint__traits.hpp\n'}
[8.163310] (formation_msgs) StdoutLine: {'line': b'-- Installing: /home/tiffany/fyp_ws/install/formation_msgs/include/formation_msgs/formation_msgs/msg/detail/plan_status__type_support.hpp\n'}
[8.163558] (formation_msgs) StdoutLine: {'line': b'-- Installing: /home/tiffany/fyp_ws/install/formation_msgs/include/formation_msgs/formation_msgs/msg/detail/drawn_shape__type_support.hpp\n'}
[8.163787] (formation_msgs) StdoutLine: {'line': b'-- Installing: /home/tiffany/fyp_ws/install/formation_msgs/include/formation_msgs/formation_msgs/msg/detail/user_command__traits.hpp\n'}
[8.164107] (formation_msgs) StdoutLine: {'line': b'-- Installing: /home/tiffany/fyp_ws/install/formation_msgs/include/formation_msgs/formation_msgs/msg/detail/refinement_cmd__builder.hpp\n'}
[8.164369] (formation_msgs) StdoutLine: {'line': b'-- Installing: /home/tiffany/fyp_ws/install/formation_msgs/include/formation_msgs/formation_msgs/msg/detail/drone_path__type_support.hpp\n'}
[8.164562] (formation_msgs) StdoutLine: {'line': b'-- Installing: /home/tiffany/fyp_ws/install/formation_msgs/include/formation_msgs/formation_msgs/msg/detail/drone_state__struct.hpp\n'}
[8.164821] (formation_msgs) StdoutLine: {'line': b'-- Installing: /home/tiffany/fyp_ws/install/formation_msgs/include/formation_msgs/formation_msgs/msg/detail/refinement_cmd__type_support.hpp\n'}
[8.165090] (formation_msgs) StdoutLine: {'line': b'-- Installing: /home/tiffany/fyp_ws/install/formation_msgs/include/formation_msgs/formation_msgs/msg/detail/refinement_candidate__builder.hpp\n'}
[8.165307] (formation_msgs) StdoutLine: {'line': b'-- Installing: /home/tiffany/fyp_ws/install/formation_msgs/include/formation_msgs/formation_msgs/msg/detail/system_state__builder.hpp\n'}
[8.165525] (formation_msgs) StdoutLine: {'line': b'-- Installing: /home/tiffany/fyp_ws/install/formation_msgs/include/formation_msgs/formation_msgs/msg/detail/plan_status__traits.hpp\n'}
[8.165748] (formation_msgs) StdoutLine: {'line': b'-- Installing: /home/tiffany/fyp_ws/install/formation_msgs/include/formation_msgs/formation_msgs/msg/detail/drawn_shape__builder.hpp\n'}
[8.165981] (formation_msgs) StdoutLine: {'line': b'-- Installing: /home/tiffany/fyp_ws/install/formation_msgs/include/formation_msgs/formation_msgs/msg/detail/drone_path__builder.hpp\n'}
[8.166200] (formation_msgs) StdoutLine: {'line': b'-- Installing: /home/tiffany/fyp_ws/install/formation_msgs/include/formation_msgs/formation_msgs/msg/detail/plan_status__struct.hpp\n'}
[8.166446] (formation_msgs) StdoutLine: {'line': b'-- Installing: /home/tiffany/fyp_ws/install/formation_msgs/include/formation_msgs/formation_msgs/msg/detail/generated_transform__type_support.hpp\n'}
[8.166757] (formation_msgs) StdoutLine: {'line': b'-- Installing: /home/tiffany/fyp_ws/install/formation_msgs/include/formation_msgs/formation_msgs/msg/detail/drone_setpoint__builder.hpp\n'}
[8.166954] (formation_msgs) StdoutLine: {'line': b'-- Installing: /home/tiffany/fyp_ws/install/formation_msgs/include/formation_msgs/formation_msgs/msg/detail/system_state__type_support.hpp\n'}
[8.167220] (formation_msgs) StdoutLine: {'line': b'-- Installing: /home/tiffany/fyp_ws/install/formation_msgs/include/formation_msgs/formation_msgs/msg/detail/drone_state__traits.hpp\n'}
[8.167457] (formation_msgs) StdoutLine: {'line': b'-- Installing: /home/tiffany/fyp_ws/install/formation_msgs/include/formation_msgs/formation_msgs/msg/detail/drawn_shape__traits.hpp\n'}
[8.167703] (formation_msgs) StdoutLine: {'line': b'-- Installing: /home/tiffany/fyp_ws/install/formation_msgs/include/formation_msgs/formation_msgs/msg/system_state.hpp\n'}
[8.167917] (formation_msgs) StdoutLine: {'line': b'-- Installing: /home/tiffany/fyp_ws/install/formation_msgs/include/formation_msgs/formation_msgs/msg/drawn_shape.hpp\n'}
[8.168164] (formation_msgs) StdoutLine: {'line': b'-- Installing: /home/tiffany/fyp_ws/install/formation_msgs/include/formation_msgs/formation_msgs/msg/refinement_cmd.hpp\n'}
[8.168417] (formation_msgs) StdoutLine: {'line': b'-- Up-to-date: /home/tiffany/fyp_ws/install/formation_msgs/include/formation_msgs/formation_msgs\n'}
[8.168533] (formation_msgs) StdoutLine: {'line': b'-- Up-to-date: /home/tiffany/fyp_ws/install/formation_msgs/include/formation_msgs/formation_msgs/msg\n'}
[8.168643] (formation_msgs) StdoutLine: {'line': b'-- Up-to-date: /home/tiffany/fyp_ws/install/formation_msgs/include/formation_msgs/formation_msgs/msg/detail\n'}
[8.168738] (formation_msgs) StdoutLine: {'line': b'-- Up-to-date: /home/tiffany/fyp_ws/install/formation_msgs/include/formation_msgs/formation_msgs/msg/detail/dds_fastrtps\n'}
[8.168796] (formation_msgs) StdoutLine: {'line': b'-- Installing: /home/tiffany/fyp_ws/install/formation_msgs/include/formation_msgs/formation_msgs/msg/detail/refinement_cmd__rosidl_typesupport_fastrtps_cpp.hpp\n'}
[8.168891] (formation_msgs) StdoutLine: {'line': b'-- Installing: /home/tiffany/fyp_ws/install/formation_msgs/include/formation_msgs/formation_msgs/msg/detail/user_command__rosidl_typesupport_fastrtps_cpp.hpp\n'}
[8.169170] (formation_msgs) StdoutLine: {'line': b'-- Installing: /home/tiffany/fyp_ws/install/formation_msgs/include/formation_msgs/formation_msgs/msg/detail/formation_goal__rosidl_typesupport_fastrtps_cpp.hpp\n'}
[8.169396] (formation_msgs) StdoutLine: {'line': b'-- Installing: /home/tiffany/fyp_ws/install/formation_msgs/include/formation_msgs/formation_msgs/msg/detail/drone_setpoint__rosidl_typesupport_fastrtps_cpp.hpp\n'}
[8.169562] (formation_msgs) StdoutLine: {'line': b'-- Installing: /home/tiffany/fyp_ws/install/formation_msgs/include/formation_msgs/formation_msgs/msg/detail/generated_transform__rosidl_typesupport_fastrtps_cpp.hpp\n'}
[8.169773] (formation_msgs) StdoutLine: {'line': b'-- Installing: /home/tiffany/fyp_ws/install/formation_msgs/include/formation_msgs/formation_msgs/msg/detail/system_state__rosidl_typesupport_fastrtps_cpp.hpp\n'}
[8.170040] (formation_msgs) StdoutLine: {'line': b'-- Installing: /home/tiffany/fyp_ws/install/formation_msgs/include/formation_msgs/formation_msgs/msg/detail/refinement_candidate__rosidl_typesupport_fastrtps_cpp.hpp\n'}
[8.170281] (formation_msgs) StdoutLine: {'line': b'-- Installing: /home/tiffany/fyp_ws/install/formation_msgs/include/formation_msgs/formation_msgs/msg/detail/drone_path__rosidl_typesupport_fastrtps_cpp.hpp\n'}
[8.170514] (formation_msgs) StdoutLine: {'line': b'-- Installing: /home/tiffany/fyp_ws/install/formation_msgs/include/formation_msgs/formation_msgs/msg/detail/plan_status__rosidl_typesupport_fastrtps_cpp.hpp\n'}
[8.170713] (formation_msgs) StdoutLine: {'line': b'-- Installing: /home/tiffany/fyp_ws/install/formation_msgs/include/formation_msgs/formation_msgs/msg/detail/drawn_shape__rosidl_typesupport_fastrtps_cpp.hpp\n'}
[8.170980] (formation_msgs) StdoutLine: {'line': b'-- Installing: /home/tiffany/fyp_ws/install/formation_msgs/include/formation_msgs/formation_msgs/msg/detail/drone_state__rosidl_typesupport_fastrtps_cpp.hpp\n'}
[8.171216] (formation_msgs) StdoutLine: {'line': b'-- Up-to-date: /home/tiffany/fyp_ws/install/formation_msgs/include/formation_msgs/formation_msgs/msg/rosidl_typesupport_fastrtps_cpp__visibility_control.h\n'}
[8.172246] (formation_msgs) StdoutLine: {'line': b'-- Installing: /home/tiffany/fyp_ws/install/formation_msgs/lib/libformation_msgs__rosidl_typesupport_fastrtps_cpp.so\n'}
[8.173115] (formation_msgs) StdoutLine: {'line': b'-- Set runtime path of "/home/tiffany/fyp_ws/install/formation_msgs/lib/libformation_msgs__rosidl_typesupport_fastrtps_cpp.so" to ""\n'}
[8.173320] (formation_msgs) StdoutLine: {'line': b'-- Up-to-date: /home/tiffany/fyp_ws/install/formation_msgs/include/formation_msgs/formation_msgs\n'}
[8.173419] (formation_msgs) StdoutLine: {'line': b'-- Up-to-date: /home/tiffany/fyp_ws/install/formation_msgs/include/formation_msgs/formation_msgs/msg\n'}
[8.173498] (formation_msgs) StdoutLine: {'line': b'-- Up-to-date: /home/tiffany/fyp_ws/install/formation_msgs/include/formation_msgs/formation_msgs/msg/detail\n'}
[8.173614] (formation_msgs) StdoutLine: {'line': b'-- Installing: /home/tiffany/fyp_ws/install/formation_msgs/include/formation_msgs/formation_msgs/msg/detail/plan_status__type_support.cpp\n'}
[8.173679] (formation_msgs) StdoutLine: {'line': b'-- Installing: /home/tiffany/fyp_ws/install/formation_msgs/include/formation_msgs/formation_msgs/msg/detail/drone_state__rosidl_typesupport_introspection_cpp.hpp\n'}
[8.173794] (formation_msgs) StdoutLine: {'line': b'-- Installing: /home/tiffany/fyp_ws/install/formation_msgs/include/formation_msgs/formation_msgs/msg/detail/user_command__type_support.cpp\n'}
[8.174008] (formation_msgs) StdoutLine: {'line': b'-- Installing: /home/tiffany/fyp_ws/install/formation_msgs/include/formation_msgs/formation_msgs/msg/detail/generated_transform__rosidl_typesupport_introspection_cpp.hpp\n'}
[8.174313] (formation_msgs) StdoutLine: {'line': b'-- Installing: /home/tiffany/fyp_ws/install/formation_msgs/include/formation_msgs/formation_msgs/msg/detail/refinement_cmd__rosidl_typesupport_introspection_cpp.hpp\n'}
[8.174536] (formation_msgs) StdoutLine: {'line': b'-- Installing: /home/tiffany/fyp_ws/install/formation_msgs/include/formation_msgs/formation_msgs/msg/detail/drawn_shape__rosidl_typesupport_introspection_cpp.hpp\n'}
[8.174753] (formation_msgs) StdoutLine: {'line': b'-- Installing: /home/tiffany/fyp_ws/install/formation_msgs/include/formation_msgs/formation_msgs/msg/detail/refinement_cmd__type_support.cpp\n'}
[8.175008] (formation_msgs) StdoutLine: {'line': b'-- Installing: /home/tiffany/fyp_ws/install/formation_msgs/include/formation_msgs/formation_msgs/msg/detail/drawn_shape__type_support.cpp\n'}
[8.175277] (formation_msgs) StdoutLine: {'line': b'-- Installing: /home/tiffany/fyp_ws/install/formation_msgs/include/formation_msgs/formation_msgs/msg/detail/plan_status__rosidl_typesupport_introspection_cpp.hpp\n'}
[8.175486] (formation_msgs) StdoutLine: {'line': b'-- Installing: /home/tiffany/fyp_ws/install/formation_msgs/include/formation_msgs/formation_msgs/msg/detail/user_command__rosidl_typesupport_introspection_cpp.hpp\n'}
[8.175761] (formation_msgs) StdoutLine: {'line': b'-- Installing: /home/tiffany/fyp_ws/install/formation_msgs/include/formation_msgs/formation_msgs/msg/detail/formation_goal__type_support.cpp\n'}
[8.176051] (formation_msgs) StdoutLine: {'line': b'-- Installing: /home/tiffany/fyp_ws/install/formation_msgs/include/formation_msgs/formation_msgs/msg/detail/system_state__type_support.cpp\n'}
[8.176245] (formation_msgs) StdoutLine: {'line': b'-- Installing: /home/tiffany/fyp_ws/install/formation_msgs/include/formation_msgs/formation_msgs/msg/detail/drone_state__type_support.cpp\n'}
[8.176477] (formation_msgs) StdoutLine: {'line': b'-- Installing: /home/tiffany/fyp_ws/install/formation_msgs/include/formation_msgs/formation_msgs/msg/detail/drone_path__type_support.cpp\n'}
[8.176751] (formation_msgs) StdoutLine: {'line': b'-- Installing: /home/tiffany/fyp_ws/install/formation_msgs/include/formation_msgs/formation_msgs/msg/detail/drone_setpoint__rosidl_typesupport_introspection_cpp.hpp\n'}
[8.176933] (formation_msgs) StdoutLine: {'line': b'-- Installing: /home/tiffany/fyp_ws/install/formation_msgs/include/formation_msgs/formation_msgs/msg/detail/refinement_candidate__type_support.cpp\n'}
[8.177216] (formation_msgs) StdoutLine: {'line': b'-- Installing: /home/tiffany/fyp_ws/install/formation_msgs/include/formation_msgs/formation_msgs/msg/detail/formation_goal__rosidl_typesupport_introspection_cpp.hpp\n'}
[8.177448] (formation_msgs) StdoutLine: {'line': b'-- Installing: /home/tiffany/fyp_ws/install/formation_msgs/include/formation_msgs/formation_msgs/msg/detail/generated_transform__type_support.cpp\n'}
[8.177757] (formation_msgs) StdoutLine: {'line': b'-- Installing: /home/tiffany/fyp_ws/install/formation_msgs/include/formation_msgs/formation_msgs/msg/detail/refinement_candidate__rosidl_typesupport_introspection_cpp.hpp\n'}
[8.178009] (formation_msgs) StdoutLine: {'line': b'-- Installing: /home/tiffany/fyp_ws/install/formation_msgs/include/formation_msgs/formation_msgs/msg/detail/drone_setpoint__type_support.cpp\n'}
[8.178244] (formation_msgs) StdoutLine: {'line': b'-- Installing: /home/tiffany/fyp_ws/install/formation_msgs/include/formation_msgs/formation_msgs/msg/detail/system_state__rosidl_typesupport_introspection_cpp.hpp\n'}
[8.178470] (formation_msgs) StdoutLine: {'line': b'-- Installing: /home/tiffany/fyp_ws/install/formation_msgs/include/formation_msgs/formation_msgs/msg/detail/drone_path__rosidl_typesupport_introspection_cpp.hpp\n'}
[8.179516] (formation_msgs) StdoutLine: {'line': b'-- Installing: /home/tiffany/fyp_ws/install/formation_msgs/lib/libformation_msgs__rosidl_typesupport_introspection_cpp.so\n'}
[8.180397] (formation_msgs) StdoutLine: {'line': b'-- Set runtime path of "/home/tiffany/fyp_ws/install/formation_msgs/lib/libformation_msgs__rosidl_typesupport_introspection_cpp.so" to ""\n'}
[8.181266] (formation_msgs) StdoutLine: {'line': b'-- Installing: /home/tiffany/fyp_ws/install/formation_msgs/lib/libformation_msgs__rosidl_typesupport_cpp.so\n'}
[8.181885] (formation_msgs) StdoutLine: {'line': b'-- Set runtime path of "/home/tiffany/fyp_ws/install/formation_msgs/lib/libformation_msgs__rosidl_typesupport_cpp.so" to ""\n'}
[8.182023] (formation_msgs) StdoutLine: {'line': b'-- Up-to-date: /home/tiffany/fyp_ws/install/formation_msgs/share/formation_msgs/environment/pythonpath.sh\n'}
[8.182142] (formation_msgs) StdoutLine: {'line': b'-- Installing: /home/tiffany/fyp_ws/install/formation_msgs/share/formation_msgs/environment/pythonpath.dsv\n'}
[8.182928] (formation_msgs) StdoutLine: {'line': b'-- Up-to-date: /home/tiffany/fyp_ws/install/formation_msgs/local/lib/python3.10/dist-packages/formation_msgs-0.0.0-py3.10.egg-info\n'}
[8.183115] (formation_msgs) StdoutLine: {'line': b'-- Installing: /home/tiffany/fyp_ws/install/formation_msgs/local/lib/python3.10/dist-packages/formation_msgs-0.0.0-py3.10.egg-info/SOURCES.txt\n'}
[8.183428] (formation_msgs) StdoutLine: {'line': b'-- Installing: /home/tiffany/fyp_ws/install/formation_msgs/local/lib/python3.10/dist-packages/formation_msgs-0.0.0-py3.10.egg-info/top_level.txt\n'}
[8.183679] (formation_msgs) StdoutLine: {'line': b'-- Installing: /home/tiffany/fyp_ws/install/formation_msgs/local/lib/python3.10/dist-packages/formation_msgs-0.0.0-py3.10.egg-info/dependency_links.txt\n'}
[8.183930] (formation_msgs) StdoutLine: {'line': b'-- Installing: /home/tiffany/fyp_ws/install/formation_msgs/local/lib/python3.10/dist-packages/formation_msgs-0.0.0-py3.10.egg-info/PKG-INFO\n'}
[8.184284] (formation_msgs) StdoutLine: {'line': b'-- Up-to-date: /home/tiffany/fyp_ws/install/formation_msgs/local/lib/python3.10/dist-packages/formation_msgs\n'}
[8.184452] (formation_msgs) StdoutLine: {'line': b'-- Installing: /home/tiffany/fyp_ws/install/formation_msgs/local/lib/python3.10/dist-packages/formation_msgs/__init__.py\n'}
[8.184686] (formation_msgs) StdoutLine: {'line': b'-- Installing: /home/tiffany/fyp_ws/install/formation_msgs/local/lib/python3.10/dist-packages/formation_msgs/formation_msgs_s__rosidl_typesupport_introspection_c.cpython-310-x86_64-linux-gnu.so\n'}
[8.184973] (formation_msgs) StdoutLine: {'line': b'-- Installing: /home/tiffany/fyp_ws/install/formation_msgs/local/lib/python3.10/dist-packages/formation_msgs/libformation_msgs__rosidl_generator_py.so\n'}
[8.185430] (formation_msgs) StdoutLine: {'line': b'-- Installing: /home/tiffany/fyp_ws/install/formation_msgs/local/lib/python3.10/dist-packages/formation_msgs/formation_msgs_s__rosidl_typesupport_fastrtps_c.cpython-310-x86_64-linux-gnu.so\n'}
[8.185735] (formation_msgs) StdoutLine: {'line': b'-- Installing: /home/tiffany/fyp_ws/install/formation_msgs/local/lib/python3.10/dist-packages/formation_msgs/_formation_msgs_s.ep.rosidl_typesupport_introspection_c.c\n'}
[8.186038] (formation_msgs) StdoutLine: {'line': b'-- Installing: /home/tiffany/fyp_ws/install/formation_msgs/local/lib/python3.10/dist-packages/formation_msgs/_formation_msgs_s.ep.rosidl_typesupport_fastrtps_c.c\n'}
[8.186312] (formation_msgs) StdoutLine: {'line': b'-- Up-to-date: /home/tiffany/fyp_ws/install/formation_msgs/local/lib/python3.10/dist-packages/formation_msgs/msg\n'}
[8.186485] (formation_msgs) StdoutLine: {'line': b'-- Installing: /home/tiffany/fyp_ws/install/formation_msgs/local/lib/python3.10/dist-packages/formation_msgs/msg/__init__.py\n'}
[8.186744] (formation_msgs) StdoutLine: {'line': b'-- Installing: /home/tiffany/fyp_ws/install/formation_msgs/local/lib/python3.10/dist-packages/formation_msgs/msg/_drone_path.py\n'}
[8.186994] (formation_msgs) StdoutLine: {'line': b'-- Installing: /home/tiffany/fyp_ws/install/formation_msgs/local/lib/python3.10/dist-packages/formation_msgs/msg/_refinement_candidate.py\n'}
[8.187216] (formation_msgs) StdoutLine: {'line': b'-- Installing: /home/tiffany/fyp_ws/install/formation_msgs/local/lib/python3.10/dist-packages/formation_msgs/msg/_formation_goal.py\n'}
[8.187437] (formation_msgs) StdoutLine: {'line': b'-- Installing: /home/tiffany/fyp_ws/install/formation_msgs/local/lib/python3.10/dist-packages/formation_msgs/msg/_drone_setpoint.py\n'}
[8.187584] (formation_msgs) StdoutLine: {'line': b'-- Installing: /home/tiffany/fyp_ws/install/formation_msgs/local/lib/python3.10/dist-packages/formation_msgs/msg/_plan_status.py\n'}
[8.187834] (formation_msgs) StdoutLine: {'line': b'-- Installing: /home/tiffany/fyp_ws/install/formation_msgs/local/lib/python3.10/dist-packages/formation_msgs/msg/_generated_transform_s.c\n'}
[8.188071] (formation_msgs) StdoutLine: {'line': b'-- Installing: /home/tiffany/fyp_ws/install/formation_msgs/local/lib/python3.10/dist-packages/formation_msgs/msg/_drone_state_s.c\n'}
[8.188242] (formation_msgs) StdoutLine: {'line': b'-- Installing: /home/tiffany/fyp_ws/install/formation_msgs/local/lib/python3.10/dist-packages/formation_msgs/msg/_refinement_candidate_s.c\n'}
[8.188522] (formation_msgs) StdoutLine: {'line': b'-- Installing: /home/tiffany/fyp_ws/install/formation_msgs/local/lib/python3.10/dist-packages/formation_msgs/msg/_drawn_shape.py\n'}
[8.188754] (formation_msgs) StdoutLine: {'line': b'-- Installing: /home/tiffany/fyp_ws/install/formation_msgs/local/lib/python3.10/dist-packages/formation_msgs/msg/_drone_setpoint_s.c\n'}
[8.188927] (formation_msgs) StdoutLine: {'line': b'-- Installing: /home/tiffany/fyp_ws/install/formation_msgs/local/lib/python3.10/dist-packages/formation_msgs/msg/_formation_goal_s.c\n'}
[8.189234] (formation_msgs) StdoutLine: {'line': b'-- Installing: /home/tiffany/fyp_ws/install/formation_msgs/local/lib/python3.10/dist-packages/formation_msgs/msg/_user_command_s.c\n'}
[8.189460] (formation_msgs) StdoutLine: {'line': b'-- Installing: /home/tiffany/fyp_ws/install/formation_msgs/local/lib/python3.10/dist-packages/formation_msgs/msg/_drone_state.py\n'}
[8.189686] (formation_msgs) StdoutLine: {'line': b'-- Installing: /home/tiffany/fyp_ws/install/formation_msgs/local/lib/python3.10/dist-packages/formation_msgs/msg/_drawn_shape_s.c\n'}
[8.189957] (formation_msgs) StdoutLine: {'line': b'-- Installing: /home/tiffany/fyp_ws/install/formation_msgs/local/lib/python3.10/dist-packages/formation_msgs/msg/_user_command.py\n'}
[8.190174] (formation_msgs) StdoutLine: {'line': b'-- Installing: /home/tiffany/fyp_ws/install/formation_msgs/local/lib/python3.10/dist-packages/formation_msgs/msg/_refinement_cmd.py\n'}
[8.190372] (formation_msgs) StdoutLine: {'line': b'-- Installing: /home/tiffany/fyp_ws/install/formation_msgs/local/lib/python3.10/dist-packages/formation_msgs/msg/_plan_status_s.c\n'}
[8.190549] (formation_msgs) StdoutLine: {'line': b'-- Installing: /home/tiffany/fyp_ws/install/formation_msgs/local/lib/python3.10/dist-packages/formation_msgs/msg/_refinement_cmd_s.c\n'}
[8.190734] (formation_msgs) StdoutLine: {'line': b'-- Installing: /home/tiffany/fyp_ws/install/formation_msgs/local/lib/python3.10/dist-packages/formation_msgs/msg/_system_state.py\n'}
[8.190917] (formation_msgs) StdoutLine: {'line': b'-- Installing: /home/tiffany/fyp_ws/install/formation_msgs/local/lib/python3.10/dist-packages/formation_msgs/msg/_generated_transform.py\n'}
[8.191159] (formation_msgs) StdoutLine: {'line': b'-- Installing: /home/tiffany/fyp_ws/install/formation_msgs/local/lib/python3.10/dist-packages/formation_msgs/msg/_system_state_s.c\n'}
[8.191418] (formation_msgs) StdoutLine: {'line': b'-- Installing: /home/tiffany/fyp_ws/install/formation_msgs/local/lib/python3.10/dist-packages/formation_msgs/msg/_drone_path_s.c\n'}
[8.191591] (formation_msgs) StdoutLine: {'line': b'-- Installing: /home/tiffany/fyp_ws/install/formation_msgs/local/lib/python3.10/dist-packages/formation_msgs/formation_msgs_s__rosidl_typesupport_c.cpython-310-x86_64-linux-gnu.so\n'}
[8.191903] (formation_msgs) StdoutLine: {'line': b'-- Installing: /home/tiffany/fyp_ws/install/formation_msgs/local/lib/python3.10/dist-packages/formation_msgs/_formation_msgs_s.ep.rosidl_typesupport_c.c\n'}
[8.224511] (-) TimerEvent: {}
[8.246834] (formation_msgs) StdoutLine: {'line': b"Listing '/home/tiffany/fyp_ws/install/formation_msgs/local/lib/python3.10/dist-packages/formation_msgs'...\n"}
[8.247128] (formation_msgs) StdoutLine: {'line': b"Compiling '/home/tiffany/fyp_ws/install/formation_msgs/local/lib/python3.10/dist-packages/formation_msgs/__init__.py'...\n"}
[8.247204] (formation_msgs) StdoutLine: {'line': b"Listing '/home/tiffany/fyp_ws/install/formation_msgs/local/lib/python3.10/dist-packages/formation_msgs/msg'...\n"}
[8.247276] (formation_msgs) StdoutLine: {'line': b"Compiling '/home/tiffany/fyp_ws/install/formation_msgs/local/lib/python3.10/dist-packages/formation_msgs/msg/__init__.py'...\n"}
[8.247334] (formation_msgs) StdoutLine: {'line': b"Compiling '/home/tiffany/fyp_ws/install/formation_msgs/local/lib/python3.10/dist-packages/formation_msgs/msg/_drawn_shape.py'...\n"}
[8.247390] (formation_msgs) StdoutLine: {'line': b"Compiling '/home/tiffany/fyp_ws/install/formation_msgs/local/lib/python3.10/dist-packages/formation_msgs/msg/_drone_path.py'...\n"}
[8.247444] (formation_msgs) StdoutLine: {'line': b"Compiling '/home/tiffany/fyp_ws/install/formation_msgs/local/lib/python3.10/dist-packages/formation_msgs/msg/_drone_setpoint.py'...\n"}
[8.247495] (formation_msgs) StdoutLine: {'line': b"Compiling '/home/tiffany/fyp_ws/install/formation_msgs/local/lib/python3.10/dist-packages/formation_msgs/msg/_drone_state.py'...\n"}
[8.247548] (formation_msgs) StdoutLine: {'line': b"Compiling '/home/tiffany/fyp_ws/install/formation_msgs/local/lib/python3.10/dist-packages/formation_msgs/msg/_formation_goal.py'...\n"}
[8.247601] (formation_msgs) StdoutLine: {'line': b"Compiling '/home/tiffany/fyp_ws/install/formation_msgs/local/lib/python3.10/dist-packages/formation_msgs/msg/_generated_transform.py'...\n"}
[8.247652] (formation_msgs) StdoutLine: {'line': b"Compiling '/home/tiffany/fyp_ws/install/formation_msgs/local/lib/python3.10/dist-packages/formation_msgs/msg/_plan_status.py'...\n"}
[8.247705] (formation_msgs) StdoutLine: {'line': b"Compiling '/home/tiffany/fyp_ws/install/formation_msgs/local/lib/python3.10/dist-packages/formation_msgs/msg/_refinement_candidate.py'...\n"}
[8.247756] (formation_msgs) StdoutLine: {'line': b"Compiling '/home/tiffany/fyp_ws/install/formation_msgs/local/lib/python3.10/dist-packages/formation_msgs/msg/_refinement_cmd.py'...\n"}
[8.247807] (formation_msgs) StdoutLine: {'line': b"Compiling '/home/tiffany/fyp_ws/install/formation_msgs/local/lib/python3.10/dist-packages/formation_msgs/msg/_system_state.py'...\n"}
[8.247877] (formation_msgs) StdoutLine: {'line': b"Compiling '/home/tiffany/fyp_ws/install/formation_msgs/local/lib/python3.10/dist-packages/formation_msgs/msg/_user_command.py'...\n"}
[8.253001] (formation_msgs) StdoutLine: {'line': b'-- Installing: /home/tiffany/fyp_ws/install/formation_msgs/local/lib/python3.10/dist-packages/formation_msgs/formation_msgs_s__rosidl_typesupport_fastrtps_c.cpython-310-x86_64-linux-gnu.so\n'}
[8.253575] (formation_msgs) StdoutLine: {'line': b'-- Set runtime path of "/home/tiffany/fyp_ws/install/formation_msgs/local/lib/python3.10/dist-packages/formation_msgs/formation_msgs_s__rosidl_typesupport_fastrtps_c.cpython-310-x86_64-linux-gnu.so" to ""\n'}
[8.253915] (formation_msgs) StdoutLine: {'line': b'-- Installing: /home/tiffany/fyp_ws/install/formation_msgs/local/lib/python3.10/dist-packages/formation_msgs/formation_msgs_s__rosidl_typesupport_introspection_c.cpython-310-x86_64-linux-gnu.so\n'}
[8.254533] (formation_msgs) StdoutLine: {'line': b'-- Set runtime path of "/home/tiffany/fyp_ws/install/formation_msgs/local/lib/python3.10/dist-packages/formation_msgs/formation_msgs_s__rosidl_typesupport_introspection_c.cpython-310-x86_64-linux-gnu.so" to ""\n'}
[8.254774] (formation_msgs) StdoutLine: {'line': b'-- Installing: /home/tiffany/fyp_ws/install/formation_msgs/local/lib/python3.10/dist-packages/formation_msgs/formation_msgs_s__rosidl_typesupport_c.cpython-310-x86_64-linux-gnu.so\n'}
[8.255340] (formation_msgs) StdoutLine: {'line': b'-- Set runtime path of "/home/tiffany/fyp_ws/install/formation_msgs/local/lib/python3.10/dist-packages/formation_msgs/formation_msgs_s__rosidl_typesupport_c.cpython-310-x86_64-linux-gnu.so" to ""\n'}
[8.256353] (formation_msgs) StdoutLine: {'line': b'-- Installing: /home/tiffany/fyp_ws/install/formation_msgs/lib/libformation_msgs__rosidl_generator_py.so\n'}
[8.257095] (formation_msgs) StdoutLine: {'line': b'-- Set runtime path of "/home/tiffany/fyp_ws/install/formation_msgs/lib/libformation_msgs__rosidl_generator_py.so" to ""\n'}
[8.257310] (formation_msgs) StdoutLine: {'line': b'-- Up-to-date: /home/tiffany/fyp_ws/install/formation_msgs/share/ament_index/resource_index/rust_packages/formation_msgs\n'}
[8.257408] (formation_msgs) StdoutLine: {'line': b'-- Up-to-date: /home/tiffany/fyp_ws/install/formation_msgs/share/formation_msgs/rust\n'}
[8.257529] (formation_msgs) StdoutLine: {'line': b'-- Installing: /home/tiffany/fyp_ws/install/formation_msgs/share/formation_msgs/rust/build.rs\n'}
[8.257742] (formation_msgs) StdoutLine: {'line': b'-- Installing: /home/tiffany/fyp_ws/install/formation_msgs/share/formation_msgs/rust/Cargo.toml\n'}
[8.257931] (formation_msgs) StdoutLine: {'line': b'-- Up-to-date: /home/tiffany/fyp_ws/install/formation_msgs/share/formation_msgs/rust/src\n'}
[8.258176] (formation_msgs) StdoutLine: {'line': b'-- Installing: /home/tiffany/fyp_ws/install/formation_msgs/share/formation_msgs/rust/src/lib.rs\n'}
[8.258438] (formation_msgs) StdoutLine: {'line': b'-- Installing: /home/tiffany/fyp_ws/install/formation_msgs/share/formation_msgs/rust/src/msg.rs\n'}
[8.258707] (formation_msgs) StdoutLine: {'line': b'-- Up-to-date: /home/tiffany/fyp_ws/install/formation_msgs/share/formation_msgs/rust/src/msg\n'}
[8.258882] (formation_msgs) StdoutLine: {'line': b'-- Installing: /home/tiffany/fyp_ws/install/formation_msgs/share/formation_msgs/rust/src/msg/rmw.rs\n'}
[8.259426] (formation_msgs) StdoutLine: {'line': b'-- Up-to-date: /home/tiffany/fyp_ws/install/formation_msgs/share/formation_msgs/msg/DrawnShape.idl\n'}
[8.259598] (formation_msgs) StdoutLine: {'line': b'-- Up-to-date: /home/tiffany/fyp_ws/install/formation_msgs/share/formation_msgs/msg/FormationGoal.idl\n'}
[8.259726] (formation_msgs) StdoutLine: {'line': b'-- Up-to-date: /home/tiffany/fyp_ws/install/formation_msgs/share/formation_msgs/msg/DronePath.idl\n'}
[8.259821] (formation_msgs) StdoutLine: {'line': b'-- Up-to-date: /home/tiffany/fyp_ws/install/formation_msgs/share/formation_msgs/msg/DroneState.idl\n'}
[8.260017] (formation_msgs) StdoutLine: {'line': b'-- Up-to-date: /home/tiffany/fyp_ws/install/formation_msgs/share/formation_msgs/msg/RefinementCmd.idl\n'}
[8.260160] (formation_msgs) StdoutLine: {'line': b'-- Up-to-date: /home/tiffany/fyp_ws/install/formation_msgs/share/formation_msgs/msg/RefinementCandidate.idl\n'}
[8.260246] (formation_msgs) StdoutLine: {'line': b'-- Up-to-date: /home/tiffany/fyp_ws/install/formation_msgs/share/formation_msgs/msg/GeneratedTransform.idl\n'}
[8.260325] (formation_msgs) StdoutLine: {'line': b'-- Up-to-date: /home/tiffany/fyp_ws/install/formation_msgs/share/formation_msgs/msg/PlanStatus.idl\n'}
[8.260437] (formation_msgs) StdoutLine: {'line': b'-- Up-to-date: /home/tiffany/fyp_ws/install/formation_msgs/share/formation_msgs/msg/SystemState.idl\n'}
[8.260520] (formation_msgs) StdoutLine: {'line': b'-- Up-to-date: /home/tiffany/fyp_ws/install/formation_msgs/share/formation_msgs/msg/UserCommand.idl\n'}
[8.260600] (formation_msgs) StdoutLine: {'line': b'-- Installing: /home/tiffany/fyp_ws/install/formation_msgs/share/formation_msgs/msg/DroneSetpoint.idl\n'}
[8.260716] (formation_msgs) StdoutLine: {'line': b'-- Up-to-date: /home/tiffany/fyp_ws/install/formation_msgs/share/formation_msgs/msg/DrawnShape.msg\n'}
[8.260831] (formation_msgs) StdoutLine: {'line': b'-- Up-to-date: /home/tiffany/fyp_ws/install/formation_msgs/share/formation_msgs/msg/FormationGoal.msg\n'}
[8.260978] (formation_msgs) StdoutLine: {'line': b'-- Up-to-date: /home/tiffany/fyp_ws/install/formation_msgs/share/formation_msgs/msg/DronePath.msg\n'}
[8.261108] (formation_msgs) StdoutLine: {'line': b'-- Up-to-date: /home/tiffany/fyp_ws/install/formation_msgs/share/formation_msgs/msg/DroneState.msg\n'}
[8.261188] (formation_msgs) StdoutLine: {'line': b'-- Up-to-date: /home/tiffany/fyp_ws/install/formation_msgs/share/formation_msgs/msg/RefinementCmd.msg\n'}
[8.261261] (formation_msgs) StdoutLine: {'line': b'-- Up-to-date: /home/tiffany/fyp_ws/install/formation_msgs/share/formation_msgs/msg/RefinementCandidate.msg\n'}
[8.261378] (formation_msgs) StdoutLine: {'line': b'-- Up-to-date: /home/tiffany/fyp_ws/install/formation_msgs/share/formation_msgs/msg/GeneratedTransform.msg\n'}
[8.261572] (formation_msgs) StdoutLine: {'line': b'-- Up-to-date: /home/tiffany/fyp_ws/install/formation_msgs/share/formation_msgs/msg/PlanStatus.msg\n'}
[8.261762] (formation_msgs) StdoutLine: {'line': b'-- Up-to-date: /home/tiffany/fyp_ws/install/formation_msgs/share/formation_msgs/msg/SystemState.msg\n'}
[8.261985] (formation_msgs) StdoutLine: {'line': b'-- Up-to-date: /home/tiffany/fyp_ws/install/formation_msgs/share/formation_msgs/msg/UserCommand.msg\n'}
[8.262186] (formation_msgs) StdoutLine: {'line': b'-- Installing: /home/tiffany/fyp_ws/install/formation_msgs/share/formation_msgs/msg/DroneSetpoint.msg\n'}
[8.262287] (formation_msgs) StdoutLine: {'line': b'-- Up-to-date: /home/tiffany/fyp_ws/install/formation_msgs/share/ament_index/resource_index/package_run_dependencies/formation_msgs\n'}
[8.262355] (formation_msgs) StdoutLine: {'line': b'-- Up-to-date: /home/tiffany/fyp_ws/install/formation_msgs/share/ament_index/resource_index/parent_prefix_path/formation_msgs\n'}
[8.262422] (formation_msgs) StdoutLine: {'line': b'-- Up-to-date: /home/tiffany/fyp_ws/install/formation_msgs/share/formation_msgs/environment/ament_prefix_path.sh\n'}
[8.262495] (formation_msgs) StdoutLine: {'line': b'-- Installing: /home/tiffany/fyp_ws/install/formation_msgs/share/formation_msgs/environment/ament_prefix_path.dsv\n'}
[8.262600] (formation_msgs) StdoutLine: {'line': b'-- Up-to-date: /home/tiffany/fyp_ws/install/formation_msgs/share/formation_msgs/environment/path.sh\n'}
[8.262717] (formation_msgs) StdoutLine: {'line': b'-- Installing: /home/tiffany/fyp_ws/install/formation_msgs/share/formation_msgs/environment/path.dsv\n'}
[8.262862] (formation_msgs) StdoutLine: {'line': b'-- Up-to-date: /home/tiffany/fyp_ws/install/formation_msgs/share/formation_msgs/local_setup.bash\n'}
[8.263012] (formation_msgs) StdoutLine: {'line': b'-- Up-to-date: /home/tiffany/fyp_ws/install/formation_msgs/share/formation_msgs/local_setup.sh\n'}
[8.263100] (formation_msgs) StdoutLine: {'line': b'-- Up-to-date: /home/tiffany/fyp_ws/install/formation_msgs/share/formation_msgs/local_setup.zsh\n'}
[8.263173] (formation_msgs) StdoutLine: {'line': b'-- Installing: /home/tiffany/fyp_ws/install/formation_msgs/share/formation_msgs/local_setup.dsv\n'}
[8.263229] (formation_msgs) StdoutLine: {'line': b'-- Installing: /home/tiffany/fyp_ws/install/formation_msgs/share/formation_msgs/package.dsv\n'}
[8.263367] (formation_msgs) StdoutLine: {'line': b'-- Up-to-date: /home/tiffany/fyp_ws/install/formation_msgs/share/ament_index/resource_index/packages/formation_msgs\n'}
[8.263734] (formation_msgs) StdoutLine: {'line': b'-- Up-to-date: /home/tiffany/fyp_ws/install/formation_msgs/share/formation_msgs/cmake/export_formation_msgs__rosidl_generator_cExport.cmake\n'}
[8.263924] (formation_msgs) StdoutLine: {'line': b'-- Up-to-date: /home/tiffany/fyp_ws/install/formation_msgs/share/formation_msgs/cmake/export_formation_msgs__rosidl_generator_cExport-noconfig.cmake\n'}
[8.264099] (formation_msgs) StdoutLine: {'line': b'-- Up-to-date: /home/tiffany/fyp_ws/install/formation_msgs/share/formation_msgs/cmake/export_formation_msgs__rosidl_typesupport_fastrtps_cExport.cmake\n'}
[8.264220] (formation_msgs) StdoutLine: {'line': b'-- Up-to-date: /home/tiffany/fyp_ws/install/formation_msgs/share/formation_msgs/cmake/export_formation_msgs__rosidl_typesupport_fastrtps_cExport-noconfig.cmake\n'}
[8.264426] (formation_msgs) StdoutLine: {'line': b'-- Up-to-date: /home/tiffany/fyp_ws/install/formation_msgs/share/formation_msgs/cmake/formation_msgs__rosidl_typesupport_introspection_cExport.cmake\n'}
[8.264520] (formation_msgs) StdoutLine: {'line': b'-- Up-to-date: /home/tiffany/fyp_ws/install/formation_msgs/share/formation_msgs/cmake/formation_msgs__rosidl_typesupport_introspection_cExport-noconfig.cmake\n'}
[8.264933] (formation_msgs) StdoutLine: {'line': b'-- Up-to-date: /home/tiffany/fyp_ws/install/formation_msgs/share/formation_msgs/cmake/formation_msgs__rosidl_typesupport_cExport.cmake\n'}
[8.265091] (formation_msgs) StdoutLine: {'line': b'-- Up-to-date: /home/tiffany/fyp_ws/install/formation_msgs/share/formation_msgs/cmake/formation_msgs__rosidl_typesupport_cExport-noconfig.cmake\n'}
[8.265329] (formation_msgs) StdoutLine: {'line': b'-- Up-to-date: /home/tiffany/fyp_ws/install/formation_msgs/share/formation_msgs/cmake/export_formation_msgs__rosidl_generator_cppExport.cmake\n'}
[8.265709] (formation_msgs) StdoutLine: {'line': b'-- Up-to-date: /home/tiffany/fyp_ws/install/formation_msgs/share/formation_msgs/cmake/export_formation_msgs__rosidl_typesupport_fastrtps_cppExport.cmake\n'}
[8.265954] (formation_msgs) StdoutLine: {'line': b'-- Up-to-date: /home/tiffany/fyp_ws/install/formation_msgs/share/formation_msgs/cmake/export_formation_msgs__rosidl_typesupport_fastrtps_cppExport-noconfig.cmake\n'}
[8.266145] (formation_msgs) StdoutLine: {'line': b'-- Up-to-date: /home/tiffany/fyp_ws/install/formation_msgs/share/formation_msgs/cmake/formation_msgs__rosidl_typesupport_introspection_cppExport.cmake\n'}
[8.266295] (formation_msgs) StdoutLine: {'line': b'-- Up-to-date: /home/tiffany/fyp_ws/install/formation_msgs/share/formation_msgs/cmake/formation_msgs__rosidl_typesupport_introspection_cppExport-noconfig.cmake\n'}
[8.266539] (formation_msgs) StdoutLine: {'line': b'-- Up-to-date: /home/tiffany/fyp_ws/install/formation_msgs/share/formation_msgs/cmake/formation_msgs__rosidl_typesupport_cppExport.cmake\n'}
[8.266742] (formation_msgs) StdoutLine: {'line': b'-- Up-to-date: /home/tiffany/fyp_ws/install/formation_msgs/share/formation_msgs/cmake/formation_msgs__rosidl_typesupport_cppExport-noconfig.cmake\n'}
[8.266998] (formation_msgs) StdoutLine: {'line': b'-- Up-to-date: /home/tiffany/fyp_ws/install/formation_msgs/share/formation_msgs/cmake/export_formation_msgs__rosidl_generator_pyExport.cmake\n'}
[8.267179] (formation_msgs) StdoutLine: {'line': b'-- Up-to-date: /home/tiffany/fyp_ws/install/formation_msgs/share/formation_msgs/cmake/export_formation_msgs__rosidl_generator_pyExport-noconfig.cmake\n'}
[8.267292] (formation_msgs) StdoutLine: {'line': b'-- Installing: /home/tiffany/fyp_ws/install/formation_msgs/share/formation_msgs/cmake/rosidl_cmake-extras.cmake\n'}
[8.267422] (formation_msgs) StdoutLine: {'line': b'-- Up-to-date: /home/tiffany/fyp_ws/install/formation_msgs/share/formation_msgs/cmake/ament_cmake_export_dependencies-extras.cmake\n'}
[8.267533] (formation_msgs) StdoutLine: {'line': b'-- Up-to-date: /home/tiffany/fyp_ws/install/formation_msgs/share/formation_msgs/cmake/ament_cmake_export_include_directories-extras.cmake\n'}
[8.267649] (formation_msgs) StdoutLine: {'line': b'-- Up-to-date: /home/tiffany/fyp_ws/install/formation_msgs/share/formation_msgs/cmake/ament_cmake_export_libraries-extras.cmake\n'}
[8.267745] (formation_msgs) StdoutLine: {'line': b'-- Up-to-date: /home/tiffany/fyp_ws/install/formation_msgs/share/formation_msgs/cmake/ament_cmake_export_targets-extras.cmake\n'}
[8.267834] (formation_msgs) StdoutLine: {'line': b'-- Up-to-date: /home/tiffany/fyp_ws/install/formation_msgs/share/formation_msgs/cmake/rosidl_cmake_export_typesupport_targets-extras.cmake\n'}
[8.267969] (formation_msgs) StdoutLine: {'line': b'-- Up-to-date: /home/tiffany/fyp_ws/install/formation_msgs/share/formation_msgs/cmake/rosidl_cmake_export_typesupport_libraries-extras.cmake\n'}
[8.268066] (formation_msgs) StdoutLine: {'line': b'-- Up-to-date: /home/tiffany/fyp_ws/install/formation_msgs/share/formation_msgs/cmake/formation_msgsConfig.cmake\n'}
[8.268134] (formation_msgs) StdoutLine: {'line': b'-- Up-to-date: /home/tiffany/fyp_ws/install/formation_msgs/share/formation_msgs/cmake/formation_msgsConfig-version.cmake\n'}
[8.268201] (formation_msgs) StdoutLine: {'line': b'-- Up-to-date: /home/tiffany/fyp_ws/install/formation_msgs/share/formation_msgs/package.xml\n'}
[8.271772] (formation_msgs) CommandEnded: {'returncode': 0}
[8.291221] (formation_msgs) JobEnded: {'identifier': 'formation_msgs', 'rc': 0}
[8.292120] (drone_control) JobStarted: {'identifier': 'drone_control'}
[8.296729] (formation_planner) JobStarted: {'identifier': 'formation_planner'}
[8.303353] (formation_ui) JobStarted: {'identifier': 'formation_ui'}
[8.308126] (llm_refinement) JobStarted: {'identifier': 'llm_refinement'}
[8.315898] (task_manager) JobStarted: {'identifier': 'task_manager'}
[8.324599] (-) TimerEvent: {}
[8.424881] (-) TimerEvent: {}
[8.525195] (-) TimerEvent: {}
[8.625486] (-) TimerEvent: {}
[8.725790] (-) TimerEvent: {}
[8.826142] (-) TimerEvent: {}
[8.926469] (-) TimerEvent: {}
[9.026804] (-) TimerEvent: {}
[9.127169] (-) TimerEvent: {}
[9.227632] (-) TimerEvent: {}
[9.327980] (-) TimerEvent: {}
[9.428312] (-) TimerEvent: {}
[9.528631] (-) TimerEvent: {}
[9.629019] (-) TimerEvent: {}
[9.729378] (-) TimerEvent: {}
[9.829753] (-) TimerEvent: {}
[9.930172] (-) TimerEvent: {}
[10.030535] (-) TimerEvent: {}
[10.130884] (-) TimerEvent: {}
[10.231308] (-) TimerEvent: {}
[10.275206] (llm_refinement) Command: {'cmd': ['/usr/bin/python3', '-W', 'ignore:setup.py install is deprecated', '-W', 'ignore:easy_install command is deprecated', 'setup.py', 'egg_info', '--egg-base', '../../build/llm_refinement', 'build', '--build-base', '/home/tiffany/fyp_ws/build/llm_refinement/build', 'install', '--record', '/home/tiffany/fyp_ws/build/llm_refinement/install.log', '--install-scripts', '$base/lib/llm_refinement', '--single-version-externally-managed', 'install_data'], 'cwd': '/home/tiffany/fyp_ws/src/llm_refinement', 'env': {'LESSOPEN': '| /usr/bin/lesspipe %s', 'USER': 'tiffany', 'LC_TIME': 'id_ID.UTF-8', 'XDG_SESSION_TYPE': 'wayland', 'SHLVL': '1', 'LD_LIBRARY_PATH': '/home/tiffany/fyp_ws/install/formation_msgs/lib:/opt/ros/humble/opt/rviz_ogre_vendor/lib:/opt/ros/humble/lib/x86_64-linux-gnu:/opt/ros/humble/lib', 'HOME': '/home/tiffany', 'OLDPWD': '/home/tiffany', 'DESKTOP_SESSION': 'ubuntu', 'ROS_PYTHON_VERSION': '3', 'GNOME_SHELL_SESSION_MODE': 'ubuntu', 'GTK_MODULES': 'gail:atk-bridge', 'LC_MONETARY': 'id_ID.UTF-8', 'SYSTEMD_EXEC_PID': '1820', 'DBUS_SESSION_BUS_ADDRESS': 'unix:path=/run/user/1000/bus', 'COLORTERM': 'truecolor', 'IM_CONFIG_PHASE': '1', 'WAYLAND_DISPLAY': 'wayland-0', 'ROS_DISTRO': 'humble', 'LOGNAME': 'tiffany', '_': '/usr/bin/colcon', 'ROS_VERSION': '2', 'XDG_SESSION_CLASS': 'user', 'USERNAME': 'tiffany', 'TERM': 'xterm-256color', 'GNOME_DESKTOP_SESSION_ID': 'this-is-deprecated', 'ROS_LOCALHOST_ONLY': '0', 'PATH': '/opt/ros/humble/bin:/home/tiffany/.local/bin:/usr/local/sbin:/usr/local/bin:/usr/sbin:/usr/bin:/sbin:/bin:/usr/games:/usr/local/games:/snap/bin:/snap/bin', 'SESSION_MANAGER': 'local/tiffany-HP:@/tmp/.ICE-unix/1603,unix/tiffany-HP:/tmp/.ICE-unix/1603', 'XDG_MENU_PREFIX': 'gnome-', 'LC_ADDRESS': 'id_ID.UTF-8', 'GNOME_TERMINAL_SCREEN': '/org/gnome/Terminal/screen/a3934f5b_2fd0_4edb_b64a_4b32a7adb2fa', 'GNOME_SETUP_DISPLAY': ':1', 'XDG_RUNTIME_DIR': '/run/user/1000', 'DISPLAY': ':0', 'LANG': 'en_US.UTF-8', 'XDG_CURRENT_DESKTOP': 'ubuntu:GNOME', 'LC_TELEPHONE': 'id_ID.UTF-8', 'XMODIFIERS': '@im=ibus', 'XDG_SESSION_DESKTOP': 'ubuntu', 'XAUTHORITY': '/run/user/1000/.mutter-Xwaylandauth.E2BUV3', 'LS_COLORS': 'rs=0:di=01;34:ln=01;36:mh=00:pi=40;33:so=01;35:do=01;35:bd=40;33;01:cd=40;33;01:or=40;31;01:mi=00:su=37;41:sg=30;43:ca=30;41:tw=30;42:ow=34;42:st=37;44:ex=01;32:*.tar=01;31:*.tgz=01;31:*.arc=01;31:*.arj=01;31:*.taz=01;31:*.lha=01;31:*.lz4=01;31:*.lzh=01;31:*.lzma=01;31:*.tlz=01;31:*.txz=01;31:*.tzo=01;31:*.t7z=01;31:*.zip=01;31:*.z=01;31:*.dz=01;31:*.gz=01;31:*.lrz=01;31:*.lz=01;31:*.lzo=01;31:*.xz=01;31:*.zst=01;31:*.tzst=01;31:*.bz2=01;31:*.bz=01;31:*.tbz=01;31:*.tbz2=01;31:*.tz=01;31:*.deb=01;31:*.rpm=01;31:*.jar=01;31:*.war=01;31:*.ear=01;31:*.sar=01;31:*.rar=01;31:*.alz=01;31:*.ace=01;31:*.zoo=01;31:*.cpio=01;31:*.7z=01;31:*.rz=01;31:*.cab=01;31:*.wim=01;31:*.swm=01;31:*.dwm=01;31:*.esd=01;31:*.jpg=01;35:*.jpeg=01;35:*.mjpg=01;35:*.mjpeg=01;35:*.gif=01;35:*.bmp=01;35:*.pbm=01;35:*.pgm=01;35:*.ppm=01;35:*.tga=01;35:*.xbm=01;35:*.xpm=01;35:*.tif=01;35:*.tiff=01;35:*.png=01;35:*.svg=01;35:*.svgz=01;35:*.mng=01;35:*.pcx=01;35:*.mov=01;35:*.mpg=01;35:*.mpeg=01;35:*.m2v=01;35:*.mkv=01;35:*.webm=01;35:*.webp=01;35:*.ogm=01;35:*.mp4=01;35:*.m4v=01;35:*.mp4v=01;35:*.vob=01;35:*.qt=01;35:*.nuv=01;35:*.wmv=01;35:*.asf=01;35:*.rm=01;35:*.rmvb=01;35:*.flc=01;35:*.avi=01;35:*.fli=01;35:*.flv=01;35:*.gl=01;35:*.dl=01;35:*.xcf=01;35:*.xwd=01;35:*.yuv=01;35:*.cgm=01;35:*.emf=01;35:*.ogv=01;35:*.ogx=01;35:*.aac=00;36:*.au=00;36:*.flac=00;36:*.m4a=00;36:*.mid=00;36:*.midi=00;36:*.mka=00;36:*.mp3=00;36:*.mpc=00;36:*.ogg=00;36:*.ra=00;36:*.wav=00;36:*.oga=00;36:*.opus=00;36:*.spx=00;36:*.xspf=00;36:', 'GNOME_TERMINAL_SERVICE': ':1.103', 'SSH_AGENT_LAUNCHER': 'gnome-keyring', 'SSH_AUTH_SOCK': '/run/user/1000/keyring/ssh', 'AMENT_PREFIX_PATH': '/home/tiffany/fyp_ws/install/formation_msgs:/opt/ros/humble', 'SHELL': '/bin/bash', 'LC_NAME': 'id_ID.UTF-8', 'QT_ACCESSIBILITY': '1', 'GDMSESSION': 'ubuntu', 'LESSCLOSE': '/usr/bin/lesspipe %s %s', 'IGN_GAZEBO_RESOURCE_PATH': ':/home/tiffany/fyp_ws/src/formation_gazebo/models', 'LC_MEASUREMENT': 'id_ID.UTF-8', 'LC_IDENTIFICATION': 'id_ID.UTF-8', 'QT_IM_MODULE': 'ibus', 'PWD': '/home/tiffany/fyp_ws/build/llm_refinement', 'LC_ALL': 'en_US.UTF-8', 'XDG_CONFIG_DIRS': '/etc/xdg/xdg-ubuntu:/etc/xdg', 'XDG_DATA_DIRS': '/usr/share/ubuntu:/usr/local/share/:/usr/share/:/var/lib/snapd/desktop', 'PYTHONPATH': '/home/tiffany/fyp_ws/build/llm_refinement/prefix_override:/usr/lib/python3/dist-packages/colcon_core/task/python/colcon_distutils_commands:/home/tiffany/fyp_ws/install/llm_refinement/lib/python3.10/site-packages:/home/tiffany/fyp_ws/install/formation_msgs/local/lib/python3.10/dist-packages:/opt/ros/humble/lib/python3.10/site-packages:/opt/ros/humble/local/lib/python3.10/dist-packages', 'LC_NUMERIC': 'id_ID.UTF-8', 'LC_PAPER': 'id_ID.UTF-8', 'COLCON': '1', 'VTE_VERSION': '6800', 'CMAKE_PREFIX_PATH': '/home/tiffany/fyp_ws/install/formation_msgs'}, 'shell': False}
[10.278674] (formation_ui) Command: {'cmd': ['/usr/bin/python3', '-W', 'ignore:setup.py install is deprecated', '-W', 'ignore:easy_install command is deprecated', 'setup.py', 'egg_info', '--egg-base', '../../build/formation_ui', 'build', '--build-base', '/home/tiffany/fyp_ws/build/formation_ui/build', 'install', '--record', '/home/tiffany/fyp_ws/build/formation_ui/install.log', '--install-scripts', '$base/lib/formation_ui', '--single-version-externally-managed', 'install_data'], 'cwd': '/home/tiffany/fyp_ws/src/formation_ui', 'env': {'LESSOPEN': '| /usr/bin/lesspipe %s', 'USER': 'tiffany', 'LC_TIME': 'id_ID.UTF-8', 'XDG_SESSION_TYPE': 'wayland', 'SHLVL': '1', 'LD_LIBRARY_PATH': '/home/tiffany/fyp_ws/install/formation_msgs/lib:/opt/ros/humble/opt/rviz_ogre_vendor/lib:/opt/ros/humble/lib/x86_64-linux-gnu:/opt/ros/humble/lib', 'HOME': '/home/tiffany', 'OLDPWD': '/home/tiffany', 'DESKTOP_SESSION': 'ubuntu', 'ROS_PYTHON_VERSION': '3', 'GNOME_SHELL_SESSION_MODE': 'ubuntu', 'GTK_MODULES': 'gail:atk-bridge', 'LC_MONETARY': 'id_ID.UTF-8', 'SYSTEMD_EXEC_PID': '1820', 'DBUS_SESSION_BUS_ADDRESS': 'unix:path=/run/user/1000/bus', 'COLORTERM': 'truecolor', 'IM_CONFIG_PHASE': '1', 'WAYLAND_DISPLAY': 'wayland-0', 'ROS_DISTRO': 'humble', 'LOGNAME': 'tiffany', '_': '/usr/bin/colcon', 'ROS_VERSION': '2', 'XDG_SESSION_CLASS': 'user', 'USERNAME': 'tiffany', 'TERM': 'xterm-256color', 'GNOME_DESKTOP_SESSION_ID': 'this-is-deprecated', 'ROS_LOCALHOST_ONLY': '0', 'PATH': '/opt/ros/humble/bin:/home/tiffany/.local/bin:/usr/local/sbin:/usr/local/bin:/usr/sbin:/usr/bin:/sbin:/bin:/usr/games:/usr/local/games:/snap/bin:/snap/bin', 'SESSION_MANAGER': 'local/tiffany-HP:@/tmp/.ICE-unix/1603,unix/tiffany-HP:/tmp/.ICE-unix/1603', 'XDG_MENU_PREFIX': 'gnome-', 'LC_ADDRESS': 'id_ID.UTF-8', 'GNOME_TERMINAL_SCREEN': '/org/gnome/Terminal/screen/a3934f5b_2fd0_4edb_b64a_4b32a7adb2fa', 'GNOME_SETUP_DISPLAY': ':1', 'XDG_RUNTIME_DIR': '/run/user/1000', 'DISPLAY': ':0', 'LANG': 'en_US.UTF-8', 'XDG_CURRENT_DESKTOP': 'ubuntu:GNOME', 'LC_TELEPHONE': 'id_ID.UTF-8', 'XMODIFIERS': '@im=ibus', 'XDG_SESSION_DESKTOP': 'ubuntu', 'XAUTHORITY': '/run/user/1000/.mutter-Xwaylandauth.E2BUV3', 'LS_COLORS': 'rs=0:di=01;34:ln=01;36:mh=00:pi=40;33:so=01;35:do=01;35:bd=40;33;01:cd=40;33;01:or=40;31;01:mi=00:su=37;41:sg=30;43:ca=30;41:tw=30;42:ow=34;42:st=37;44:ex=01;32:*.tar=01;31:*.tgz=01;31:*.arc=01;31:*.arj=01;31:*.taz=01;31:*.lha=01;31:*.lz4=01;31:*.lzh=01;31:*.lzma=01;31:*.tlz=01;31:*.txz=01;31:*.tzo=01;31:*.t7z=01;31:*.zip=01;31:*.z=01;31:*.dz=01;31:*.gz=01;31:*.lrz=01;31:*.lz=01;31:*.lzo=01;31:*.xz=01;31:*.zst=01;31:*.tzst=01;31:*.bz2=01;31:*.bz=01;31:*.tbz=01;31:*.tbz2=01;31:*.tz=01;31:*.deb=01;31:*.rpm=01;31:*.jar=01;31:*.war=01;31:*.ear=01;31:*.sar=01;31:*.rar=01;31:*.alz=01;31:*.ace=01;31:*.zoo=01;31:*.cpio=01;31:*.7z=01;31:*.rz=01;31:*.cab=01;31:*.wim=01;31:*.swm=01;31:*.dwm=01;31:*.esd=01;31:*.jpg=01;35:*.jpeg=01;35:*.mjpg=01;35:*.mjpeg=01;35:*.gif=01;35:*.bmp=01;35:*.pbm=01;35:*.pgm=01;35:*.ppm=01;35:*.tga=01;35:*.xbm=01;35:*.xpm=01;35:*.tif=01;35:*.tiff=01;35:*.png=01;35:*.svg=01;35:*.svgz=01;35:*.mng=01;35:*.pcx=01;35:*.mov=01;35:*.mpg=01;35:*.mpeg=01;35:*.m2v=01;35:*.mkv=01;35:*.webm=01;35:*.webp=01;35:*.ogm=01;35:*.mp4=01;35:*.m4v=01;35:*.mp4v=01;35:*.vob=01;35:*.qt=01;35:*.nuv=01;35:*.wmv=01;35:*.asf=01;35:*.rm=01;35:*.rmvb=01;35:*.flc=01;35:*.avi=01;35:*.fli=01;35:*.flv=01;35:*.gl=01;35:*.dl=01;35:*.xcf=01;35:*.xwd=01;35:*.yuv=01;35:*.cgm=01;35:*.emf=01;35:*.ogv=01;35:*.ogx=01;35:*.aac=00;36:*.au=00;36:*.flac=00;36:*.m4a=00;36:*.mid=00;36:*.midi=00;36:*.mka=00;36:*.mp3=00;36:*.mpc=00;36:*.ogg=00;36:*.ra=00;36:*.wav=00;36:*.oga=00;36:*.opus=00;36:*.spx=00;36:*.xspf=00;36:', 'GNOME_TERMINAL_SERVICE': ':1.103', 'SSH_AGENT_LAUNCHER': 'gnome-keyring', 'SSH_AUTH_SOCK': '/run/user/1000/keyring/ssh', 'AMENT_PREFIX_PATH': '/home/tiffany/fyp_ws/install/formation_msgs:/opt/ros/humble', 'SHELL': '/bin/bash', 'LC_NAME': 'id_ID.UTF-8', 'QT_ACCESSIBILITY': '1', 'GDMSESSION': 'ubuntu', 'LESSCLOSE': '/usr/bin/lesspipe %s %s', 'IGN_GAZEBO_RESOURCE_PATH': ':/home/tiffany/fyp_ws/src/formation_gazebo/models', 'LC_MEASUREMENT': 'id_ID.UTF-8', 'LC_IDENTIFICATION': 'id_ID.UTF-8', 'QT_IM_MODULE': 'ibus', 'PWD': '/home/tiffany/fyp_ws/build/formation_ui', 'LC_ALL': 'en_US.UTF-8', 'XDG_CONFIG_DIRS': '/etc/xdg/xdg-ubuntu:/etc/xdg', 'XDG_DATA_DIRS': '/usr/share/ubuntu:/usr/local/share/:/usr/share/:/var/lib/snapd/desktop', 'PYTHONPATH': '/home/tiffany/fyp_ws/build/formation_ui/prefix_override:/usr/lib/python3/dist-packages/colcon_core/task/python/colcon_distutils_commands:/home/tiffany/fyp_ws/install/formation_ui/lib/python3.10/site-packages:/home/tiffany/fyp_ws/install/formation_msgs/local/lib/python3.10/dist-packages:/opt/ros/humble/lib/python3.10/site-packages:/opt/ros/humble/local/lib/python3.10/dist-packages', 'LC_NUMERIC': 'id_ID.UTF-8', 'LC_PAPER': 'id_ID.UTF-8', 'COLCON': '1', 'VTE_VERSION': '6800', 'CMAKE_PREFIX_PATH': '/home/tiffany/fyp_ws/install/formation_msgs'}, 'shell': False}
[10.283541] (task_manager) Command: {'cmd': ['/usr/bin/python3', '-W', 'ignore:setup.py install is deprecated', '-W', 'ignore:easy_install command is deprecated', 'setup.py', 'egg_info', '--egg-base', '../../build/task_manager', 'build', '--build-base', '/home/tiffany/fyp_ws/build/task_manager/build', 'install', '--record', '/home/tiffany/fyp_ws/build/task_manager/install.log', '--install-scripts', '$base/lib/task_manager', '--single-version-externally-managed', 'install_data'], 'cwd': '/home/tiffany/fyp_ws/src/task_manager', 'env': {'LESSOPEN': '| /usr/bin/lesspipe %s', 'USER': 'tiffany', 'LC_TIME': 'id_ID.UTF-8', 'XDG_SESSION_TYPE': 'wayland', 'SHLVL': '1', 'LD_LIBRARY_PATH': '/home/tiffany/fyp_ws/install/formation_msgs/lib:/opt/ros/humble/opt/rviz_ogre_vendor/lib:/opt/ros/humble/lib/x86_64-linux-gnu:/opt/ros/humble/lib', 'HOME': '/home/tiffany', 'OLDPWD': '/home/tiffany', 'DESKTOP_SESSION': 'ubuntu', 'ROS_PYTHON_VERSION': '3', 'GNOME_SHELL_SESSION_MODE': 'ubuntu', 'GTK_MODULES': 'gail:atk-bridge', 'LC_MONETARY': 'id_ID.UTF-8', 'SYSTEMD_EXEC_PID': '1820', 'DBUS_SESSION_BUS_ADDRESS': 'unix:path=/run/user/1000/bus', 'COLORTERM': 'truecolor', 'IM_CONFIG_PHASE': '1', 'WAYLAND_DISPLAY': 'wayland-0', 'ROS_DISTRO': 'humble', 'LOGNAME': 'tiffany', '_': '/usr/bin/colcon', 'ROS_VERSION': '2', 'XDG_SESSION_CLASS': 'user', 'USERNAME': 'tiffany', 'TERM': 'xterm-256color', 'GNOME_DESKTOP_SESSION_ID': 'this-is-deprecated', 'ROS_LOCALHOST_ONLY': '0', 'PATH': '/opt/ros/humble/bin:/home/tiffany/.local/bin:/usr/local/sbin:/usr/local/bin:/usr/sbin:/usr/bin:/sbin:/bin:/usr/games:/usr/local/games:/snap/bin:/snap/bin', 'SESSION_MANAGER': 'local/tiffany-HP:@/tmp/.ICE-unix/1603,unix/tiffany-HP:/tmp/.ICE-unix/1603', 'XDG_MENU_PREFIX': 'gnome-', 'LC_ADDRESS': 'id_ID.UTF-8', 'GNOME_TERMINAL_SCREEN': '/org/gnome/Terminal/screen/a3934f5b_2fd0_4edb_b64a_4b32a7adb2fa', 'GNOME_SETUP_DISPLAY': ':1', 'XDG_RUNTIME_DIR': '/run/user/1000', 'DISPLAY': ':0', 'LANG': 'en_US.UTF-8', 'XDG_CURRENT_DESKTOP': 'ubuntu:GNOME', 'LC_TELEPHONE': 'id_ID.UTF-8', 'XMODIFIERS': '@im=ibus', 'XDG_SESSION_DESKTOP': 'ubuntu', 'XAUTHORITY': '/run/user/1000/.mutter-Xwaylandauth.E2BUV3', 'LS_COLORS': 'rs=0:di=01;34:ln=01;36:mh=00:pi=40;33:so=01;35:do=01;35:bd=40;33;01:cd=40;33;01:or=40;31;01:mi=00:su=37;41:sg=30;43:ca=30;41:tw=30;42:ow=34;42:st=37;44:ex=01;32:*.tar=01;31:*.tgz=01;31:*.arc=01;31:*.arj=01;31:*.taz=01;31:*.lha=01;31:*.lz4=01;31:*.lzh=01;31:*.lzma=01;31:*.tlz=01;31:*.txz=01;31:*.tzo=01;31:*.t7z=01;31:*.zip=01;31:*.z=01;31:*.dz=01;31:*.gz=01;31:*.lrz=01;31:*.lz=01;31:*.lzo=01;31:*.xz=01;31:*.zst=01;31:*.tzst=01;31:*.bz2=01;31:*.bz=01;31:*.tbz=01;31:*.tbz2=01;31:*.tz=01;31:*.deb=01;31:*.rpm=01;31:*.jar=01;31:*.war=01;31:*.ear=01;31:*.sar=01;31:*.rar=01;31:*.alz=01;31:*.ace=01;31:*.zoo=01;31:*.cpio=01;31:*.7z=01;31:*.rz=01;31:*.cab=01;31:*.wim=01;31:*.swm=01;31:*.dwm=01;31:*.esd=01;31:*.jpg=01;35:*.jpeg=01;35:*.mjpg=01;35:*.mjpeg=01;35:*.gif=01;35:*.bmp=01;35:*.pbm=01;35:*.pgm=01;35:*.ppm=01;35:*.tga=01;35:*.xbm=01;35:*.xpm=01;35:*.tif=01;35:*.tiff=01;35:*.png=01;35:*.svg=01;35:*.svgz=01;35:*.mng=01;35:*.pcx=01;35:*.mov=01;35:*.mpg=01;35:*.mpeg=01;35:*.m2v=01;35:*.mkv=01;35:*.webm=01;35:*.webp=01;35:*.ogm=01;35:*.mp4=01;35:*.m4v=01;35:*.mp4v=01;35:*.vob=01;35:*.qt=01;35:*.nuv=01;35:*.wmv=01;35:*.asf=01;35:*.rm=01;35:*.rmvb=01;35:*.flc=01;35:*.avi=01;35:*.fli=01;35:*.flv=01;35:*.gl=01;35:*.dl=01;35:*.xcf=01;35:*.xwd=01;35:*.yuv=01;35:*.cgm=01;35:*.emf=01;35:*.ogv=01;35:*.ogx=01;35:*.aac=00;36:*.au=00;36:*.flac=00;36:*.m4a=00;36:*.mid=00;36:*.midi=00;36:*.mka=00;36:*.mp3=00;36:*.mpc=00;36:*.ogg=00;36:*.ra=00;36:*.wav=00;36:*.oga=00;36:*.opus=00;36:*.spx=00;36:*.xspf=00;36:', 'GNOME_TERMINAL_SERVICE': ':1.103', 'SSH_AGENT_LAUNCHER': 'gnome-keyring', 'SSH_AUTH_SOCK': '/run/user/1000/keyring/ssh', 'AMENT_PREFIX_PATH': '/home/tiffany/fyp_ws/install/formation_msgs:/opt/ros/humble', 'SHELL': '/bin/bash', 'LC_NAME': 'id_ID.UTF-8', 'QT_ACCESSIBILITY': '1', 'GDMSESSION': 'ubuntu', 'LESSCLOSE': '/usr/bin/lesspipe %s %s', 'IGN_GAZEBO_RESOURCE_PATH': ':/home/tiffany/fyp_ws/src/formation_gazebo/models', 'LC_MEASUREMENT': 'id_ID.UTF-8', 'LC_IDENTIFICATION': 'id_ID.UTF-8', 'QT_IM_MODULE': 'ibus', 'PWD': '/home/tiffany/fyp_ws/build/task_manager', 'LC_ALL': 'en_US.UTF-8', 'XDG_CONFIG_DIRS': '/etc/xdg/xdg-ubuntu:/etc/xdg', 'XDG_DATA_DIRS': '/usr/share/ubuntu:/usr/local/share/:/usr/share/:/var/lib/snapd/desktop', 'PYTHONPATH': '/home/tiffany/fyp_ws/build/task_manager/prefix_override:/usr/lib/python3/dist-packages/colcon_core/task/python/colcon_distutils_commands:/home/tiffany/fyp_ws/install/task_manager/lib/python3.10/site-packages:/home/tiffany/fyp_ws/install/formation_msgs/local/lib/python3.10/dist-packages:/opt/ros/humble/lib/python3.10/site-packages:/opt/ros/humble/local/lib/python3.10/dist-packages', 'LC_NUMERIC': 'id_ID.UTF-8', 'LC_PAPER': 'id_ID.UTF-8', 'COLCON': '1', 'VTE_VERSION': '6800', 'CMAKE_PREFIX_PATH': '/home/tiffany/fyp_ws/install/formation_msgs'}, 'shell': False}
[10.286685] (formation_planner) Command: {'cmd': ['/usr/bin/python3', '-W', 'ignore:setup.py install is deprecated', '-W', 'ignore:easy_install command is deprecated', 'setup.py', 'egg_info', '--egg-base', '../../build/formation_planner', 'build', '--build-base', '/home/tiffany/fyp_ws/build/formation_planner/build', 'install', '--record', '/home/tiffany/fyp_ws/build/formation_planner/install.log', '--install-scripts', '$base/lib/formation_planner', '--single-version-externally-managed', 'install_data'], 'cwd': '/home/tiffany/fyp_ws/src/formation_planner', 'env': {'LESSOPEN': '| /usr/bin/lesspipe %s', 'USER': 'tiffany', 'LC_TIME': 'id_ID.UTF-8', 'XDG_SESSION_TYPE': 'wayland', 'SHLVL': '1', 'LD_LIBRARY_PATH': '/home/tiffany/fyp_ws/install/formation_msgs/lib:/opt/ros/humble/opt/rviz_ogre_vendor/lib:/opt/ros/humble/lib/x86_64-linux-gnu:/opt/ros/humble/lib', 'HOME': '/home/tiffany', 'OLDPWD': '/home/tiffany', 'DESKTOP_SESSION': 'ubuntu', 'ROS_PYTHON_VERSION': '3', 'GNOME_SHELL_SESSION_MODE': 'ubuntu', 'GTK_MODULES': 'gail:atk-bridge', 'LC_MONETARY': 'id_ID.UTF-8', 'SYSTEMD_EXEC_PID': '1820', 'DBUS_SESSION_BUS_ADDRESS': 'unix:path=/run/user/1000/bus', 'COLORTERM': 'truecolor', 'IM_CONFIG_PHASE': '1', 'WAYLAND_DISPLAY': 'wayland-0', 'ROS_DISTRO': 'humble', 'LOGNAME': 'tiffany', '_': '/usr/bin/colcon', 'ROS_VERSION': '2', 'XDG_SESSION_CLASS': 'user', 'USERNAME': 'tiffany', 'TERM': 'xterm-256color', 'GNOME_DESKTOP_SESSION_ID': 'this-is-deprecated', 'ROS_LOCALHOST_ONLY': '0', 'PATH': '/opt/ros/humble/bin:/home/tiffany/.local/bin:/usr/local/sbin:/usr/local/bin:/usr/sbin:/usr/bin:/sbin:/bin:/usr/games:/usr/local/games:/snap/bin:/snap/bin', 'SESSION_MANAGER': 'local/tiffany-HP:@/tmp/.ICE-unix/1603,unix/tiffany-HP:/tmp/.ICE-unix/1603', 'XDG_MENU_PREFIX': 'gnome-', 'LC_ADDRESS': 'id_ID.UTF-8', 'GNOME_TERMINAL_SCREEN': '/org/gnome/Terminal/screen/a3934f5b_2fd0_4edb_b64a_4b32a7adb2fa', 'GNOME_SETUP_DISPLAY': ':1', 'XDG_RUNTIME_DIR': '/run/user/1000', 'DISPLAY': ':0', 'LANG': 'en_US.UTF-8', 'XDG_CURRENT_DESKTOP': 'ubuntu:GNOME', 'LC_TELEPHONE': 'id_ID.UTF-8', 'XMODIFIERS': '@im=ibus', 'XDG_SESSION_DESKTOP': 'ubuntu', 'XAUTHORITY': '/run/user/1000/.mutter-Xwaylandauth.E2BUV3', 'LS_COLORS': 'rs=0:di=01;34:ln=01;36:mh=00:pi=40;33:so=01;35:do=01;35:bd=40;33;01:cd=40;33;01:or=40;31;01:mi=00:su=37;41:sg=30;43:ca=30;41:tw=30;42:ow=34;42:st=37;44:ex=01;32:*.tar=01;31:*.tgz=01;31:*.arc=01;31:*.arj=01;31:*.taz=01;31:*.lha=01;31:*.lz4=01;31:*.lzh=01;31:*.lzma=01;31:*.tlz=01;31:*.txz=01;31:*.tzo=01;31:*.t7z=01;31:*.zip=01;31:*.z=01;31:*.dz=01;31:*.gz=01;31:*.lrz=01;31:*.lz=01;31:*.lzo=01;31:*.xz=01;31:*.zst=01;31:*.tzst=01;31:*.bz2=01;31:*.bz=01;31:*.tbz=01;31:*.tbz2=01;31:*.tz=01;31:*.deb=01;31:*.rpm=01;31:*.jar=01;31:*.war=01;31:*.ear=01;31:*.sar=01;31:*.rar=01;31:*.alz=01;31:*.ace=01;31:*.zoo=01;31:*.cpio=01;31:*.7z=01;31:*.rz=01;31:*.cab=01;31:*.wim=01;31:*.swm=01;31:*.dwm=01;31:*.esd=01;31:*.jpg=01;35:*.jpeg=01;35:*.mjpg=01;35:*.mjpeg=01;35:*.gif=01;35:*.bmp=01;35:*.pbm=01;35:*.pgm=01;35:*.ppm=01;35:*.tga=01;35:*.xbm=01;35:*.xpm=01;35:*.tif=01;35:*.tiff=01;35:*.png=01;35:*.svg=01;35:*.svgz=01;35:*.mng=01;35:*.pcx=01;35:*.mov=01;35:*.mpg=01;35:*.mpeg=01;35:*.m2v=01;35:*.mkv=01;35:*.webm=01;35:*.webp=01;35:*.ogm=01;35:*.mp4=01;35:*.m4v=01;35:*.mp4v=01;35:*.vob=01;35:*.qt=01;35:*.nuv=01;35:*.wmv=01;35:*.asf=01;35:*.rm=01;35:*.rmvb=01;35:*.flc=01;35:*.avi=01;35:*.fli=01;35:*.flv=01;35:*.gl=01;35:*.dl=01;35:*.xcf=01;35:*.xwd=01;35:*.yuv=01;35:*.cgm=01;35:*.emf=01;35:*.ogv=01;35:*.ogx=01;35:*.aac=00;36:*.au=00;36:*.flac=00;36:*.m4a=00;36:*.mid=00;36:*.midi=00;36:*.mka=00;36:*.mp3=00;36:*.mpc=00;36:*.ogg=00;36:*.ra=00;36:*.wav=00;36:*.oga=00;36:*.opus=00;36:*.spx=00;36:*.xspf=00;36:', 'GNOME_TERMINAL_SERVICE': ':1.103', 'SSH_AGENT_LAUNCHER': 'gnome-keyring', 'SSH_AUTH_SOCK': '/run/user/1000/keyring/ssh', 'AMENT_PREFIX_PATH': '/home/tiffany/fyp_ws/install/formation_msgs:/opt/ros/humble', 'SHELL': '/bin/bash', 'LC_NAME': 'id_ID.UTF-8', 'QT_ACCESSIBILITY': '1', 'GDMSESSION': 'ubuntu', 'LESSCLOSE': '/usr/bin/lesspipe %s %s', 'IGN_GAZEBO_RESOURCE_PATH': ':/home/tiffany/fyp_ws/src/formation_gazebo/models', 'LC_MEASUREMENT': 'id_ID.UTF-8', 'LC_IDENTIFICATION': 'id_ID.UTF-8', 'QT_IM_MODULE': 'ibus', 'PWD': '/home/tiffany/fyp_ws/build/formation_planner', 'LC_ALL': 'en_US.UTF-8', 'XDG_CONFIG_DIRS': '/etc/xdg/xdg-ubuntu:/etc/xdg', 'XDG_DATA_DIRS': '/usr/share/ubuntu:/usr/local/share/:/usr/share/:/var/lib/snapd/desktop', 'PYTHONPATH': '/home/tiffany/fyp_ws/build/formation_planner/prefix_override:/usr/lib/python3/dist-packages/colcon_core/task/python/colcon_distutils_commands:/home/tiffany/fyp_ws/install/formation_planner/lib/python3.10/site-packages:/home/tiffany/fyp_ws/install/formation_msgs/local/lib/python3.10/dist-packages:/opt/ros/humble/lib/python3.10/site-packages:/opt/ros/humble/local/lib/python3.10/dist-packages', 'LC_NUMERIC': 'id_ID.UTF-8', 'LC_PAPER': 'id_ID.UTF-8', 'COLCON': '1', 'VTE_VERSION': '6800', 'CMAKE_PREFIX_PATH': '/home/tiffany/fyp_ws/install/formation_msgs'}, 'shell': False}
[10.288178] (drone_control) Command: {'cmd': ['/usr/bin/python3', '-W', 'ignore:setup.py install is deprecated', '-W', 'ignore:easy_install command is deprecated', 'setup.py', 'egg_info', '--egg-base', '../../build/drone_control', 'build', '--build-base', '/home/tiffany/fyp_ws/build/drone_control/build', 'install', '--record', '/home/tiffany/fyp_ws/build/drone_control/install.log', '--install-scripts', '$base/lib/drone_control', '--single-version-externally-managed', 'install_data'], 'cwd': '/home/tiffany/fyp_ws/src/drone_control', 'env': {'LESSOPEN': '| /usr/bin/lesspipe %s', 'USER': 'tiffany', 'LC_TIME': 'id_ID.UTF-8', 'XDG_SESSION_TYPE': 'wayland', 'SHLVL': '1', 'LD_LIBRARY_PATH': '/home/tiffany/fyp_ws/install/formation_msgs/lib:/opt/ros/humble/opt/rviz_ogre_vendor/lib:/opt/ros/humble/lib/x86_64-linux-gnu:/opt/ros/humble/lib', 'HOME': '/home/tiffany', 'OLDPWD': '/home/tiffany', 'DESKTOP_SESSION': 'ubuntu', 'ROS_PYTHON_VERSION': '3', 'GNOME_SHELL_SESSION_MODE': 'ubuntu', 'GTK_MODULES': 'gail:atk-bridge', 'LC_MONETARY': 'id_ID.UTF-8', 'SYSTEMD_EXEC_PID': '1820', 'DBUS_SESSION_BUS_ADDRESS': 'unix:path=/run/user/1000/bus', 'COLORTERM': 'truecolor', 'IM_CONFIG_PHASE': '1', 'WAYLAND_DISPLAY': 'wayland-0', 'ROS_DISTRO': 'humble', 'LOGNAME': 'tiffany', '_': '/usr/bin/colcon', 'ROS_VERSION': '2', 'XDG_SESSION_CLASS': 'user', 'USERNAME': 'tiffany', 'TERM': 'xterm-256color', 'GNOME_DESKTOP_SESSION_ID': 'this-is-deprecated', 'ROS_LOCALHOST_ONLY': '0', 'PATH': '/opt/ros/humble/bin:/home/tiffany/.local/bin:/usr/local/sbin:/usr/local/bin:/usr/sbin:/usr/bin:/sbin:/bin:/usr/games:/usr/local/games:/snap/bin:/snap/bin', 'SESSION_MANAGER': 'local/tiffany-HP:@/tmp/.ICE-unix/1603,unix/tiffany-HP:/tmp/.ICE-unix/1603', 'XDG_MENU_PREFIX': 'gnome-', 'LC_ADDRESS': 'id_ID.UTF-8', 'GNOME_TERMINAL_SCREEN': '/org/gnome/Terminal/screen/a3934f5b_2fd0_4edb_b64a_4b32a7adb2fa', 'GNOME_SETUP_DISPLAY': ':1', 'XDG_RUNTIME_DIR': '/run/user/1000', 'DISPLAY': ':0', 'LANG': 'en_US.UTF-8', 'XDG_CURRENT_DESKTOP': 'ubuntu:GNOME', 'LC_TELEPHONE': 'id_ID.UTF-8', 'XMODIFIERS': '@im=ibus', 'XDG_SESSION_DESKTOP': 'ubuntu', 'XAUTHORITY': '/run/user/1000/.mutter-Xwaylandauth.E2BUV3', 'LS_COLORS': 'rs=0:di=01;34:ln=01;36:mh=00:pi=40;33:so=01;35:do=01;35:bd=40;33;01:cd=40;33;01:or=40;31;01:mi=00:su=37;41:sg=30;43:ca=30;41:tw=30;42:ow=34;42:st=37;44:ex=01;32:*.tar=01;31:*.tgz=01;31:*.arc=01;31:*.arj=01;31:*.taz=01;31:*.lha=01;31:*.lz4=01;31:*.lzh=01;31:*.lzma=01;31:*.tlz=01;31:*.txz=01;31:*.tzo=01;31:*.t7z=01;31:*.zip=01;31:*.z=01;31:*.dz=01;31:*.gz=01;31:*.lrz=01;31:*.lz=01;31:*.lzo=01;31:*.xz=01;31:*.zst=01;31:*.tzst=01;31:*.bz2=01;31:*.bz=01;31:*.tbz=01;31:*.tbz2=01;31:*.tz=01;31:*.deb=01;31:*.rpm=01;31:*.jar=01;31:*.war=01;31:*.ear=01;31:*.sar=01;31:*.rar=01;31:*.alz=01;31:*.ace=01;31:*.zoo=01;31:*.cpio=01;31:*.7z=01;31:*.rz=01;31:*.cab=01;31:*.wim=01;31:*.swm=01;31:*.dwm=01;31:*.esd=01;31:*.jpg=01;35:*.jpeg=01;35:*.mjpg=01;35:*.mjpeg=01;35:*.gif=01;35:*.bmp=01;35:*.pbm=01;35:*.pgm=01;35:*.ppm=01;35:*.tga=01;35:*.xbm=01;35:*.xpm=01;35:*.tif=01;35:*.tiff=01;35:*.png=01;35:*.svg=01;35:*.svgz=01;35:*.mng=01;35:*.pcx=01;35:*.mov=01;35:*.mpg=01;35:*.mpeg=01;35:*.m2v=01;35:*.mkv=01;35:*.webm=01;35:*.webp=01;35:*.ogm=01;35:*.mp4=01;35:*.m4v=01;35:*.mp4v=01;35:*.vob=01;35:*.qt=01;35:*.nuv=01;35:*.wmv=01;35:*.asf=01;35:*.rm=01;35:*.rmvb=01;35:*.flc=01;35:*.avi=01;35:*.fli=01;35:*.flv=01;35:*.gl=01;35:*.dl=01;35:*.xcf=01;35:*.xwd=01;35:*.yuv=01;35:*.cgm=01;35:*.emf=01;35:*.ogv=01;35:*.ogx=01;35:*.aac=00;36:*.au=00;36:*.flac=00;36:*.m4a=00;36:*.mid=00;36:*.midi=00;36:*.mka=00;36:*.mp3=00;36:*.mpc=00;36:*.ogg=00;36:*.ra=00;36:*.wav=00;36:*.oga=00;36:*.opus=00;36:*.spx=00;36:*.xspf=00;36:', 'GNOME_TERMINAL_SERVICE': ':1.103', 'SSH_AGENT_LAUNCHER': 'gnome-keyring', 'SSH_AUTH_SOCK': '/run/user/1000/keyring/ssh', 'AMENT_PREFIX_PATH': '/home/tiffany/fyp_ws/install/formation_msgs:/opt/ros/humble', 'SHELL': '/bin/bash', 'LC_NAME': 'id_ID.UTF-8', 'QT_ACCESSIBILITY': '1', 'GDMSESSION': 'ubuntu', 'LESSCLOSE': '/usr/bin/lesspipe %s %s', 'IGN_GAZEBO_RESOURCE_PATH': ':/home/tiffany/fyp_ws/src/formation_gazebo/models', 'LC_MEASUREMENT': 'id_ID.UTF-8', 'LC_IDENTIFICATION': 'id_ID.UTF-8', 'QT_IM_MODULE': 'ibus', 'PWD': '/home/tiffany/fyp_ws/build/drone_control', 'LC_ALL': 'en_US.UTF-8', 'XDG_CONFIG_DIRS': '/etc/xdg/xdg-ubuntu:/etc/xdg', 'XDG_DATA_DIRS': '/usr/share/ubuntu:/usr/local/share/:/usr/share/:/var/lib/snapd/desktop', 'PYTHONPATH': '/home/tiffany/fyp_ws/build/drone_control/prefix_override:/usr/lib/python3/dist-packages/colcon_core/task/python/colcon_distutils_commands:/home/tiffany/fyp_ws/install/drone_control/lib/python3.10/site-packages:/home/tiffany/fyp_ws/install/formation_msgs/local/lib/python3.10/dist-packages:/opt/ros/humble/lib/python3.10/site-packages:/opt/ros/humble/local/lib/python3.10/dist-packages', 'LC_NUMERIC': 'id_ID.UTF-8', 'LC_PAPER': 'id_ID.UTF-8', 'COLCON': '1', 'VTE_VERSION': '6800', 'CMAKE_PREFIX_PATH': '/home/tiffany/fyp_ws/install/formation_msgs'}, 'shell': False}
[10.331414] (-) TimerEvent: {}
[10.431773] (-) TimerEvent: {}
[10.532154] (-) TimerEvent: {}
[10.538388] (llm_refinement) StdoutLine: {'line': b'running egg_info\n'}
[10.538700] (formation_ui) StdoutLine: {'line': b'running egg_info\n'}
[10.539119] (llm_refinement) StdoutLine: {'line': b'writing ../../build/llm_refinement/llm_refinement.egg-info/PKG-INFO\n'}
[10.539435] (formation_ui) StdoutLine: {'line': b'writing ../../build/formation_ui/formation_ui.egg-info/PKG-INFO\n'}
[10.540801] (task_manager) StdoutLine: {'line': b'running egg_info\n'}
[10.541542] (task_manager) StdoutLine: {'line': b'writing ../../build/task_manager/task_manager.egg-info/PKG-INFO\n'}
[10.543559] (formation_ui) StdoutLine: {'line': b'writing dependency_links to ../../build/formation_ui/formation_ui.egg-info/dependency_links.txt\n'}
[10.543980] (llm_refinement) StdoutLine: {'line': b'writing dependency_links to ../../build/llm_refinement/llm_refinement.egg-info/dependency_links.txt\n'}
[10.544186] (task_manager) StdoutLine: {'line': b'writing dependency_links to ../../build/task_manager/task_manager.egg-info/dependency_links.txt\n'}
[10.544422] (formation_ui) StdoutLine: {'line': b'writing entry points to ../../build/formation_ui/formation_ui.egg-info/entry_points.txt\n'}
[10.544515] (task_manager) StdoutLine: {'line': b'writing entry points to ../../build/task_manager/task_manager.egg-info/entry_points.txt\n'}
[10.544590] (llm_refinement) StdoutLine: {'line': b'writing entry points to ../../build/llm_refinement/llm_refinement.egg-info/entry_points.txt\n'}
[10.544664] (formation_ui) StdoutLine: {'line': b'writing requirements to ../../build/formation_ui/formation_ui.egg-info/requires.txt\n'}
[10.544743] (llm_refinement) StdoutLine: {'line': b'writing requirements to ../../build/llm_refinement/llm_refinement.egg-info/requires.txt\n'}
[10.544815] (formation_ui) StdoutLine: {'line': b'writing top-level names to ../../build/formation_ui/formation_ui.egg-info/top_level.txt\n'}
[10.544925] (llm_refinement) StdoutLine: {'line': b'writing top-level names to ../../build/llm_refinement/llm_refinement.egg-info/top_level.txt\n'}
[10.545002] (task_manager) StdoutLine: {'line': b'writing requirements to ../../build/task_manager/task_manager.egg-info/requires.txt\n'}
[10.545061] (task_manager) StdoutLine: {'line': b'writing top-level names to ../../build/task_manager/task_manager.egg-info/top_level.txt\n'}
[10.546225] (drone_control) StdoutLine: {'line': b'running egg_info\n'}
[10.546462] (task_manager) StdoutLine: {'line': b"reading manifest file '../../build/task_manager/task_manager.egg-info/SOURCES.txt'\n"}
[10.547123] (drone_control) StdoutLine: {'line': b'writing ../../build/drone_control/drone_control.egg-info/PKG-INFO\n'}
[10.547406] (formation_ui) StdoutLine: {'line': b"reading manifest file '../../build/formation_ui/formation_ui.egg-info/SOURCES.txt'\n"}
[10.547641] (llm_refinement) StdoutLine: {'line': b"reading manifest file '../../build/llm_refinement/llm_refinement.egg-info/SOURCES.txt'\n"}
[10.547823] (task_manager) StdoutLine: {'line': b"writing manifest file '../../build/task_manager/task_manager.egg-info/SOURCES.txt'\n"}
[10.548045] (task_manager) StdoutLine: {'line': b'running build\n'}
[10.548152] (task_manager) StdoutLine: {'line': b'running build_py\n'}
[10.548215] (drone_control) StdoutLine: {'line': b'writing dependency_links to ../../build/drone_control/drone_control.egg-info/dependency_links.txt\n'}
[10.548291] (drone_control) StdoutLine: {'line': b'writing entry points to ../../build/drone_control/drone_control.egg-info/entry_points.txt\n'}
[10.548344] (drone_control) StdoutLine: {'line': b'writing requirements to ../../build/drone_control/drone_control.egg-info/requires.txt\n'}
[10.548396] (formation_planner) StdoutLine: {'line': b'running egg_info\n'}
[10.548514] (drone_control) StdoutLine: {'line': b'writing top-level names to ../../build/drone_control/drone_control.egg-info/top_level.txt\n'}
[10.548591] (formation_planner) StdoutLine: {'line': b'writing ../../build/formation_planner/formation_planner.egg-info/PKG-INFO\n'}
[10.548763] (task_manager) StdoutLine: {'line': b'running install\n'}
[10.548924] (formation_ui) StdoutLine: {'line': b"writing manifest file '../../build/formation_ui/formation_ui.egg-info/SOURCES.txt'\n"}
[10.549045] (formation_ui) StdoutLine: {'line': b'running build\n'}
[10.549104] (formation_ui) StdoutLine: {'line': b'running build_py\n'}
[10.549207] (formation_planner) StdoutLine: {'line': b'writing dependency_links to ../../build/formation_planner/formation_planner.egg-info/dependency_links.txt\n'}
[10.549275] (llm_refinement) StdoutLine: {'line': b"writing manifest file '../../build/llm_refinement/llm_refinement.egg-info/SOURCES.txt'\n"}
[10.549370] (llm_refinement) StdoutLine: {'line': b'running build\n'}
[10.549437] (llm_refinement) StdoutLine: {'line': b'running build_py\n'}
[10.549502] (task_manager) StdoutLine: {'line': b'running install_lib\n'}
[10.549607] (formation_planner) StdoutLine: {'line': b'writing entry points to ../../build/formation_planner/formation_planner.egg-info/entry_points.txt\n'}
[10.549663] (formation_planner) StdoutLine: {'line': b'writing requirements to ../../build/formation_planner/formation_planner.egg-info/requires.txt\n'}
[10.549715] (formation_planner) StdoutLine: {'line': b'writing top-level names to ../../build/formation_planner/formation_planner.egg-info/top_level.txt\n'}
[10.549766] (formation_ui) StdoutLine: {'line': b'running install\n'}
[10.549867] (llm_refinement) StdoutLine: {'line': b'running install\n'}
[10.550010] (formation_ui) StdoutLine: {'line': b'running install_lib\n'}
[10.550158] (llm_refinement) StdoutLine: {'line': b'running install_lib\n'}
[10.550361] (drone_control) StdoutLine: {'line': b"reading manifest file '../../build/drone_control/drone_control.egg-info/SOURCES.txt'\n"}
[10.551526] (drone_control) StdoutLine: {'line': b"writing manifest file '../../build/drone_control/drone_control.egg-info/SOURCES.txt'\n"}
[10.551834] (formation_ui) StdoutLine: {'line': b'running install_data\n'}
[10.552072] (task_manager) StdoutLine: {'line': b'running install_data\n'}
[10.552236] (llm_refinement) StdoutLine: {'line': b'running install_data\n'}
[10.552443] (formation_planner) StdoutLine: {'line': b"reading manifest file '../../build/formation_planner/formation_planner.egg-info/SOURCES.txt'\n"}
[10.552665] (drone_control) StdoutLine: {'line': b'running build\n'}
[10.552788] (drone_control) StdoutLine: {'line': b'running build_py\n'}
[10.552972] (formation_ui) StdoutLine: {'line': b'running install_egg_info\n'}
[10.553104] (llm_refinement) StdoutLine: {'line': b'running install_egg_info\n'}
[10.553400] (drone_control) StdoutLine: {'line': b'copying drone_control/drone_controller_node.py -> /home/tiffany/fyp_ws/build/drone_control/build/lib/drone_control\n'}
[10.553521] (task_manager) StdoutLine: {'line': b'running install_egg_info\n'}
[10.553698] (drone_control) StdoutLine: {'line': b'copying drone_control/fylo_bridge_node.py -> /home/tiffany/fyp_ws/build/drone_control/build/lib/drone_control\n'}
[10.553800] (drone_control) StdoutLine: {'line': b'copying drone_control/sim_bridge_node.py -> /home/tiffany/fyp_ws/build/drone_control/build/lib/drone_control\n'}
[10.553923] (formation_planner) StdoutLine: {'line': b"writing manifest file '../../build/formation_planner/formation_planner.egg-info/SOURCES.txt'\n"}
[10.554089] (formation_planner) StdoutLine: {'line': b'running build\n'}
[10.554183] (formation_planner) StdoutLine: {'line': b'running build_py\n'}
[10.554287] (drone_control) StdoutLine: {'line': b'running install\n'}
[10.554453] (drone_control) StdoutLine: {'line': b'running install_lib\n'}
[10.554605] (formation_planner) StdoutLine: {'line': b'running install\n'}
[10.554872] (formation_planner) StdoutLine: {'line': b'running install_lib\n'}
[10.555123] (formation_ui) StdoutLine: {'line': b"removing '/home/tiffany/fyp_ws/install/formation_ui/lib/python3.10/site-packages/formation_ui-0.0.0-py3.10.egg-info' (and everything under it)\n"}
[10.555257] (llm_refinement) StdoutLine: {'line': b"removing '/home/tiffany/fyp_ws/install/llm_refinement/lib/python3.10/site-packages/llm_refinement-0.0.0-py3.10.egg-info' (and everything under it)\n"}
[10.555428] (llm_refinement) StdoutLine: {'line': b'Copying ../../build/llm_refinement/llm_refinement.egg-info to /home/tiffany/fyp_ws/install/llm_refinement/lib/python3.10/site-packages/llm_refinement-0.0.0-py3.10.egg-info\n'}
[10.555556] (formation_ui) StdoutLine: {'line': b'Copying ../../build/formation_ui/formation_ui.egg-info to /home/tiffany/fyp_ws/install/formation_ui/lib/python3.10/site-packages/formation_ui-0.0.0-py3.10.egg-info\n'}
[10.555658] (task_manager) StdoutLine: {'line': b"removing '/home/tiffany/fyp_ws/install/task_manager/lib/python3.10/site-packages/task_manager-0.0.0-py3.10.egg-info' (and everything under it)\n"}
[10.555992] (task_manager) StdoutLine: {'line': b'Copying ../../build/task_manager/task_manager.egg-info to /home/tiffany/fyp_ws/install/task_manager/lib/python3.10/site-packages/task_manager-0.0.0-py3.10.egg-info\n'}
[10.556200] (drone_control) StdoutLine: {'line': b'copying /home/tiffany/fyp_ws/build/drone_control/build/lib/drone_control/drone_controller_node.py -> /home/tiffany/fyp_ws/install/drone_control/lib/python3.10/site-packages/drone_control\n'}
[10.556359] (llm_refinement) StdoutLine: {'line': b'running install_scripts\n'}
[10.556616] (drone_control) StdoutLine: {'line': b'copying /home/tiffany/fyp_ws/build/drone_control/build/lib/drone_control/fylo_bridge_node.py -> /home/tiffany/fyp_ws/install/drone_control/lib/python3.10/site-packages/drone_control\n'}
[10.556734] (drone_control) StdoutLine: {'line': b'copying /home/tiffany/fyp_ws/build/drone_control/build/lib/drone_control/sim_bridge_node.py -> /home/tiffany/fyp_ws/install/drone_control/lib/python3.10/site-packages/drone_control\n'}
[10.556848] (formation_ui) StdoutLine: {'line': b'running install_scripts\n'}
[10.557064] (formation_planner) StdoutLine: {'line': b'running install_data\n'}
[10.557382] (drone_control) StdoutLine: {'line': b'byte-compiling /home/tiffany/fyp_ws/install/drone_control/lib/python3.10/site-packages/drone_control/drone_controller_node.py to drone_controller_node.cpython-310.pyc\n'}
[10.557549] (formation_planner) StdoutLine: {'line': b'running install_egg_info\n'}
[10.557858] (task_manager) StdoutLine: {'line': b'running install_scripts\n'}
[10.558791] (drone_control) StdoutLine: {'line': b'byte-compiling /home/tiffany/fyp_ws/install/drone_control/lib/python3.10/site-packages/drone_control/fylo_bridge_node.py to fylo_bridge_node.cpython-310.pyc\n'}
[10.559061] (drone_control) StdoutLine: {'line': b'byte-compiling /home/tiffany/fyp_ws/install/drone_control/lib/python3.10/site-packages/drone_control/sim_bridge_node.py to sim_bridge_node.cpython-310.pyc\n'}
[10.559465] (formation_planner) StdoutLine: {'line': b"removing '/home/tiffany/fyp_ws/install/formation_planner/lib/python3.10/site-packages/formation_planner-0.0.0-py3.10.egg-info' (and everything under it)\n"}
[10.559892] (formation_planner) StdoutLine: {'line': b'Copying ../../build/formation_planner/formation_planner.egg-info to /home/tiffany/fyp_ws/install/formation_planner/lib/python3.10/site-packages/formation_planner-0.0.0-py3.10.egg-info\n'}
[10.560112] (drone_control) StdoutLine: {'line': b'running install_data\n'}
[10.560731] (drone_control) StdoutLine: {'line': b'running install_egg_info\n'}
[10.561308] (formation_planner) StdoutLine: {'line': b'running install_scripts\n'}
[10.562650] (drone_control) StdoutLine: {'line': b"removing '/home/tiffany/fyp_ws/install/drone_control/lib/python3.10/site-packages/drone_control-0.0.0-py3.10.egg-info' (and everything under it)\n"}
[10.563082] (drone_control) StdoutLine: {'line': b'Copying ../../build/drone_control/drone_control.egg-info to /home/tiffany/fyp_ws/install/drone_control/lib/python3.10/site-packages/drone_control-0.0.0-py3.10.egg-info\n'}
[10.564290] (drone_control) StdoutLine: {'line': b'running install_scripts\n'}
[10.578116] (llm_refinement) StdoutLine: {'line': b'Installing coords_adjust_node script to /home/tiffany/fyp_ws/install/llm_refinement/lib/llm_refinement\n'}
[10.578397] (formation_ui) StdoutLine: {'line': b'Installing canvas_server_node script to /home/tiffany/fyp_ws/install/formation_ui/lib/formation_ui\n'}
[10.578567] (llm_refinement) StdoutLine: {'line': b'Installing llm_interface_node script to /home/tiffany/fyp_ws/install/llm_refinement/lib/llm_refinement\n'}
[10.578773] (formation_ui) StdoutLine: {'line': b"writing list of installed files to '/home/tiffany/fyp_ws/build/formation_ui/install.log'\n"}
[10.578997] (llm_refinement) StdoutLine: {'line': b"writing list of installed files to '/home/tiffany/fyp_ws/build/llm_refinement/install.log'\n"}
[10.580130] (task_manager) StdoutLine: {'line': b'Installing task_manager_node script to /home/tiffany/fyp_ws/install/task_manager/lib/task_manager\n'}
[10.580656] (task_manager) StdoutLine: {'line': b"writing list of installed files to '/home/tiffany/fyp_ws/build/task_manager/install.log'\n"}
[10.583222] (formation_planner) StdoutLine: {'line': b'Installing assignment_node script to /home/tiffany/fyp_ws/install/formation_planner/lib/formation_planner\n'}
[10.583504] (formation_planner) StdoutLine: {'line': b'Installing coords_mapping_node script to /home/tiffany/fyp_ws/install/formation_planner/lib/formation_planner\n'}
[10.583680] (formation_planner) StdoutLine: {'line': b'Installing drone_validator_node script to /home/tiffany/fyp_ws/install/formation_planner/lib/formation_planner\n'}
[10.583927] (formation_planner) StdoutLine: {'line': b'Installing mapf_node script to /home/tiffany/fyp_ws/install/formation_planner/lib/formation_planner\n'}
[10.584142] (formation_planner) StdoutLine: {'line': b'Installing shape_sampling_node script to /home/tiffany/fyp_ws/install/formation_planner/lib/formation_planner\n'}
[10.584626] (formation_planner) StdoutLine: {'line': b"writing list of installed files to '/home/tiffany/fyp_ws/build/formation_planner/install.log'\n"}
[10.586095] (drone_control) StdoutLine: {'line': b'Installing drone_controller_node script to /home/tiffany/fyp_ws/install/drone_control/lib/drone_control\n'}
[10.586490] (drone_control) StdoutLine: {'line': b'Installing fylo_bridge_node script to /home/tiffany/fyp_ws/install/drone_control/lib/drone_control\n'}
[10.586658] (drone_control) StdoutLine: {'line': b'Installing pose_publisher_node script to /home/tiffany/fyp_ws/install/drone_control/lib/drone_control\n'}
[10.586804] (drone_control) StdoutLine: {'line': b'Installing sim_bridge_node script to /home/tiffany/fyp_ws/install/drone_control/lib/drone_control\n'}
[10.587304] (drone_control) StdoutLine: {'line': b"writing list of installed files to '/home/tiffany/fyp_ws/build/drone_control/install.log'\n"}
[10.622241] (llm_refinement) CommandEnded: {'returncode': 0}
[10.629958] (llm_refinement) JobEnded: {'identifier': 'llm_refinement', 'rc': 0}
[10.631188] (formation_ui) CommandEnded: {'returncode': 0}
[10.632242] (-) TimerEvent: {}
[10.638185] (formation_ui) JobEnded: {'identifier': 'formation_ui', 'rc': 0}
[10.639924] (task_manager) CommandEnded: {'returncode': 0}
[10.647697] (task_manager) JobEnded: {'identifier': 'task_manager', 'rc': 0}
[10.648524] (formation_planner) CommandEnded: {'returncode': 0}
[10.655753] (formation_planner) JobEnded: {'identifier': 'formation_planner', 'rc': 0}
[10.656333] (drone_control) CommandEnded: {'returncode': 0}
[10.662956] (drone_control) JobEnded: {'identifier': 'drone_control', 'rc': 0}
[10.663846] (-) EventReactorShutdown: {}
