[0.000000] (-) TimerEvent: {}
[0.000571] (-) JobUnselected: {'identifier': 'drone_control'}
[0.000675] (-) JobUnselected: {'identifier': 'formation_planner'}
[0.000689] (-) JobUnselected: {'identifier': 'formation_ui'}
[0.000701] (-) JobUnselected: {'identifier': 'llm_refinement'}
[0.000711] (-) JobUnselected: {'identifier': 'task_manager'}
[0.000723] (formation_msgs) JobQueued: {'identifier': 'formation_msgs', 'dependencies': OrderedDict()}
[0.000736] (formation_msgs) JobStarted: {'identifier': 'formation_msgs'}
[0.044806] (formation_msgs) JobProgress: {'identifier': 'formation_msgs', 'progress': 'cmake'}
[0.045698] (formation_msgs) Command: {'cmd': ['/usr/bin/cmake', '/home/tiffany/fyp_ws/src/formation_msgs', '-DCMAKE_INSTALL_PREFIX=/home/tiffany/fyp_ws/install/formation_msgs'], 'cwd': '/home/tiffany/fyp_ws/build/formation_msgs', 'env': OrderedDict([('LESSOPEN', '| /usr/bin/lesspipe %s'), ('USER', 'tiffany'), ('LC_TIME', 'id_ID.UTF-8'), ('XDG_SESSION_TYPE', 'x11'), ('SHLVL', '1'), ('LD_LIBRARY_PATH', '/opt/ros/humble/lib/x86_64-linux-gnu:/opt/ros/humble/lib'), ('HOME', '/home/tiffany'), ('OLDPWD', '/home/tiffany'), ('DESKTOP_SESSION', 'ubuntu'), ('ROS_PYTHON_VERSION', '3'), ('GNOME_SHELL_SESSION_MODE', 'ubuntu'), ('GTK_MODULES', 'gail:atk-bridge'), ('LC_MONETARY', 'id_ID.UTF-8'), ('SYSTEMD_EXEC_PID', '2111'), ('DBUS_SESSION_BUS_ADDRESS', 'unix:path=/run/user/1000/bus'), ('COLORTERM', 'truecolor'), ('ROS_DISTRO', 'humble'), ('GTK_IM_MODULE', 'ibus'), ('LOGNAME', 'tiffany'), ('_', '/usr/bin/colcon'), ('ROS_VERSION', '2'), ('XDG_SESSION_CLASS', 'user'), ('USERNAME', 'tiffany'), ('TERM', 'xterm-256color'), ('GNOME_DESKTOP_SESSION_ID', 'this-is-deprecated'), ('ROS_LOCALHOST_ONLY', '0'), ('WINDOWPATH', '2'), ('PATH', '/opt/ros/humble/bin:/usr/local/sbin:/usr/local/bin:/usr/sbin:/usr/bin:/sbin:/bin:/usr/games:/usr/local/games:/snap/bin:/snap/bin'), ('SESSION_MANAGER', 'local/tiffany-HP:@/tmp/.ICE-unix/1932,unix/tiffany-HP:/tmp/.ICE-unix/1932'), ('XDG_MENU_PREFIX', 'gnome-'), ('LC_ADDRESS', 'id_ID.UTF-8'), ('GNOME_TERMINAL_SCREEN', '/org/gnome/Terminal/screen/5962d43d_3d1d_43e1_b9bb_40108c289ecd'), ('XDG_RUNTIME_DIR', '/run/user/1000'), ('DISPLAY', ':1'), ('LANG', 'en_US.UTF-8'), ('XDG_CURRENT_DESKTOP', 'ubuntu:GNOME'), ('LC_TELEPHONE', 'id_ID.UTF-8'), ('XMODIFIERS', '@im=ibus'), ('XDG_SESSION_DESKTOP', 'ubuntu'), ('XAUTHORITY', '/run/user/1000/gdm/Xauthority'), ('LS_COLORS', 'rs=0:di=01;34:ln=01;36:mh=00:pi=40;33:so=01;35:do=01;35:bd=40;33;01:cd=40;33;01:or=40;31;01:mi=00:su=37;41:sg=30;43:ca=30;41:tw=30;42:ow=34;42:st=37;44:ex=01;32:*.tar=01;31:*.tgz=01;31:*.arc=01;31:*.arj=01;31:*.taz=01;31:*.lha=01;31:*.lz4=01;31:*.lzh=01;31:*.lzma=01;31:*.tlz=01;31:*.txz=01;31:*.tzo=01;31:*.t7z=01;31:*.zip=01;31:*.z=01;31:*.dz=01;31:*.gz=01;31:*.lrz=01;31:*.lz=01;31:*.lzo=01;31:*.xz=01;31:*.zst=01;31:*.tzst=01;31:*.bz2=01;31:*.bz=01;31:*.tbz=01;31:*.tbz2=01;31:*.tz=01;31:*.deb=01;31:*.rpm=01;31:*.jar=01;31:*.war=01;31:*.ear=01;31:*.sar=01;31:*.rar=01;31:*.alz=01;31:*.ace=01;31:*.zoo=01;31:*.cpio=01;31:*.7z=01;31:*.rz=01;31:*.cab=01;31:*.wim=01;31:*.swm=01;31:*.dwm=01;31:*.esd=01;31:*.jpg=01;35:*.jpeg=01;35:*.mjpg=01;35:*.mjpeg=01;35:*.gif=01;35:*.bmp=01;35:*.pbm=01;35:*.pgm=01;35:*.ppm=01;35:*.tga=01;35:*.xbm=01;35:*.xpm=01;35:*.tif=01;35:*.tiff=01;35:*.png=01;35:*.svg=01;35:*.svgz=01;35:*.mng=01;35:*.pcx=01;35:*.mov=01;35:*.mpg=01;35:*.mpeg=01;35:*.m2v=01;35:*.mkv=01;35:*.webm=01;35:*.webp=01;35:*.ogm=01;35:*.mp4=01;35:*.m4v=01;35:*.mp4v=01;35:*.vob=01;35:*.qt=01;35:*.nuv=01;35:*.wmv=01;35:*.asf=01;35:*.rm=01;35:*.rmvb=01;35:*.flc=01;35:*.avi=01;35:*.fli=01;35:*.flv=01;35:*.gl=01;35:*.dl=01;35:*.xcf=01;35:*.xwd=01;35:*.yuv=01;35:*.cgm=01;35:*.emf=01;35:*.ogv=01;35:*.ogx=01;35:*.aac=00;36:*.au=00;36:*.flac=00;36:*.m4a=00;36:*.mid=00;36:*.midi=00;36:*.mka=00;36:*.mp3=00;36:*.mpc=00;36:*.ogg=00;36:*.ra=00;36:*.wav=00;36:*.oga=00;36:*.opus=00;36:*.spx=00;36:*.xspf=00;36:'), ('GNOME_TERMINAL_SERVICE', ':1.160'), ('SSH_AGENT_LAUNCHER', 'gnome-keyring'), ('SSH_AUTH_SOCK', '/run/user/1000/keyring/ssh'), ('AMENT_PREFIX_PATH', '/opt/ros/humble'), ('SHELL', '/bin/bash'), ('LC_NAME', 'id_ID.UTF-8'), ('QT_ACCESSIBILITY', '1'), ('GDMSESSION', 'ubuntu'), ('LESSCLOSE', '/usr/bin/lesspipe %s %s'), ('LC_MEASUREMENT', 'id_ID.UTF-8'), ('GPG_AGENT_INFO', '/run/user/1000/gnupg/S.gpg-agent:0:1'), ('LC_IDENTIFICATION', 'id_ID.UTF-8'), ('QT_IM_MODULE', 'ibus'), ('PWD', '/home/tiffany/fyp_ws/build/formation_msgs'), ('LC_ALL', 'en_US.UTF-8'), ('XDG_CONFIG_DIRS', '/etc/xdg/xdg-ubuntu:/etc/xdg'), ('XDG_DATA_DIRS', '/usr/share/ubuntu:/usr/share/gnome:/usr/local/share/:/usr/share/:/var/lib/snapd/desktop'), ('PYTHONPATH', '/opt/ros/humble/lib/python3.10/site-packages:/opt/ros/humble/local/lib/python3.10/dist-packages'), ('LC_NUMERIC', 'id_ID.UTF-8'), ('LC_PAPER', 'id_ID.UTF-8'), ('COLCON', '1'), ('VTE_VERSION', '6800'), ('CMAKE_PREFIX_PATH', '/opt/ros/humble')]), 'shell': False}
[0.099873] (-) TimerEvent: {}
[0.200147] (-) TimerEvent: {}
[0.206349] (formation_msgs) StdoutLine: {'line': b'-- The C compiler identification is GNU 11.4.0\n'}
[0.300258] (-) TimerEvent: {}
[0.303593] (formation_msgs) StdoutLine: {'line': b'-- The CXX compiler identification is GNU 11.4.0\n'}
[0.312406] (formation_msgs) StdoutLine: {'line': b'-- Detecting C compiler ABI info\n'}
[0.373003] (formation_msgs) StdoutLine: {'line': b'-- Detecting C compiler ABI info - done\n'}
[0.377736] (formation_msgs) StdoutLine: {'line': b'-- Check for working C compiler: /usr/bin/cc - skipped\n'}
[0.378141] (formation_msgs) StdoutLine: {'line': b'-- Detecting C compile features\n'}
[0.378703] (formation_msgs) StdoutLine: {'line': b'-- Detecting C compile features - done\n'}
[0.381540] (formation_msgs) StdoutLine: {'line': b'-- Detecting CXX compiler ABI info\n'}
[0.400320] (-) TimerEvent: {}
[0.447911] (formation_msgs) StdoutLine: {'line': b'-- Detecting CXX compiler ABI info - done\n'}
[0.453336] (formation_msgs) StdoutLine: {'line': b'-- Check for working CXX compiler: /usr/bin/c++ - skipped\n'}
[0.453560] (formation_msgs) StdoutLine: {'line': b'-- Detecting CXX compile features\n'}
[0.453873] (formation_msgs) StdoutLine: {'line': b'-- Detecting CXX compile features - done\n'}
[0.458422] (formation_msgs) StdoutLine: {'line': b'-- Found ament_cmake: 1.3.14 (/opt/ros/humble/share/ament_cmake/cmake)\n'}
[0.500424] (-) TimerEvent: {}
[0.572635] (formation_msgs) StdoutLine: {'line': b'-- Found Python3: /usr/bin/python3 (found version "3.10.12") found components: Interpreter \n'}
[0.600508] (-) TimerEvent: {}
[0.645886] (formation_msgs) StdoutLine: {'line': b'-- Found rosidl_default_generators: 1.2.1 (/opt/ros/humble/share/rosidl_default_generators/cmake)\n'}
[0.648876] (formation_msgs) StdoutLine: {'line': b'-- Using all available rosidl_typesupport_c: rosidl_typesupport_fastrtps_c;rosidl_typesupport_introspection_c\n'}
[0.654741] (formation_msgs) StdoutLine: {'line': b'-- Found rosidl_adapter: 3.1.8 (/opt/ros/humble/share/rosidl_adapter/cmake)\n'}
[0.692475] (formation_msgs) StdoutLine: {'line': b'-- Using all available rosidl_typesupport_cpp: rosidl_typesupport_fastrtps_cpp;rosidl_typesupport_introspection_cpp\n'}
[0.700944] (-) TimerEvent: {}
[0.724627] (formation_msgs) StdoutLine: {'line': b'-- Found geometry_msgs: 4.9.1 (/opt/ros/humble/share/geometry_msgs/cmake)\n'}
[0.801055] (-) TimerEvent: {}
[0.901295] (-) TimerEvent: {}
[1.000953] (formation_msgs) StdoutLine: {'line': b'-- Found ament_cmake_ros: 0.10.0 (/opt/ros/humble/share/ament_cmake_ros/cmake)\n'}
[1.001353] (-) TimerEvent: {}
[1.101549] (-) TimerEvent: {}
[1.190983] (formation_msgs) StdoutLine: {'line': b'-- Using all available rosidl_typesupport_c: rosidl_typesupport_fastrtps_c;rosidl_typesupport_introspection_c\n'}
[1.201624] (-) TimerEvent: {}
[1.301830] (-) TimerEvent: {}
[1.402081] (-) TimerEvent: {}
[1.435397] (formation_msgs) StdoutLine: {'line': b'-- Using all available rosidl_typesupport_cpp: rosidl_typesupport_fastrtps_cpp;rosidl_typesupport_introspection_cpp\n'}
[1.453050] (formation_msgs) StdoutLine: {'line': b'-- Found PythonInterp: /usr/bin/python3 (found suitable version "3.10.12", minimum required is "3.6") \n'}
[1.454266] (formation_msgs) StdoutLine: {'line': b'-- Found python_cmake_module: 0.10.0 (/opt/ros/humble/share/python_cmake_module/cmake)\n'}
[1.474218] (formation_msgs) StdoutLine: {'line': b'-- Found PythonLibs: /usr/lib/x86_64-linux-gnu/libpython3.10.so (found suitable version "3.10.12", minimum required is "3.5") \n'}
[1.474376] (formation_msgs) StdoutLine: {'line': b'-- Using PYTHON_EXECUTABLE: /usr/bin/python3\n'}
[1.474433] (formation_msgs) StdoutLine: {'line': b'-- Using PYTHON_INCLUDE_DIRS: /usr/include/python3.10\n'}
[1.474480] (formation_msgs) StdoutLine: {'line': b'-- Using PYTHON_LIBRARIES: /usr/lib/x86_64-linux-gnu/libpython3.10.so\n'}
[1.489660] (formation_msgs) StdoutLine: {'line': b'-- Found PythonExtra: .so  \n'}
[1.502155] (-) TimerEvent: {}
[1.597577] (formation_msgs) StdoutLine: {'line': b'-- Found ament_lint_auto: 0.12.15 (/opt/ros/humble/share/ament_lint_auto/cmake)\n'}
[1.602220] (-) TimerEvent: {}
[1.617391] (formation_msgs) StdoutLine: {'line': b"-- Added test 'lint_cmake' to check CMake code style\n"}
[1.619085] (formation_msgs) StdoutLine: {'line': b"-- Added test 'xmllint' to check XML markup files\n"}
[1.621543] (formation_msgs) StdoutLine: {'line': b'-- Configuring done\n'}
[1.659852] (formation_msgs) StdoutLine: {'line': b'-- Generating done\n'}
[1.670042] (formation_msgs) StdoutLine: {'line': b'-- Build files have been written to: /home/tiffany/fyp_ws/build/formation_msgs\n'}
[1.677710] (formation_msgs) CommandEnded: {'returncode': 0}
[1.678260] (formation_msgs) JobProgress: {'identifier': 'formation_msgs', 'progress': 'build'}
[1.679303] (formation_msgs) Command: {'cmd': ['/usr/bin/cmake', '--build', '/home/tiffany/fyp_ws/build/formation_msgs', '--', '-j16', '-l16'], 'cwd': '/home/tiffany/fyp_ws/build/formation_msgs', 'env': OrderedDict([('LESSOPEN', '| /usr/bin/lesspipe %s'), ('USER', 'tiffany'), ('LC_TIME', 'id_ID.UTF-8'), ('XDG_SESSION_TYPE', 'x11'), ('SHLVL', '1'), ('LD_LIBRARY_PATH', '/opt/ros/humble/lib/x86_64-linux-gnu:/opt/ros/humble/lib'), ('HOME', '/home/tiffany'), ('OLDPWD', '/home/tiffany'), ('DESKTOP_SESSION', 'ubuntu'), ('ROS_PYTHON_VERSION', '3'), ('GNOME_SHELL_SESSION_MODE', 'ubuntu'), ('GTK_MODULES', 'gail:atk-bridge'), ('LC_MONETARY', 'id_ID.UTF-8'), ('SYSTEMD_EXEC_PID', '2111'), ('DBUS_SESSION_BUS_ADDRESS', 'unix:path=/run/user/1000/bus'), ('COLORTERM', 'truecolor'), ('ROS_DISTRO', 'humble'), ('GTK_IM_MODULE', 'ibus'), ('LOGNAME', 'tiffany'), ('_', '/usr/bin/colcon'), ('ROS_VERSION', '2'), ('XDG_SESSION_CLASS', 'user'), ('USERNAME', 'tiffany'), ('TERM', 'xterm-256color'), ('GNOME_DESKTOP_SESSION_ID', 'this-is-deprecated'), ('ROS_LOCALHOST_ONLY', '0'), ('WINDOWPATH', '2'), ('PATH', '/opt/ros/humble/bin:/usr/local/sbin:/usr/local/bin:/usr/sbin:/usr/bin:/sbin:/bin:/usr/games:/usr/local/games:/snap/bin:/snap/bin'), ('SESSION_MANAGER', 'local/tiffany-HP:@/tmp/.ICE-unix/1932,unix/tiffany-HP:/tmp/.ICE-unix/1932'), ('XDG_MENU_PREFIX', 'gnome-'), ('LC_ADDRESS', 'id_ID.UTF-8'), ('GNOME_TERMINAL_SCREEN', '/org/gnome/Terminal/screen/5962d43d_3d1d_43e1_b9bb_40108c289ecd'), ('XDG_RUNTIME_DIR', '/run/user/1000'), ('DISPLAY', ':1'), ('LANG', 'en_US.UTF-8'), ('XDG_CURRENT_DESKTOP', 'ubuntu:GNOME'), ('LC_TELEPHONE', 'id_ID.UTF-8'), ('XMODIFIERS', '@im=ibus'), ('XDG_SESSION_DESKTOP', 'ubuntu'), ('XAUTHORITY', '/run/user/1000/gdm/Xauthority'), ('LS_COLORS', 'rs=0:di=01;34:ln=01;36:mh=00:pi=40;33:so=01;35:do=01;35:bd=40;33;01:cd=40;33;01:or=40;31;01:mi=00:su=37;41:sg=30;43:ca=30;41:tw=30;42:ow=34;42:st=37;44:ex=01;32:*.tar=01;31:*.tgz=01;31:*.arc=01;31:*.arj=01;31:*.taz=01;31:*.lha=01;31:*.lz4=01;31:*.lzh=01;31:*.lzma=01;31:*.tlz=01;31:*.txz=01;31:*.tzo=01;31:*.t7z=01;31:*.zip=01;31:*.z=01;31:*.dz=01;31:*.gz=01;31:*.lrz=01;31:*.lz=01;31:*.lzo=01;31:*.xz=01;31:*.zst=01;31:*.tzst=01;31:*.bz2=01;31:*.bz=01;31:*.tbz=01;31:*.tbz2=01;31:*.tz=01;31:*.deb=01;31:*.rpm=01;31:*.jar=01;31:*.war=01;31:*.ear=01;31:*.sar=01;31:*.rar=01;31:*.alz=01;31:*.ace=01;31:*.zoo=01;31:*.cpio=01;31:*.7z=01;31:*.rz=01;31:*.cab=01;31:*.wim=01;31:*.swm=01;31:*.dwm=01;31:*.esd=01;31:*.jpg=01;35:*.jpeg=01;35:*.mjpg=01;35:*.mjpeg=01;35:*.gif=01;35:*.bmp=01;35:*.pbm=01;35:*.pgm=01;35:*.ppm=01;35:*.tga=01;35:*.xbm=01;35:*.xpm=01;35:*.tif=01;35:*.tiff=01;35:*.png=01;35:*.svg=01;35:*.svgz=01;35:*.mng=01;35:*.pcx=01;35:*.mov=01;35:*.mpg=01;35:*.mpeg=01;35:*.m2v=01;35:*.mkv=01;35:*.webm=01;35:*.webp=01;35:*.ogm=01;35:*.mp4=01;35:*.m4v=01;35:*.mp4v=01;35:*.vob=01;35:*.qt=01;35:*.nuv=01;35:*.wmv=01;35:*.asf=01;35:*.rm=01;35:*.rmvb=01;35:*.flc=01;35:*.avi=01;35:*.fli=01;35:*.flv=01;35:*.gl=01;35:*.dl=01;35:*.xcf=01;35:*.xwd=01;35:*.yuv=01;35:*.cgm=01;35:*.emf=01;35:*.ogv=01;35:*.ogx=01;35:*.aac=00;36:*.au=00;36:*.flac=00;36:*.m4a=00;36:*.mid=00;36:*.midi=00;36:*.mka=00;36:*.mp3=00;36:*.mpc=00;36:*.ogg=00;36:*.ra=00;36:*.wav=00;36:*.oga=00;36:*.opus=00;36:*.spx=00;36:*.xspf=00;36:'), ('GNOME_TERMINAL_SERVICE', ':1.160'), ('SSH_AGENT_LAUNCHER', 'gnome-keyring'), ('SSH_AUTH_SOCK', '/run/user/1000/keyring/ssh'), ('AMENT_PREFIX_PATH', '/opt/ros/humble'), ('SHELL', '/bin/bash'), ('LC_NAME', 'id_ID.UTF-8'), ('QT_ACCESSIBILITY', '1'), ('GDMSESSION', 'ubuntu'), ('LESSCLOSE', '/usr/bin/lesspipe %s %s'), ('LC_MEASUREMENT', 'id_ID.UTF-8'), ('GPG_AGENT_INFO', '/run/user/1000/gnupg/S.gpg-agent:0:1'), ('LC_IDENTIFICATION', 'id_ID.UTF-8'), ('QT_IM_MODULE', 'ibus'), ('PWD', '/home/tiffany/fyp_ws/build/formation_msgs'), ('LC_ALL', 'en_US.UTF-8'), ('XDG_CONFIG_DIRS', '/etc/xdg/xdg-ubuntu:/etc/xdg'), ('XDG_DATA_DIRS', '/usr/share/ubuntu:/usr/share/gnome:/usr/local/share/:/usr/share/:/var/lib/snapd/desktop'), ('PYTHONPATH', '/opt/ros/humble/lib/python3.10/site-packages:/opt/ros/humble/local/lib/python3.10/dist-packages'), ('LC_NUMERIC', 'id_ID.UTF-8'), ('LC_PAPER', 'id_ID.UTF-8'), ('COLCON', '1'), ('VTE_VERSION', '6800'), ('CMAKE_PREFIX_PATH', '/opt/ros/humble')]), 'shell': False}
[1.702314] (-) TimerEvent: {}
[1.713934] (formation_msgs) StdoutLine: {'line': b'[  1%] \x1b[34m\x1b[1mGenerating C code for ROS interfaces\x1b[0m\n'}
[1.722935] (formation_msgs) StdoutLine: {'line': b'[  2%] \x1b[34m\x1b[1mGenerating C++ code for ROS interfaces\x1b[0m\n'}
[1.723106] (formation_msgs) StdoutLine: {'line': b'[  2%] \x1b[34m\x1b[1mGenerating Rust code for ROS interfaces\x1b[0m\n'}
[1.730011] (formation_msgs) StdoutLine: {'line': b'[  2%] Built target ament_cmake_python_copy_formation_msgs\n'}
[1.802427] (-) TimerEvent: {}
[1.902684] (-) TimerEvent: {}
[1.919746] (formation_msgs) StdoutLine: {'line': b'running egg_info\n'}
[1.920248] (formation_msgs) StdoutLine: {'line': b'creating formation_msgs.egg-info\n'}
[1.920456] (formation_msgs) StdoutLine: {'line': b'writing formation_msgs.egg-info/PKG-INFO\n'}
[1.920584] (formation_msgs) StdoutLine: {'line': b'writing dependency_links to formation_msgs.egg-info/dependency_links.txt\n'}
[1.920698] (formation_msgs) StdoutLine: {'line': b'writing top-level names to formation_msgs.egg-info/top_level.txt\n'}
[1.920809] (formation_msgs) StdoutLine: {'line': b"writing manifest file 'formation_msgs.egg-info/SOURCES.txt'\n"}
[1.922837] (formation_msgs) StdoutLine: {'line': b"reading manifest file 'formation_msgs.egg-info/SOURCES.txt'\n"}
[1.923216] (formation_msgs) StdoutLine: {'line': b"writing manifest file 'formation_msgs.egg-info/SOURCES.txt'\n"}
[1.948202] (formation_msgs) StdoutLine: {'line': b'[  2%] Built target ament_cmake_python_build_formation_msgs_egg\n'}
[2.002779] (-) TimerEvent: {}
[2.080734] (formation_msgs) StdoutLine: {'line': b'[  2%] Built target formation_msgs__rs\n'}
[2.102849] (-) TimerEvent: {}
[2.203077] (-) TimerEvent: {}
[2.303320] (-) TimerEvent: {}
[2.313764] (formation_msgs) StdoutLine: {'line': b'[  2%] Built target formation_msgs__cpp\n'}
[2.327880] (formation_msgs) StdoutLine: {'line': b'[  3%] \x1b[34m\x1b[1mGenerating C++ type support dispatch for ROS interfaces\x1b[0m\n'}
[2.328120] (formation_msgs) StdoutLine: {'line': b'[  5%] \x1b[34m\x1b[1mGenerating C++ type support for eProsima Fast-RTPS\x1b[0m\n'}
[2.328201] (formation_msgs) StdoutLine: {'line': b'[  5%] \x1b[34m\x1b[1mGenerating C++ introspection for ROS interfaces\x1b[0m\n'}
[2.367878] (formation_msgs) StdoutLine: {'line': b'[  8%] \x1b[32mBuilding C object CMakeFiles/formation_msgs__rosidl_generator_c.dir/rosidl_generator_c/formation_msgs/msg/detail/drone_state__functions.c.o\x1b[0m\n'}
[2.368213] (formation_msgs) StdoutLine: {'line': b'[  8%] \x1b[32mBuilding C object CMakeFiles/formation_msgs__rosidl_generator_c.dir/rosidl_generator_c/formation_msgs/msg/detail/refinement_cmd__functions.c.o\x1b[0m\n'}
[2.368366] (formation_msgs) StdoutLine: {'line': b'[  8%] \x1b[32mBuilding C object CMakeFiles/formation_msgs__rosidl_generator_c.dir/rosidl_generator_c/formation_msgs/msg/detail/drone_path__functions.c.o\x1b[0m\n'}
[2.368470] (formation_msgs) StdoutLine: {'line': b'[ 10%] \x1b[32mBuilding C object CMakeFiles/formation_msgs__rosidl_generator_c.dir/rosidl_generator_c/formation_msgs/msg/detail/drawn_shape__functions.c.o\x1b[0m\n'}
[2.368557] (formation_msgs) StdoutLine: {'line': b'[ 10%] \x1b[32mBuilding C object CMakeFiles/formation_msgs__rosidl_generator_c.dir/rosidl_generator_c/formation_msgs/msg/detail/formation_goal__functions.c.o\x1b[0m\n'}
[2.370135] (formation_msgs) StdoutLine: {'line': b'[ 11%] \x1b[32mBuilding C object CMakeFiles/formation_msgs__rosidl_generator_c.dir/rosidl_generator_c/formation_msgs/msg/detail/system_state__functions.c.o\x1b[0m\n'}
[2.370369] (formation_msgs) StdoutLine: {'line': b'[ 14%] \x1b[32mBuilding C object CMakeFiles/formation_msgs__rosidl_generator_c.dir/rosidl_generator_c/formation_msgs/msg/detail/refinement_candidate__functions.c.o\x1b[0m\n'}
[2.370460] (formation_msgs) StdoutLine: {'line': b'[ 14%] \x1b[32mBuilding C object CMakeFiles/formation_msgs__rosidl_generator_c.dir/rosidl_generator_c/formation_msgs/msg/detail/generated_transform__functions.c.o\x1b[0m\n'}
[2.370527] (formation_msgs) StdoutLine: {'line': b'[ 14%] \x1b[32mBuilding C object CMakeFiles/formation_msgs__rosidl_generator_c.dir/rosidl_generator_c/formation_msgs/msg/detail/plan_status__functions.c.o\x1b[0m\n'}
[2.371246] (formation_msgs) StdoutLine: {'line': b'[ 15%] \x1b[32mBuilding C object CMakeFiles/formation_msgs__rosidl_generator_c.dir/rosidl_generator_c/formation_msgs/msg/detail/user_command__functions.c.o\x1b[0m\n'}
[2.403407] (-) TimerEvent: {}
[2.445007] (formation_msgs) StdoutLine: {'line': b'[ 16%] \x1b[32m\x1b[1mLinking C shared library libformation_msgs__rosidl_generator_c.so\x1b[0m\n'}
[2.485527] (formation_msgs) StdoutLine: {'line': b'[ 16%] Built target formation_msgs__rosidl_generator_c\n'}
[2.495488] (formation_msgs) StdoutLine: {'line': b'[ 17%] \x1b[34m\x1b[1mGenerating C type support for eProsima Fast-RTPS\x1b[0m\n'}
[2.495713] (formation_msgs) StdoutLine: {'line': b'[ 19%] \x1b[34m\x1b[1mGenerating C type support dispatch for ROS interfaces\x1b[0m\n'}
[2.495802] (formation_msgs) StdoutLine: {'line': b'[ 19%] \x1b[34m\x1b[1mGenerating C introspection for ROS interfaces\x1b[0m\n'}
[2.503495] (-) TimerEvent: {}
[2.603760] (-) TimerEvent: {}
[2.704031] (-) TimerEvent: {}
[2.804291] (-) TimerEvent: {}
[2.829348] (formation_msgs) StdoutLine: {'line': b'[ 23%] \x1b[32mBuilding CXX object CMakeFiles/formation_msgs__rosidl_typesupport_cpp.dir/rosidl_typesupport_cpp/formation_msgs/msg/formation_goal__type_support.cpp.o\x1b[0m\n'}
[2.829615] (formation_msgs) StdoutLine: {'line': b'[ 23%] \x1b[32mBuilding CXX object CMakeFiles/formation_msgs__rosidl_typesupport_cpp.dir/rosidl_typesupport_cpp/formation_msgs/msg/drawn_shape__type_support.cpp.o\x1b[0m\n'}
[2.829812] (formation_msgs) StdoutLine: {'line': b'[ 23%] \x1b[32mBuilding CXX object CMakeFiles/formation_msgs__rosidl_typesupport_cpp.dir/rosidl_typesupport_cpp/formation_msgs/msg/drone_path__type_support.cpp.o\x1b[0m\n'}
[2.829943] (formation_msgs) StdoutLine: {'line': b'[ 23%] \x1b[32mBuilding CXX object CMakeFiles/formation_msgs__rosidl_typesupport_cpp.dir/rosidl_typesupport_cpp/formation_msgs/msg/refinement_cmd__type_support.cpp.o\x1b[0m\n'}
[2.830052] (formation_msgs) StdoutLine: {'line': b'[ 24%] \x1b[32mBuilding CXX object CMakeFiles/formation_msgs__rosidl_typesupport_cpp.dir/rosidl_typesupport_cpp/formation_msgs/msg/drone_state__type_support.cpp.o\x1b[0m\n'}
[2.830153] (formation_msgs) StdoutLine: {'line': b'[ 25%] \x1b[32mBuilding CXX object CMakeFiles/formation_msgs__rosidl_typesupport_cpp.dir/rosidl_typesupport_cpp/formation_msgs/msg/refinement_candidate__type_support.cpp.o\x1b[0m\n'}
[2.830942] (formation_msgs) StdoutLine: {'line': b'[ 26%] \x1b[32mBuilding CXX object CMakeFiles/formation_msgs__rosidl_typesupport_cpp.dir/rosidl_typesupport_cpp/formation_msgs/msg/plan_status__type_support.cpp.o\x1b[0m\n'}
[2.831069] (formation_msgs) StdoutLine: {'line': b'[ 27%] \x1b[32mBuilding CXX object CMakeFiles/formation_msgs__rosidl_typesupport_cpp.dir/rosidl_typesupport_cpp/formation_msgs/msg/generated_transform__type_support.cpp.o\x1b[0m\n'}
[2.831480] (formation_msgs) StdoutLine: {'line': b'[ 28%] \x1b[32mBuilding CXX object CMakeFiles/formation_msgs__rosidl_typesupport_cpp.dir/rosidl_typesupport_cpp/formation_msgs/msg/system_state__type_support.cpp.o\x1b[0m\n'}
[2.831664] (formation_msgs) StdoutLine: {'line': b'[ 29%] \x1b[32mBuilding CXX object CMakeFiles/formation_msgs__rosidl_typesupport_cpp.dir/rosidl_typesupport_cpp/formation_msgs/msg/user_command__type_support.cpp.o\x1b[0m\n'}
[2.904380] (-) TimerEvent: {}
[3.004297] (formation_msgs) StdoutLine: {'line': b'[ 30%] \x1b[32mBuilding CXX object CMakeFiles/formation_msgs__rosidl_typesupport_introspection_cpp.dir/rosidl_typesupport_introspection_cpp/formation_msgs/msg/detail/drawn_shape__type_support.cpp.o\x1b[0m\n'}
[3.004542] (-) TimerEvent: {}
[3.006993] (formation_msgs) StdoutLine: {'line': b'[ 31%] \x1b[32mBuilding CXX object CMakeFiles/formation_msgs__rosidl_typesupport_introspection_cpp.dir/rosidl_typesupport_introspection_cpp/formation_msgs/msg/detail/formation_goal__type_support.cpp.o\x1b[0m\n'}
[3.050522] (formation_msgs) StdoutLine: {'line': b'[ 31%] \x1b[32mBuilding CXX object CMakeFiles/formation_msgs__rosidl_typesupport_c.dir/rosidl_typesupport_c/formation_msgs/msg/drawn_shape__type_support.cpp.o\x1b[0m\n'}
[3.106013] (-) TimerEvent: {}
[3.106557] (formation_msgs) StdoutLine: {'line': b'[ 32%] \x1b[32mBuilding CXX object CMakeFiles/formation_msgs__rosidl_typesupport_c.dir/rosidl_typesupport_c/formation_msgs/msg/formation_goal__type_support.cpp.o\x1b[0m\n'}
[3.165970] (formation_msgs) StdoutLine: {'line': b'[ 33%] \x1b[32mBuilding CXX object CMakeFiles/formation_msgs__rosidl_typesupport_c.dir/rosidl_typesupport_c/formation_msgs/msg/drone_path__type_support.cpp.o\x1b[0m\n'}
[3.206564] (-) TimerEvent: {}
[3.212327] (formation_msgs) StdoutLine: {'line': b'[ 34%] \x1b[32mBuilding CXX object CMakeFiles/formation_msgs__rosidl_typesupport_fastrtps_cpp.dir/rosidl_typesupport_fastrtps_cpp/formation_msgs/msg/detail/dds_fastrtps/drawn_shape__type_support.cpp.o\x1b[0m\n'}
[3.234881] (formation_msgs) StdoutLine: {'line': b'[ 35%] \x1b[32mBuilding CXX object CMakeFiles/formation_msgs__rosidl_typesupport_c.dir/rosidl_typesupport_c/formation_msgs/msg/drone_state__type_support.cpp.o\x1b[0m\n'}
[3.298836] (formation_msgs) StdoutLine: {'line': b'[ 36%] \x1b[32mBuilding CXX object CMakeFiles/formation_msgs__rosidl_typesupport_c.dir/rosidl_typesupport_c/formation_msgs/msg/refinement_cmd__type_support.cpp.o\x1b[0m\n'}
[3.306698] (-) TimerEvent: {}
[3.366687] (formation_msgs) StdoutLine: {'line': b'[ 37%] \x1b[32mBuilding CXX object CMakeFiles/formation_msgs__rosidl_typesupport_c.dir/rosidl_typesupport_c/formation_msgs/msg/refinement_candidate__type_support.cpp.o\x1b[0m\n'}
[3.380447] (formation_msgs) StdoutLine: {'line': b'[ 39%] \x1b[32mBuilding CXX object CMakeFiles/formation_msgs__rosidl_typesupport_fastrtps_cpp.dir/rosidl_typesupport_fastrtps_cpp/formation_msgs/msg/detail/dds_fastrtps/drone_path__type_support.cpp.o\x1b[0m\n'}
[3.380841] (formation_msgs) StdoutLine: {'line': b'[ 39%] \x1b[32mBuilding CXX object CMakeFiles/formation_msgs__rosidl_typesupport_fastrtps_cpp.dir/rosidl_typesupport_fastrtps_cpp/formation_msgs/msg/detail/dds_fastrtps/formation_goal__type_support.cpp.o\x1b[0m\n'}
[3.381020] (formation_msgs) StdoutLine: {'line': b'[ 40%] \x1b[32mBuilding CXX object CMakeFiles/formation_msgs__rosidl_typesupport_introspection_cpp.dir/rosidl_typesupport_introspection_cpp/formation_msgs/msg/detail/drone_path__type_support.cpp.o\x1b[0m\n'}
[3.388337] (formation_msgs) StdoutLine: {'line': b'[ 42%] \x1b[32mBuilding CXX object CMakeFiles/formation_msgs__rosidl_typesupport_fastrtps_cpp.dir/rosidl_typesupport_fastrtps_cpp/formation_msgs/msg/detail/dds_fastrtps/drone_state__type_support.cpp.o\x1b[0m\n'}
[3.388717] (formation_msgs) StdoutLine: {'line': b'[ 42%] \x1b[32mBuilding CXX object CMakeFiles/formation_msgs__rosidl_typesupport_introspection_cpp.dir/rosidl_typesupport_introspection_cpp/formation_msgs/msg/detail/drone_state__type_support.cpp.o\x1b[0m\n'}
[3.393073] (formation_msgs) StdoutLine: {'line': b'[ 43%] \x1b[32mBuilding CXX object CMakeFiles/formation_msgs__rosidl_typesupport_introspection_cpp.dir/rosidl_typesupport_introspection_cpp/formation_msgs/msg/detail/refinement_cmd__type_support.cpp.o\x1b[0m\n'}
[3.394267] (formation_msgs) StdoutLine: {'line': b'[ 44%] \x1b[32mBuilding CXX object CMakeFiles/formation_msgs__rosidl_typesupport_fastrtps_cpp.dir/rosidl_typesupport_fastrtps_cpp/formation_msgs/msg/detail/dds_fastrtps/refinement_cmd__type_support.cpp.o\x1b[0m\n'}
[3.405341] (formation_msgs) StdoutLine: {'line': b'[ 45%] \x1b[32mBuilding CXX object CMakeFiles/formation_msgs__rosidl_typesupport_c.dir/rosidl_typesupport_c/formation_msgs/msg/generated_transform__type_support.cpp.o\x1b[0m\n'}
[3.405667] (formation_msgs) StdoutLine: {'line': b'[ 46%] \x1b[32mBuilding CXX object CMakeFiles/formation_msgs__rosidl_typesupport_c.dir/rosidl_typesupport_c/formation_msgs/msg/plan_status__type_support.cpp.o\x1b[0m\n'}
[3.406778] (-) TimerEvent: {}
[3.410597] (formation_msgs) StdoutLine: {'line': b'[ 47%] \x1b[32m\x1b[1mLinking CXX shared library libformation_msgs__rosidl_typesupport_cpp.so\x1b[0m\n'}
[3.425431] (formation_msgs) StdoutLine: {'line': b'[ 48%] \x1b[32mBuilding CXX object CMakeFiles/formation_msgs__rosidl_typesupport_fastrtps_cpp.dir/rosidl_typesupport_fastrtps_cpp/formation_msgs/msg/detail/dds_fastrtps/refinement_candidate__type_support.cpp.o\x1b[0m\n'}
[3.453132] (formation_msgs) StdoutLine: {'line': b'[ 49%] \x1b[32mBuilding CXX object CMakeFiles/formation_msgs__rosidl_typesupport_introspection_cpp.dir/rosidl_typesupport_introspection_cpp/formation_msgs/msg/detail/refinement_candidate__type_support.cpp.o\x1b[0m\n'}
[3.458556] (formation_msgs) StdoutLine: {'line': b'[ 50%] \x1b[32mBuilding CXX object CMakeFiles/formation_msgs__rosidl_typesupport_c.dir/rosidl_typesupport_c/formation_msgs/msg/system_state__type_support.cpp.o\x1b[0m\n'}
[3.506943] (-) TimerEvent: {}
[3.510485] (formation_msgs) StdoutLine: {'line': b'[ 51%] \x1b[32mBuilding CXX object CMakeFiles/formation_msgs__rosidl_typesupport_c.dir/rosidl_typesupport_c/formation_msgs/msg/user_command__type_support.cpp.o\x1b[0m\n'}
[3.510897] (formation_msgs) StdoutLine: {'line': b'[ 51%] \x1b[32mBuilding C object CMakeFiles/formation_msgs__rosidl_typesupport_introspection_c.dir/rosidl_typesupport_introspection_c/formation_msgs/msg/detail/drawn_shape__type_support.c.o\x1b[0m\n'}
[3.526462] (formation_msgs) StdoutLine: {'line': b'[ 51%] Built target formation_msgs__rosidl_typesupport_cpp\n'}
[3.542292] (formation_msgs) StdoutLine: {'line': b'[ 52%] \x1b[32mBuilding CXX object CMakeFiles/formation_msgs__rosidl_typesupport_fastrtps_c.dir/rosidl_typesupport_fastrtps_c/formation_msgs/msg/detail/formation_goal__type_support_c.cpp.o\x1b[0m\n'}
[3.546300] (formation_msgs) StdoutLine: {'line': b'[ 52%] \x1b[32mBuilding CXX object CMakeFiles/formation_msgs__rosidl_typesupport_fastrtps_c.dir/rosidl_typesupport_fastrtps_c/formation_msgs/msg/detail/drawn_shape__type_support_c.cpp.o\x1b[0m\n'}
[3.590309] (formation_msgs) StdoutLine: {'line': b'[ 53%] \x1b[32mBuilding C object CMakeFiles/formation_msgs__rosidl_typesupport_introspection_c.dir/rosidl_typesupport_introspection_c/formation_msgs/msg/detail/formation_goal__type_support.c.o\x1b[0m\n'}
[3.607081] (-) TimerEvent: {}
[3.615332] (formation_msgs) StdoutLine: {'line': b'[ 54%] \x1b[32m\x1b[1mLinking CXX shared library libformation_msgs__rosidl_typesupport_c.so\x1b[0m\n'}
[3.670366] (formation_msgs) StdoutLine: {'line': b'[ 55%] \x1b[32mBuilding C object CMakeFiles/formation_msgs__rosidl_typesupport_introspection_c.dir/rosidl_typesupport_introspection_c/formation_msgs/msg/detail/drone_path__type_support.c.o\x1b[0m\n'}
[3.707269] (-) TimerEvent: {}
[3.725389] (formation_msgs) StdoutLine: {'line': b'[ 55%] Built target formation_msgs__rosidl_typesupport_c\n'}
[3.741493] (formation_msgs) StdoutLine: {'line': b'[ 57%] \x1b[32mBuilding CXX object CMakeFiles/formation_msgs__rosidl_typesupport_fastrtps_c.dir/rosidl_typesupport_fastrtps_c/formation_msgs/msg/detail/drone_path__type_support_c.cpp.o\x1b[0m\n'}
[3.741827] (formation_msgs) StdoutLine: {'line': b'[ 57%] \x1b[32mBuilding C object CMakeFiles/formation_msgs__rosidl_typesupport_introspection_c.dir/rosidl_typesupport_introspection_c/formation_msgs/msg/detail/drone_state__type_support.c.o\x1b[0m\n'}
[3.805337] (formation_msgs) StdoutLine: {'line': b'[ 58%] \x1b[32mBuilding C object CMakeFiles/formation_msgs__rosidl_typesupport_introspection_c.dir/rosidl_typesupport_introspection_c/formation_msgs/msg/detail/refinement_cmd__type_support.c.o\x1b[0m\n'}
[3.807360] (-) TimerEvent: {}
[3.871284] (formation_msgs) StdoutLine: {'line': b'[ 59%] \x1b[32mBuilding CXX object CMakeFiles/formation_msgs__rosidl_typesupport_introspection_cpp.dir/rosidl_typesupport_introspection_cpp/formation_msgs/msg/detail/generated_transform__type_support.cpp.o\x1b[0m\n'}
[3.871751] (formation_msgs) StdoutLine: {'line': b'[ 60%] \x1b[32mBuilding CXX object CMakeFiles/formation_msgs__rosidl_typesupport_fastrtps_c.dir/rosidl_typesupport_fastrtps_c/formation_msgs/msg/detail/drone_state__type_support_c.cpp.o\x1b[0m\n'}
[3.875287] (formation_msgs) StdoutLine: {'line': b'[ 61%] \x1b[32mBuilding C object CMakeFiles/formation_msgs__rosidl_typesupport_introspection_c.dir/rosidl_typesupport_introspection_c/formation_msgs/msg/detail/refinement_candidate__type_support.c.o\x1b[0m\n'}
[3.907508] (-) TimerEvent: {}
[3.945323] (formation_msgs) StdoutLine: {'line': b'[ 62%] \x1b[32mBuilding C object CMakeFiles/formation_msgs__rosidl_typesupport_introspection_c.dir/rosidl_typesupport_introspection_c/formation_msgs/msg/detail/generated_transform__type_support.c.o\x1b[0m\n'}
[4.009430] (formation_msgs) StdoutLine: {'line': b'[ 63%] \x1b[32mBuilding CXX object CMakeFiles/formation_msgs__rosidl_typesupport_fastrtps_cpp.dir/rosidl_typesupport_fastrtps_cpp/formation_msgs/msg/detail/dds_fastrtps/generated_transform__type_support.cpp.o\x1b[0m\n'}
[4.009747] (-) TimerEvent: {}
[4.012000] (formation_msgs) StdoutLine: {'line': b'[ 64%] \x1b[32mBuilding C object CMakeFiles/formation_msgs__rosidl_typesupport_introspection_c.dir/rosidl_typesupport_introspection_c/formation_msgs/msg/detail/plan_status__type_support.c.o\x1b[0m\n'}
[4.018661] (formation_msgs) StdoutLine: {'line': b'[ 65%] \x1b[32mBuilding CXX object CMakeFiles/formation_msgs__rosidl_typesupport_fastrtps_cpp.dir/rosidl_typesupport_fastrtps_cpp/formation_msgs/msg/detail/dds_fastrtps/plan_status__type_support.cpp.o\x1b[0m\n'}
[4.050117] (formation_msgs) StdoutLine: {'line': b'[ 67%] \x1b[32mBuilding CXX object CMakeFiles/formation_msgs__rosidl_typesupport_introspection_cpp.dir/rosidl_typesupport_introspection_cpp/formation_msgs/msg/detail/plan_status__type_support.cpp.o\x1b[0m\n'}
[4.050432] (formation_msgs) StdoutLine: {'line': b'[ 67%] \x1b[32mBuilding CXX object CMakeFiles/formation_msgs__rosidl_typesupport_fastrtps_c.dir/rosidl_typesupport_fastrtps_c/formation_msgs/msg/detail/refinement_cmd__type_support_c.cpp.o\x1b[0m\n'}
[4.072518] (formation_msgs) StdoutLine: {'line': b'[ 68%] \x1b[32mBuilding C object CMakeFiles/formation_msgs__rosidl_typesupport_introspection_c.dir/rosidl_typesupport_introspection_c/formation_msgs/msg/detail/system_state__type_support.c.o\x1b[0m\n'}
[4.083199] (formation_msgs) StdoutLine: {'line': b'[ 69%] \x1b[32mBuilding CXX object CMakeFiles/formation_msgs__rosidl_typesupport_fastrtps_c.dir/rosidl_typesupport_fastrtps_c/formation_msgs/msg/detail/refinement_candidate__type_support_c.cpp.o\x1b[0m\n'}
[4.086292] (formation_msgs) StdoutLine: {'line': b'[ 70%] \x1b[32mBuilding C object CMakeFiles/formation_msgs__rosidl_typesupport_introspection_c.dir/rosidl_typesupport_introspection_c/formation_msgs/msg/detail/user_command__type_support.c.o\x1b[0m\n'}
[4.109898] (-) TimerEvent: {}
[4.116046] (formation_msgs) StdoutLine: {'line': b'[ 71%] \x1b[32mBuilding CXX object CMakeFiles/formation_msgs__rosidl_typesupport_introspection_cpp.dir/rosidl_typesupport_introspection_cpp/formation_msgs/msg/detail/system_state__type_support.cpp.o\x1b[0m\n'}
[4.124401] (formation_msgs) StdoutLine: {'line': b'[ 72%] \x1b[32mBuilding CXX object CMakeFiles/formation_msgs__rosidl_typesupport_fastrtps_cpp.dir/rosidl_typesupport_fastrtps_cpp/formation_msgs/msg/detail/dds_fastrtps/system_state__type_support.cpp.o\x1b[0m\n'}
[4.129337] (formation_msgs) StdoutLine: {'line': b'[ 73%] \x1b[32mBuilding CXX object CMakeFiles/formation_msgs__rosidl_typesupport_fastrtps_cpp.dir/rosidl_typesupport_fastrtps_cpp/formation_msgs/msg/detail/dds_fastrtps/user_command__type_support.cpp.o\x1b[0m\n'}
[4.149396] (formation_msgs) StdoutLine: {'line': b'[ 75%] \x1b[32mBuilding CXX object CMakeFiles/formation_msgs__rosidl_typesupport_fastrtps_c.dir/rosidl_typesupport_fastrtps_c/formation_msgs/msg/detail/generated_transform__type_support_c.cpp.o\x1b[0m\n'}
[4.149701] (formation_msgs) StdoutLine: {'line': b'[ 75%] \x1b[32m\x1b[1mLinking C shared library libformation_msgs__rosidl_typesupport_introspection_c.so\x1b[0m\n'}
[4.159095] (formation_msgs) StdoutLine: {'line': b'[ 76%] \x1b[32mBuilding CXX object CMakeFiles/formation_msgs__rosidl_typesupport_introspection_cpp.dir/rosidl_typesupport_introspection_cpp/formation_msgs/msg/detail/user_command__type_support.cpp.o\x1b[0m\n'}
[4.191882] (formation_msgs) StdoutLine: {'line': b'[ 77%] \x1b[32mBuilding CXX object CMakeFiles/formation_msgs__rosidl_typesupport_fastrtps_c.dir/rosidl_typesupport_fastrtps_c/formation_msgs/msg/detail/plan_status__type_support_c.cpp.o\x1b[0m\n'}
[4.210042] (-) TimerEvent: {}
[4.223335] (formation_msgs) StdoutLine: {'line': b'[ 77%] Built target formation_msgs__rosidl_typesupport_introspection_c\n'}
[4.236795] (formation_msgs) StdoutLine: {'line': b'[ 78%] \x1b[32mBuilding CXX object CMakeFiles/formation_msgs__rosidl_typesupport_fastrtps_c.dir/rosidl_typesupport_fastrtps_c/formation_msgs/msg/detail/system_state__type_support_c.cpp.o\x1b[0m\n'}
[4.251951] (formation_msgs) StdoutLine: {'line': b'[ 79%] \x1b[32mBuilding CXX object CMakeFiles/formation_msgs__rosidl_typesupport_fastrtps_c.dir/rosidl_typesupport_fastrtps_c/formation_msgs/msg/detail/user_command__type_support_c.cpp.o\x1b[0m\n'}
[4.310172] (-) TimerEvent: {}
[4.410628] (-) TimerEvent: {}
[4.513330] (-) TimerEvent: {}
[4.613776] (-) TimerEvent: {}
[4.687890] (formation_msgs) StdoutLine: {'line': b'[ 80%] \x1b[32m\x1b[1mLinking CXX shared library libformation_msgs__rosidl_typesupport_fastrtps_cpp.so\x1b[0m\n'}
[4.700665] (formation_msgs) StdoutLine: {'line': b'[ 81%] \x1b[32m\x1b[1mLinking CXX shared library libformation_msgs__rosidl_typesupport_introspection_cpp.so\x1b[0m\n'}
[4.703637] (formation_msgs) StdoutLine: {'line': b'[ 82%] \x1b[32m\x1b[1mLinking CXX shared library libformation_msgs__rosidl_typesupport_fastrtps_c.so\x1b[0m\n'}
[4.713845] (-) TimerEvent: {}
[4.766895] (formation_msgs) StdoutLine: {'line': b'[ 82%] Built target formation_msgs__rosidl_typesupport_fastrtps_cpp\n'}
[4.782259] (formation_msgs) StdoutLine: {'line': b'[ 82%] Built target formation_msgs__rosidl_typesupport_fastrtps_c\n'}
[4.785322] (formation_msgs) StdoutLine: {'line': b'[ 82%] Built target formation_msgs__rosidl_typesupport_introspection_cpp\n'}
[4.801402] (formation_msgs) StdoutLine: {'line': b'[ 82%] Built target formation_msgs\n'}
[4.813927] (-) TimerEvent: {}
[4.817632] (formation_msgs) StdoutLine: {'line': b'[ 83%] \x1b[34m\x1b[1mGenerating Python code for ROS interfaces\x1b[0m\n'}
[4.914186] (-) TimerEvent: {}
[5.014500] (-) TimerEvent: {}
[5.114700] (-) TimerEvent: {}
[5.214892] (-) TimerEvent: {}
[5.315087] (-) TimerEvent: {}
[5.415292] (-) TimerEvent: {}
[5.515467] (-) TimerEvent: {}
[5.615641] (-) TimerEvent: {}
[5.691417] (formation_msgs) StdoutLine: {'line': b'[ 83%] Built target formation_msgs__py\n'}
[5.710327] (formation_msgs) StdoutLine: {'line': b'[ 88%] \x1b[32mBuilding C object CMakeFiles/formation_msgs__rosidl_generator_py.dir/rosidl_generator_py/formation_msgs/msg/_generated_transform_s.c.o\x1b[0m\n'}
[5.710593] (formation_msgs) StdoutLine: {'line': b'[ 88%] \x1b[32mBuilding C object CMakeFiles/formation_msgs__rosidl_generator_py.dir/rosidl_generator_py/formation_msgs/msg/_refinement_candidate_s.c.o\x1b[0m\n'}
[5.710678] (formation_msgs) StdoutLine: {'line': b'[ 88%] \x1b[32mBuilding C object CMakeFiles/formation_msgs__rosidl_generator_py.dir/rosidl_generator_py/formation_msgs/msg/_refinement_cmd_s.c.o\x1b[0m\n'}
[5.710777] (formation_msgs) StdoutLine: {'line': b'[ 88%] \x1b[32mBuilding C object CMakeFiles/formation_msgs__rosidl_generator_py.dir/rosidl_generator_py/formation_msgs/msg/_drone_state_s.c.o\x1b[0m\n'}
[5.710852] (formation_msgs) StdoutLine: {'line': b'[ 88%] \x1b[32mBuilding C object CMakeFiles/formation_msgs__rosidl_generator_py.dir/rosidl_generator_py/formation_msgs/msg/_drawn_shape_s.c.o\x1b[0m\n'}
[5.710924] (formation_msgs) StdoutLine: {'line': b'[ 89%] \x1b[32mBuilding C object CMakeFiles/formation_msgs__rosidl_generator_py.dir/rosidl_generator_py/formation_msgs/msg/_plan_status_s.c.o\x1b[0m\n'}
[5.710993] (formation_msgs) StdoutLine: {'line': b'[ 90%] \x1b[32mBuilding C object CMakeFiles/formation_msgs__rosidl_generator_py.dir/rosidl_generator_py/formation_msgs/msg/_formation_goal_s.c.o\x1b[0m\n'}
[5.711274] (formation_msgs) StdoutLine: {'line': b'[ 91%] \x1b[32mBuilding C object CMakeFiles/formation_msgs__rosidl_generator_py.dir/rosidl_generator_py/formation_msgs/msg/_drone_path_s.c.o\x1b[0m\n'}
[5.712675] (formation_msgs) StdoutLine: {'line': b'[ 92%] \x1b[32mBuilding C object CMakeFiles/formation_msgs__rosidl_generator_py.dir/rosidl_generator_py/formation_msgs/msg/_system_state_s.c.o\x1b[0m\n'}
[5.712835] (formation_msgs) StdoutLine: {'line': b'[ 93%] \x1b[32mBuilding C object CMakeFiles/formation_msgs__rosidl_generator_py.dir/rosidl_generator_py/formation_msgs/msg/_user_command_s.c.o\x1b[0m\n'}
[5.715767] (-) TimerEvent: {}
[5.816157] (-) TimerEvent: {}
[5.853440] (formation_msgs) StdoutLine: {'line': b'[ 94%] \x1b[32m\x1b[1mLinking C shared library rosidl_generator_py/formation_msgs/libformation_msgs__rosidl_generator_py.so\x1b[0m\n'}
[5.894883] (formation_msgs) StdoutLine: {'line': b'[ 94%] Built target formation_msgs__rosidl_generator_py\n'}
[5.911652] (formation_msgs) StdoutLine: {'line': b'[ 97%] \x1b[32mBuilding C object CMakeFiles/formation_msgs__rosidl_typesupport_c__pyext.dir/rosidl_generator_py/formation_msgs/_formation_msgs_s.ep.rosidl_typesupport_c.c.o\x1b[0m\n'}
[5.911847] (formation_msgs) StdoutLine: {'line': b'[ 97%] \x1b[32mBuilding C object CMakeFiles/formation_msgs__rosidl_typesupport_introspection_c__pyext.dir/rosidl_generator_py/formation_msgs/_formation_msgs_s.ep.rosidl_typesupport_introspection_c.c.o\x1b[0m\n'}
[5.911927] (formation_msgs) StdoutLine: {'line': b'[ 97%] \x1b[32mBuilding C object CMakeFiles/formation_msgs__rosidl_typesupport_fastrtps_c__pyext.dir/rosidl_generator_py/formation_msgs/_formation_msgs_s.ep.rosidl_typesupport_fastrtps_c.c.o\x1b[0m\n'}
[5.916210] (-) TimerEvent: {}
[6.012405] (formation_msgs) StdoutLine: {'line': b'[100%] \x1b[32m\x1b[1mLinking C shared library rosidl_generator_py/formation_msgs/formation_msgs_s__rosidl_typesupport_fastrtps_c.cpython-310-x86_64-linux-gnu.so\x1b[0m\n'}
[6.012593] (formation_msgs) StdoutLine: {'line': b'[100%] \x1b[32m\x1b[1mLinking C shared library rosidl_generator_py/formation_msgs/formation_msgs_s__rosidl_typesupport_c.cpython-310-x86_64-linux-gnu.so\x1b[0m\n'}
[6.012676] (formation_msgs) StdoutLine: {'line': b'[100%] \x1b[32m\x1b[1mLinking C shared library rosidl_generator_py/formation_msgs/formation_msgs_s__rosidl_typesupport_introspection_c.cpython-310-x86_64-linux-gnu.so\x1b[0m\n'}
[6.016283] (-) TimerEvent: {}
[6.047144] (formation_msgs) StdoutLine: {'line': b'[100%] Built target formation_msgs__rosidl_typesupport_introspection_c__pyext\n'}
[6.047353] (formation_msgs) StdoutLine: {'line': b'[100%] Built target formation_msgs__rosidl_typesupport_c__pyext\n'}
[6.047436] (formation_msgs) StdoutLine: {'line': b'[100%] Built target formation_msgs__rosidl_typesupport_fastrtps_c__pyext\n'}
[6.058715] (formation_msgs) CommandEnded: {'returncode': 0}
[6.059228] (formation_msgs) JobProgress: {'identifier': 'formation_msgs', 'progress': 'install'}
[6.066709] (formation_msgs) Command: {'cmd': ['/usr/bin/cmake', '--install', '/home/tiffany/fyp_ws/build/formation_msgs'], 'cwd': '/home/tiffany/fyp_ws/build/formation_msgs', 'env': OrderedDict([('LESSOPEN', '| /usr/bin/lesspipe %s'), ('USER', 'tiffany'), ('LC_TIME', 'id_ID.UTF-8'), ('XDG_SESSION_TYPE', 'x11'), ('SHLVL', '1'), ('LD_LIBRARY_PATH', '/opt/ros/humble/lib/x86_64-linux-gnu:/opt/ros/humble/lib'), ('HOME', '/home/tiffany'), ('OLDPWD', '/home/tiffany'), ('DESKTOP_SESSION', 'ubuntu'), ('ROS_PYTHON_VERSION', '3'), ('GNOME_SHELL_SESSION_MODE', 'ubuntu'), ('GTK_MODULES', 'gail:atk-bridge'), ('LC_MONETARY', 'id_ID.UTF-8'), ('SYSTEMD_EXEC_PID', '2111'), ('DBUS_SESSION_BUS_ADDRESS', 'unix:path=/run/user/1000/bus'), ('COLORTERM', 'truecolor'), ('ROS_DISTRO', 'humble'), ('GTK_IM_MODULE', 'ibus'), ('LOGNAME', 'tiffany'), ('_', '/usr/bin/colcon'), ('ROS_VERSION', '2'), ('XDG_SESSION_CLASS', 'user'), ('USERNAME', 'tiffany'), ('TERM', 'xterm-256color'), ('GNOME_DESKTOP_SESSION_ID', 'this-is-deprecated'), ('ROS_LOCALHOST_ONLY', '0'), ('WINDOWPATH', '2'), ('PATH', '/opt/ros/humble/bin:/usr/local/sbin:/usr/local/bin:/usr/sbin:/usr/bin:/sbin:/bin:/usr/games:/usr/local/games:/snap/bin:/snap/bin'), ('SESSION_MANAGER', 'local/tiffany-HP:@/tmp/.ICE-unix/1932,unix/tiffany-HP:/tmp/.ICE-unix/1932'), ('XDG_MENU_PREFIX', 'gnome-'), ('LC_ADDRESS', 'id_ID.UTF-8'), ('GNOME_TERMINAL_SCREEN', '/org/gnome/Terminal/screen/5962d43d_3d1d_43e1_b9bb_40108c289ecd'), ('XDG_RUNTIME_DIR', '/run/user/1000'), ('DISPLAY', ':1'), ('LANG', 'en_US.UTF-8'), ('XDG_CURRENT_DESKTOP', 'ubuntu:GNOME'), ('LC_TELEPHONE', 'id_ID.UTF-8'), ('XMODIFIERS', '@im=ibus'), ('XDG_SESSION_DESKTOP', 'ubuntu'), ('XAUTHORITY', '/run/user/1000/gdm/Xauthority'), ('LS_COLORS', 'rs=0:di=01;34:ln=01;36:mh=00:pi=40;33:so=01;35:do=01;35:bd=40;33;01:cd=40;33;01:or=40;31;01:mi=00:su=37;41:sg=30;43:ca=30;41:tw=30;42:ow=34;42:st=37;44:ex=01;32:*.tar=01;31:*.tgz=01;31:*.arc=01;31:*.arj=01;31:*.taz=01;31:*.lha=01;31:*.lz4=01;31:*.lzh=01;31:*.lzma=01;31:*.tlz=01;31:*.txz=01;31:*.tzo=01;31:*.t7z=01;31:*.zip=01;31:*.z=01;31:*.dz=01;31:*.gz=01;31:*.lrz=01;31:*.lz=01;31:*.lzo=01;31:*.xz=01;31:*.zst=01;31:*.tzst=01;31:*.bz2=01;31:*.bz=01;31:*.tbz=01;31:*.tbz2=01;31:*.tz=01;31:*.deb=01;31:*.rpm=01;31:*.jar=01;31:*.war=01;31:*.ear=01;31:*.sar=01;31:*.rar=01;31:*.alz=01;31:*.ace=01;31:*.zoo=01;31:*.cpio=01;31:*.7z=01;31:*.rz=01;31:*.cab=01;31:*.wim=01;31:*.swm=01;31:*.dwm=01;31:*.esd=01;31:*.jpg=01;35:*.jpeg=01;35:*.mjpg=01;35:*.mjpeg=01;35:*.gif=01;35:*.bmp=01;35:*.pbm=01;35:*.pgm=01;35:*.ppm=01;35:*.tga=01;35:*.xbm=01;35:*.xpm=01;35:*.tif=01;35:*.tiff=01;35:*.png=01;35:*.svg=01;35:*.svgz=01;35:*.mng=01;35:*.pcx=01;35:*.mov=01;35:*.mpg=01;35:*.mpeg=01;35:*.m2v=01;35:*.mkv=01;35:*.webm=01;35:*.webp=01;35:*.ogm=01;35:*.mp4=01;35:*.m4v=01;35:*.mp4v=01;35:*.vob=01;35:*.qt=01;35:*.nuv=01;35:*.wmv=01;35:*.asf=01;35:*.rm=01;35:*.rmvb=01;35:*.flc=01;35:*.avi=01;35:*.fli=01;35:*.flv=01;35:*.gl=01;35:*.dl=01;35:*.xcf=01;35:*.xwd=01;35:*.yuv=01;35:*.cgm=01;35:*.emf=01;35:*.ogv=01;35:*.ogx=01;35:*.aac=00;36:*.au=00;36:*.flac=00;36:*.m4a=00;36:*.mid=00;36:*.midi=00;36:*.mka=00;36:*.mp3=00;36:*.mpc=00;36:*.ogg=00;36:*.ra=00;36:*.wav=00;36:*.oga=00;36:*.opus=00;36:*.spx=00;36:*.xspf=00;36:'), ('GNOME_TERMINAL_SERVICE', ':1.160'), ('SSH_AGENT_LAUNCHER', 'gnome-keyring'), ('SSH_AUTH_SOCK', '/run/user/1000/keyring/ssh'), ('AMENT_PREFIX_PATH', '/opt/ros/humble'), ('SHELL', '/bin/bash'), ('LC_NAME', 'id_ID.UTF-8'), ('QT_ACCESSIBILITY', '1'), ('GDMSESSION', 'ubuntu'), ('LESSCLOSE', '/usr/bin/lesspipe %s %s'), ('LC_MEASUREMENT', 'id_ID.UTF-8'), ('GPG_AGENT_INFO', '/run/user/1000/gnupg/S.gpg-agent:0:1'), ('LC_IDENTIFICATION', 'id_ID.UTF-8'), ('QT_IM_MODULE', 'ibus'), ('PWD', '/home/tiffany/fyp_ws/build/formation_msgs'), ('LC_ALL', 'en_US.UTF-8'), ('XDG_CONFIG_DIRS', '/etc/xdg/xdg-ubuntu:/etc/xdg'), ('XDG_DATA_DIRS', '/usr/share/ubuntu:/usr/share/gnome:/usr/local/share/:/usr/share/:/var/lib/snapd/desktop'), ('PYTHONPATH', '/opt/ros/humble/lib/python3.10/site-packages:/opt/ros/humble/local/lib/python3.10/dist-packages'), ('LC_NUMERIC', 'id_ID.UTF-8'), ('LC_PAPER', 'id_ID.UTF-8'), ('COLCON', '1'), ('VTE_VERSION', '6800'), ('CMAKE_PREFIX_PATH', '/opt/ros/humble')]), 'shell': False}
[6.073084] (formation_msgs) StdoutLine: {'line': b'-- Install configuration: ""\n'}
[6.073295] (formation_msgs) StdoutLine: {'line': b'-- Installing: /home/tiffany/fyp_ws/install/formation_msgs/share/ament_index/resource_index/rosidl_interfaces/formation_msgs\n'}
[6.073458] (formation_msgs) StdoutLine: {'line': b'-- Installing: /home/tiffany/fyp_ws/install/formation_msgs/include/formation_msgs/formation_msgs\n'}
[6.073573] (formation_msgs) StdoutLine: {'line': b'-- Installing: /home/tiffany/fyp_ws/install/formation_msgs/include/formation_msgs/formation_msgs/msg\n'}
[6.073654] (formation_msgs) StdoutLine: {'line': b'-- Installing: /home/tiffany/fyp_ws/install/formation_msgs/include/formation_msgs/formation_msgs/msg/generated_transform.h\n'}
[6.073775] (formation_msgs) StdoutLine: {'line': b'-- Installing: /home/tiffany/fyp_ws/install/formation_msgs/include/formation_msgs/formation_msgs/msg/system_state.h\n'}
[6.073893] (formation_msgs) StdoutLine: {'line': b'-- Installing: /home/tiffany/fyp_ws/install/formation_msgs/include/formation_msgs/formation_msgs/msg/drawn_shape.h\n'}
[6.073998] (formation_msgs) StdoutLine: {'line': b'-- Installing: /home/tiffany/fyp_ws/install/formation_msgs/include/formation_msgs/formation_msgs/msg/drone_path.h\n'}
[6.074109] (formation_msgs) StdoutLine: {'line': b'-- Installing: /home/tiffany/fyp_ws/install/formation_msgs/include/formation_msgs/formation_msgs/msg/formation_goal.h\n'}
[6.074221] (formation_msgs) StdoutLine: {'line': b'-- Installing: /home/tiffany/fyp_ws/install/formation_msgs/include/formation_msgs/formation_msgs/msg/plan_status.h\n'}
[6.074346] (formation_msgs) StdoutLine: {'line': b'-- Installing: /home/tiffany/fyp_ws/install/formation_msgs/include/formation_msgs/formation_msgs/msg/rosidl_generator_c__visibility_control.h\n'}
[6.074467] (formation_msgs) StdoutLine: {'line': b'-- Installing: /home/tiffany/fyp_ws/install/formation_msgs/include/formation_msgs/formation_msgs/msg/detail\n'}
[6.074569] (formation_msgs) StdoutLine: {'line': b'-- Installing: /home/tiffany/fyp_ws/install/formation_msgs/include/formation_msgs/formation_msgs/msg/detail/generated_transform__functions.h\n'}
[6.074695] (formation_msgs) StdoutLine: {'line': b'-- Installing: /home/tiffany/fyp_ws/install/formation_msgs/include/formation_msgs/formation_msgs/msg/detail/plan_status__type_support.h\n'}
[6.074810] (formation_msgs) StdoutLine: {'line': b'-- Installing: /home/tiffany/fyp_ws/install/formation_msgs/include/formation_msgs/formation_msgs/msg/detail/drone_state__functions.c\n'}
[6.074925] (formation_msgs) StdoutLine: {'line': b'-- Installing: /home/tiffany/fyp_ws/install/formation_msgs/include/formation_msgs/formation_msgs/msg/detail/plan_status__functions.c\n'}
[6.075048] (formation_msgs) StdoutLine: {'line': b'-- Installing: /home/tiffany/fyp_ws/install/formation_msgs/include/formation_msgs/formation_msgs/msg/detail/refinement_cmd__struct.h\n'}
[6.075160] (formation_msgs) StdoutLine: {'line': b'-- Installing: /home/tiffany/fyp_ws/install/formation_msgs/include/formation_msgs/formation_msgs/msg/detail/drone_path__type_support.h\n'}
[6.075278] (formation_msgs) StdoutLine: {'line': b'-- Installing: /home/tiffany/fyp_ws/install/formation_msgs/include/formation_msgs/formation_msgs/msg/detail/drone_path__functions.h\n'}
[6.075400] (formation_msgs) StdoutLine: {'line': b'-- Installing: /home/tiffany/fyp_ws/install/formation_msgs/include/formation_msgs/formation_msgs/msg/detail/refinement_candidate__struct.h\n'}
[6.075517] (formation_msgs) StdoutLine: {'line': b'-- Installing: /home/tiffany/fyp_ws/install/formation_msgs/include/formation_msgs/formation_msgs/msg/detail/generated_transform__struct.h\n'}
[6.075632] (formation_msgs) StdoutLine: {'line': b'-- Installing: /home/tiffany/fyp_ws/install/formation_msgs/include/formation_msgs/formation_msgs/msg/detail/user_command__struct.h\n'}
[6.075746] (formation_msgs) StdoutLine: {'line': b'-- Installing: /home/tiffany/fyp_ws/install/formation_msgs/include/formation_msgs/formation_msgs/msg/detail/drawn_shape__struct.h\n'}
[6.075861] (formation_msgs) StdoutLine: {'line': b'-- Installing: /home/tiffany/fyp_ws/install/formation_msgs/include/formation_msgs/formation_msgs/msg/detail/system_state__struct.h\n'}
[6.075972] (formation_msgs) StdoutLine: {'line': b'-- Installing: /home/tiffany/fyp_ws/install/formation_msgs/include/formation_msgs/formation_msgs/msg/detail/drawn_shape__functions.h\n'}
[6.076089] (formation_msgs) StdoutLine: {'line': b'-- Installing: /home/tiffany/fyp_ws/install/formation_msgs/include/formation_msgs/formation_msgs/msg/detail/drone_path__functions.c\n'}
[6.076210] (formation_msgs) StdoutLine: {'line': b'-- Installing: /home/tiffany/fyp_ws/install/formation_msgs/include/formation_msgs/formation_msgs/msg/detail/formation_goal__struct.h\n'}
[6.076332] (formation_msgs) StdoutLine: {'line': b'-- Installing: /home/tiffany/fyp_ws/install/formation_msgs/include/formation_msgs/formation_msgs/msg/detail/drawn_shape__functions.c\n'}
[6.076450] (formation_msgs) StdoutLine: {'line': b'-- Installing: /home/tiffany/fyp_ws/install/formation_msgs/include/formation_msgs/formation_msgs/msg/detail/drone_state__type_support.h\n'}
[6.076563] (formation_msgs) StdoutLine: {'line': b'-- Installing: /home/tiffany/fyp_ws/install/formation_msgs/include/formation_msgs/formation_msgs/msg/detail/drone_state__functions.h\n'}
[6.076689] (formation_msgs) StdoutLine: {'line': b'-- Installing: /home/tiffany/fyp_ws/install/formation_msgs/include/formation_msgs/formation_msgs/msg/detail/refinement_candidate__functions.c\n'}
[6.076826] (formation_msgs) StdoutLine: {'line': b'-- Installing: /home/tiffany/fyp_ws/install/formation_msgs/include/formation_msgs/formation_msgs/msg/detail/drone_path__struct.h\n'}
[6.076938] (formation_msgs) StdoutLine: {'line': b'-- Installing: /home/tiffany/fyp_ws/install/formation_msgs/include/formation_msgs/formation_msgs/msg/detail/refinement_cmd__functions.h\n'}
[6.077062] (formation_msgs) StdoutLine: {'line': b'-- Installing: /home/tiffany/fyp_ws/install/formation_msgs/include/formation_msgs/formation_msgs/msg/detail/user_command__type_support.h\n'}
[6.077177] (formation_msgs) StdoutLine: {'line': b'-- Installing: /home/tiffany/fyp_ws/install/formation_msgs/include/formation_msgs/formation_msgs/msg/detail/plan_status__struct.h\n'}
[6.077296] (formation_msgs) StdoutLine: {'line': b'-- Installing: /home/tiffany/fyp_ws/install/formation_msgs/include/formation_msgs/formation_msgs/msg/detail/refinement_candidate__functions.h\n'}
[6.077419] (formation_msgs) StdoutLine: {'line': b'-- Installing: /home/tiffany/fyp_ws/install/formation_msgs/include/formation_msgs/formation_msgs/msg/detail/system_state__functions.h\n'}
[6.077538] (formation_msgs) StdoutLine: {'line': b'-- Installing: /home/tiffany/fyp_ws/install/formation_msgs/include/formation_msgs/formation_msgs/msg/detail/refinement_cmd__functions.c\n'}
[6.077659] (formation_msgs) StdoutLine: {'line': b'-- Installing: /home/tiffany/fyp_ws/install/formation_msgs/include/formation_msgs/formation_msgs/msg/detail/user_command__functions.c\n'}
[6.077781] (formation_msgs) StdoutLine: {'line': b'-- Installing: /home/tiffany/fyp_ws/install/formation_msgs/include/formation_msgs/formation_msgs/msg/detail/refinement_cmd__type_support.h\n'}
[6.077894] (formation_msgs) StdoutLine: {'line': b'-- Installing: /home/tiffany/fyp_ws/install/formation_msgs/include/formation_msgs/formation_msgs/msg/detail/user_command__functions.h\n'}
[6.078011] (formation_msgs) StdoutLine: {'line': b'-- Installing: /home/tiffany/fyp_ws/install/formation_msgs/include/formation_msgs/formation_msgs/msg/detail/drawn_shape__type_support.h\n'}
[6.078126] (formation_msgs) StdoutLine: {'line': b'-- Installing: /home/tiffany/fyp_ws/install/formation_msgs/include/formation_msgs/formation_msgs/msg/detail/formation_goal__functions.h\n'}
[6.078250] (formation_msgs) StdoutLine: {'line': b'-- Installing: /home/tiffany/fyp_ws/install/formation_msgs/include/formation_msgs/formation_msgs/msg/detail/refinement_candidate__type_support.h\n'}
[6.078368] (formation_msgs) StdoutLine: {'line': b'-- Installing: /home/tiffany/fyp_ws/install/formation_msgs/include/formation_msgs/formation_msgs/msg/detail/system_state__functions.c\n'}
[6.078487] (formation_msgs) StdoutLine: {'line': b'-- Installing: /home/tiffany/fyp_ws/install/formation_msgs/include/formation_msgs/formation_msgs/msg/detail/formation_goal__functions.c\n'}
[6.078611] (formation_msgs) StdoutLine: {'line': b'-- Installing: /home/tiffany/fyp_ws/install/formation_msgs/include/formation_msgs/formation_msgs/msg/detail/generated_transform__functions.c\n'}
[6.078740] (formation_msgs) StdoutLine: {'line': b'-- Installing: /home/tiffany/fyp_ws/install/formation_msgs/include/formation_msgs/formation_msgs/msg/detail/formation_goal__type_support.h\n'}
[6.078857] (formation_msgs) StdoutLine: {'line': b'-- Installing: /home/tiffany/fyp_ws/install/formation_msgs/include/formation_msgs/formation_msgs/msg/detail/drone_state__struct.h\n'}
[6.078971] (formation_msgs) StdoutLine: {'line': b'-- Installing: /home/tiffany/fyp_ws/install/formation_msgs/include/formation_msgs/formation_msgs/msg/detail/plan_status__functions.h\n'}
[6.079091] (formation_msgs) StdoutLine: {'line': b'-- Installing: /home/tiffany/fyp_ws/install/formation_msgs/include/formation_msgs/formation_msgs/msg/detail/generated_transform__type_support.h\n'}
[6.079205] (formation_msgs) StdoutLine: {'line': b'-- Installing: /home/tiffany/fyp_ws/install/formation_msgs/include/formation_msgs/formation_msgs/msg/detail/system_state__type_support.h\n'}
[6.079327] (formation_msgs) StdoutLine: {'line': b'-- Installing: /home/tiffany/fyp_ws/install/formation_msgs/include/formation_msgs/formation_msgs/msg/refinement_cmd.h\n'}
[6.079438] (formation_msgs) StdoutLine: {'line': b'-- Installing: /home/tiffany/fyp_ws/install/formation_msgs/include/formation_msgs/formation_msgs/msg/user_command.h\n'}
[6.079551] (formation_msgs) StdoutLine: {'line': b'-- Installing: /home/tiffany/fyp_ws/install/formation_msgs/include/formation_msgs/formation_msgs/msg/drone_state.h\n'}
[6.079661] (formation_msgs) StdoutLine: {'line': b'-- Installing: /home/tiffany/fyp_ws/install/formation_msgs/include/formation_msgs/formation_msgs/msg/refinement_candidate.h\n'}
[6.079860] (formation_msgs) StdoutLine: {'line': b'-- Installing: /home/tiffany/fyp_ws/install/formation_msgs/share/formation_msgs/environment/library_path.sh\n'}
[6.080002] (formation_msgs) StdoutLine: {'line': b'-- Installing: /home/tiffany/fyp_ws/install/formation_msgs/share/formation_msgs/environment/library_path.dsv\n'}
[6.080182] (formation_msgs) StdoutLine: {'line': b'-- Installing: /home/tiffany/fyp_ws/install/formation_msgs/lib/libformation_msgs__rosidl_generator_c.so\n'}
[6.080625] (formation_msgs) StdoutLine: {'line': b'-- Set runtime path of "/home/tiffany/fyp_ws/install/formation_msgs/lib/libformation_msgs__rosidl_generator_c.so" to ""\n'}
[6.080686] (formation_msgs) StdoutLine: {'line': b'-- Up-to-date: /home/tiffany/fyp_ws/install/formation_msgs/include/formation_msgs/formation_msgs\n'}
[6.080740] (formation_msgs) StdoutLine: {'line': b'-- Up-to-date: /home/tiffany/fyp_ws/install/formation_msgs/include/formation_msgs/formation_msgs/msg\n'}
[6.080802] (formation_msgs) StdoutLine: {'line': b'-- Installing: /home/tiffany/fyp_ws/install/formation_msgs/include/formation_msgs/formation_msgs/msg/rosidl_typesupport_fastrtps_c__visibility_control.h\n'}
[6.080868] (formation_msgs) StdoutLine: {'line': b'-- Up-to-date: /home/tiffany/fyp_ws/install/formation_msgs/include/formation_msgs/formation_msgs/msg/detail\n'}
[6.080929] (formation_msgs) StdoutLine: {'line': b'-- Installing: /home/tiffany/fyp_ws/install/formation_msgs/include/formation_msgs/formation_msgs/msg/detail/drone_path__rosidl_typesupport_fastrtps_c.h\n'}
[6.081097] (formation_msgs) StdoutLine: {'line': b'-- Installing: /home/tiffany/fyp_ws/install/formation_msgs/include/formation_msgs/formation_msgs/msg/detail/formation_goal__rosidl_typesupport_fastrtps_c.h\n'}
[6.081216] (formation_msgs) StdoutLine: {'line': b'-- Installing: /home/tiffany/fyp_ws/install/formation_msgs/include/formation_msgs/formation_msgs/msg/detail/system_state__rosidl_typesupport_fastrtps_c.h\n'}
[6.081363] (formation_msgs) StdoutLine: {'line': b'-- Installing: /home/tiffany/fyp_ws/install/formation_msgs/include/formation_msgs/formation_msgs/msg/detail/generated_transform__rosidl_typesupport_fastrtps_c.h\n'}
[6.081479] (formation_msgs) StdoutLine: {'line': b'-- Installing: /home/tiffany/fyp_ws/install/formation_msgs/include/formation_msgs/formation_msgs/msg/detail/user_command__rosidl_typesupport_fastrtps_c.h\n'}
[6.081599] (formation_msgs) StdoutLine: {'line': b'-- Installing: /home/tiffany/fyp_ws/install/formation_msgs/include/formation_msgs/formation_msgs/msg/detail/drone_state__rosidl_typesupport_fastrtps_c.h\n'}
[6.081714] (formation_msgs) StdoutLine: {'line': b'-- Installing: /home/tiffany/fyp_ws/install/formation_msgs/include/formation_msgs/formation_msgs/msg/detail/drawn_shape__rosidl_typesupport_fastrtps_c.h\n'}
[6.081833] (formation_msgs) StdoutLine: {'line': b'-- Installing: /home/tiffany/fyp_ws/install/formation_msgs/include/formation_msgs/formation_msgs/msg/detail/plan_status__rosidl_typesupport_fastrtps_c.h\n'}
[6.081948] (formation_msgs) StdoutLine: {'line': b'-- Installing: /home/tiffany/fyp_ws/install/formation_msgs/include/formation_msgs/formation_msgs/msg/detail/refinement_candidate__rosidl_typesupport_fastrtps_c.h\n'}
[6.082065] (formation_msgs) StdoutLine: {'line': b'-- Installing: /home/tiffany/fyp_ws/install/formation_msgs/include/formation_msgs/formation_msgs/msg/detail/refinement_cmd__rosidl_typesupport_fastrtps_c.h\n'}
[6.082218] (formation_msgs) StdoutLine: {'line': b'-- Installing: /home/tiffany/fyp_ws/install/formation_msgs/lib/libformation_msgs__rosidl_typesupport_fastrtps_c.so\n'}
[6.082651] (formation_msgs) StdoutLine: {'line': b'-- Set runtime path of "/home/tiffany/fyp_ws/install/formation_msgs/lib/libformation_msgs__rosidl_typesupport_fastrtps_c.so" to ""\n'}
[6.082712] (formation_msgs) StdoutLine: {'line': b'-- Up-to-date: /home/tiffany/fyp_ws/install/formation_msgs/include/formation_msgs/formation_msgs\n'}
[6.082779] (formation_msgs) StdoutLine: {'line': b'-- Up-to-date: /home/tiffany/fyp_ws/install/formation_msgs/include/formation_msgs/formation_msgs/msg\n'}
[6.082822] (formation_msgs) StdoutLine: {'line': b'-- Installing: /home/tiffany/fyp_ws/install/formation_msgs/include/formation_msgs/formation_msgs/msg/rosidl_typesupport_introspection_c__visibility_control.h\n'}
[6.082888] (formation_msgs) StdoutLine: {'line': b'-- Up-to-date: /home/tiffany/fyp_ws/install/formation_msgs/include/formation_msgs/formation_msgs/msg/detail\n'}
[6.082944] (formation_msgs) StdoutLine: {'line': b'-- Installing: /home/tiffany/fyp_ws/install/formation_msgs/include/formation_msgs/formation_msgs/msg/detail/drone_state__type_support.c\n'}
[6.083072] (formation_msgs) StdoutLine: {'line': b'-- Installing: /home/tiffany/fyp_ws/install/formation_msgs/include/formation_msgs/formation_msgs/msg/detail/generated_transform__rosidl_typesupport_introspection_c.h\n'}
[6.083190] (formation_msgs) StdoutLine: {'line': b'-- Installing: /home/tiffany/fyp_ws/install/formation_msgs/include/formation_msgs/formation_msgs/msg/detail/formation_goal__rosidl_typesupport_introspection_c.h\n'}
[6.083317] (formation_msgs) StdoutLine: {'line': b'-- Installing: /home/tiffany/fyp_ws/install/formation_msgs/include/formation_msgs/formation_msgs/msg/detail/plan_status__rosidl_typesupport_introspection_c.h\n'}
[6.083437] (formation_msgs) StdoutLine: {'line': b'-- Installing: /home/tiffany/fyp_ws/install/formation_msgs/include/formation_msgs/formation_msgs/msg/detail/user_command__rosidl_typesupport_introspection_c.h\n'}
[6.083554] (formation_msgs) StdoutLine: {'line': b'-- Installing: /home/tiffany/fyp_ws/install/formation_msgs/include/formation_msgs/formation_msgs/msg/detail/refinement_cmd__type_support.c\n'}
[6.083682] (formation_msgs) StdoutLine: {'line': b'-- Installing: /home/tiffany/fyp_ws/install/formation_msgs/include/formation_msgs/formation_msgs/msg/detail/drawn_shape__type_support.c\n'}
[6.083811] (formation_msgs) StdoutLine: {'line': b'-- Installing: /home/tiffany/fyp_ws/install/formation_msgs/include/formation_msgs/formation_msgs/msg/detail/drone_path__rosidl_typesupport_introspection_c.h\n'}
[6.083934] (formation_msgs) StdoutLine: {'line': b'-- Installing: /home/tiffany/fyp_ws/install/formation_msgs/include/formation_msgs/formation_msgs/msg/detail/drone_path__type_support.c\n'}
[6.084060] (formation_msgs) StdoutLine: {'line': b'-- Installing: /home/tiffany/fyp_ws/install/formation_msgs/include/formation_msgs/formation_msgs/msg/detail/drone_state__rosidl_typesupport_introspection_c.h\n'}
[6.084179] (formation_msgs) StdoutLine: {'line': b'-- Installing: /home/tiffany/fyp_ws/install/formation_msgs/include/formation_msgs/formation_msgs/msg/detail/user_command__type_support.c\n'}
[6.084313] (formation_msgs) StdoutLine: {'line': b'-- Installing: /home/tiffany/fyp_ws/install/formation_msgs/include/formation_msgs/formation_msgs/msg/detail/plan_status__type_support.c\n'}
[6.084437] (formation_msgs) StdoutLine: {'line': b'-- Installing: /home/tiffany/fyp_ws/install/formation_msgs/include/formation_msgs/formation_msgs/msg/detail/system_state__rosidl_typesupport_introspection_c.h\n'}
[6.084555] (formation_msgs) StdoutLine: {'line': b'-- Installing: /home/tiffany/fyp_ws/install/formation_msgs/include/formation_msgs/formation_msgs/msg/detail/formation_goal__type_support.c\n'}
[6.084703] (formation_msgs) StdoutLine: {'line': b'-- Installing: /home/tiffany/fyp_ws/install/formation_msgs/include/formation_msgs/formation_msgs/msg/detail/refinement_candidate__type_support.c\n'}
[6.084837] (formation_msgs) StdoutLine: {'line': b'-- Installing: /home/tiffany/fyp_ws/install/formation_msgs/include/formation_msgs/formation_msgs/msg/detail/generated_transform__type_support.c\n'}
[6.084966] (formation_msgs) StdoutLine: {'line': b'-- Installing: /home/tiffany/fyp_ws/install/formation_msgs/include/formation_msgs/formation_msgs/msg/detail/refinement_cmd__rosidl_typesupport_introspection_c.h\n'}
[6.085087] (formation_msgs) StdoutLine: {'line': b'-- Installing: /home/tiffany/fyp_ws/install/formation_msgs/include/formation_msgs/formation_msgs/msg/detail/system_state__type_support.c\n'}
[6.085210] (formation_msgs) StdoutLine: {'line': b'-- Installing: /home/tiffany/fyp_ws/install/formation_msgs/include/formation_msgs/formation_msgs/msg/detail/drawn_shape__rosidl_typesupport_introspection_c.h\n'}
[6.085338] (formation_msgs) StdoutLine: {'line': b'-- Installing: /home/tiffany/fyp_ws/install/formation_msgs/include/formation_msgs/formation_msgs/msg/detail/refinement_candidate__rosidl_typesupport_introspection_c.h\n'}
[6.085491] (formation_msgs) StdoutLine: {'line': b'-- Installing: /home/tiffany/fyp_ws/install/formation_msgs/lib/libformation_msgs__rosidl_typesupport_introspection_c.so\n'}
[6.085889] (formation_msgs) StdoutLine: {'line': b'-- Set runtime path of "/home/tiffany/fyp_ws/install/formation_msgs/lib/libformation_msgs__rosidl_typesupport_introspection_c.so" to ""\n'}
[6.085948] (formation_msgs) StdoutLine: {'line': b'-- Installing: /home/tiffany/fyp_ws/install/formation_msgs/lib/libformation_msgs__rosidl_typesupport_c.so\n'}
[6.086286] (formation_msgs) StdoutLine: {'line': b'-- Set runtime path of "/home/tiffany/fyp_ws/install/formation_msgs/lib/libformation_msgs__rosidl_typesupport_c.so" to ""\n'}
[6.086358] (formation_msgs) StdoutLine: {'line': b'-- Up-to-date: /home/tiffany/fyp_ws/install/formation_msgs/include/formation_msgs/formation_msgs\n'}
[6.086433] (formation_msgs) StdoutLine: {'line': b'-- Up-to-date: /home/tiffany/fyp_ws/install/formation_msgs/include/formation_msgs/formation_msgs/msg\n'}
[6.086477] (formation_msgs) StdoutLine: {'line': b'-- Installing: /home/tiffany/fyp_ws/install/formation_msgs/include/formation_msgs/formation_msgs/msg/user_command.hpp\n'}
[6.086547] (formation_msgs) StdoutLine: {'line': b'-- Installing: /home/tiffany/fyp_ws/install/formation_msgs/include/formation_msgs/formation_msgs/msg/plan_status.hpp\n'}
[6.086655] (formation_msgs) StdoutLine: {'line': b'-- Installing: /home/tiffany/fyp_ws/install/formation_msgs/include/formation_msgs/formation_msgs/msg/drone_path.hpp\n'}
[6.086767] (formation_msgs) StdoutLine: {'line': b'-- Installing: /home/tiffany/fyp_ws/install/formation_msgs/include/formation_msgs/formation_msgs/msg/rosidl_generator_cpp__visibility_control.hpp\n'}
[6.086882] (formation_msgs) StdoutLine: {'line': b'-- Installing: /home/tiffany/fyp_ws/install/formation_msgs/include/formation_msgs/formation_msgs/msg/formation_goal.hpp\n'}
[6.086996] (formation_msgs) StdoutLine: {'line': b'-- Installing: /home/tiffany/fyp_ws/install/formation_msgs/include/formation_msgs/formation_msgs/msg/drone_state.hpp\n'}
[6.087111] (formation_msgs) StdoutLine: {'line': b'-- Installing: /home/tiffany/fyp_ws/install/formation_msgs/include/formation_msgs/formation_msgs/msg/generated_transform.hpp\n'}
[6.087224] (formation_msgs) StdoutLine: {'line': b'-- Installing: /home/tiffany/fyp_ws/install/formation_msgs/include/formation_msgs/formation_msgs/msg/refinement_candidate.hpp\n'}
[6.087340] (formation_msgs) StdoutLine: {'line': b'-- Up-to-date: /home/tiffany/fyp_ws/install/formation_msgs/include/formation_msgs/formation_msgs/msg/detail\n'}
[6.087397] (formation_msgs) StdoutLine: {'line': b'-- Installing: /home/tiffany/fyp_ws/install/formation_msgs/include/formation_msgs/formation_msgs/msg/detail/generated_transform__traits.hpp\n'}
[6.087529] (formation_msgs) StdoutLine: {'line': b'-- Installing: /home/tiffany/fyp_ws/install/formation_msgs/include/formation_msgs/formation_msgs/msg/detail/drone_path__struct.hpp\n'}
[6.087654] (formation_msgs) StdoutLine: {'line': b'-- Installing: /home/tiffany/fyp_ws/install/formation_msgs/include/formation_msgs/formation_msgs/msg/detail/generated_transform__builder.hpp\n'}
[6.087778] (formation_msgs) StdoutLine: {'line': b'-- Installing: /home/tiffany/fyp_ws/install/formation_msgs/include/formation_msgs/formation_msgs/msg/detail/drawn_shape__struct.hpp\n'}
[6.087906] (formation_msgs) StdoutLine: {'line': b'-- Installing: /home/tiffany/fyp_ws/install/formation_msgs/include/formation_msgs/formation_msgs/msg/detail/refinement_candidate__struct.hpp\n'}
[6.088033] (formation_msgs) StdoutLine: {'line': b'-- Installing: /home/tiffany/fyp_ws/install/formation_msgs/include/formation_msgs/formation_msgs/msg/detail/refinement_cmd__traits.hpp\n'}
[6.088156] (formation_msgs) StdoutLine: {'line': b'-- Installing: /home/tiffany/fyp_ws/install/formation_msgs/include/formation_msgs/formation_msgs/msg/detail/user_command__builder.hpp\n'}
[6.088288] (formation_msgs) StdoutLine: {'line': b'-- Installing: /home/tiffany/fyp_ws/install/formation_msgs/include/formation_msgs/formation_msgs/msg/detail/refinement_cmd__struct.hpp\n'}
[6.088413] (formation_msgs) StdoutLine: {'line': b'-- Installing: /home/tiffany/fyp_ws/install/formation_msgs/include/formation_msgs/formation_msgs/msg/detail/refinement_candidate__traits.hpp\n'}
[6.088542] (formation_msgs) StdoutLine: {'line': b'-- Installing: /home/tiffany/fyp_ws/install/formation_msgs/include/formation_msgs/formation_msgs/msg/detail/plan_status__builder.hpp\n'}
[6.088669] (formation_msgs) StdoutLine: {'line': b'-- Installing: /home/tiffany/fyp_ws/install/formation_msgs/include/formation_msgs/formation_msgs/msg/detail/drone_path__traits.hpp\n'}
[6.088801] (formation_msgs) StdoutLine: {'line': b'-- Installing: /home/tiffany/fyp_ws/install/formation_msgs/include/formation_msgs/formation_msgs/msg/detail/drone_state__type_support.hpp\n'}
[6.088922] (formation_msgs) StdoutLine: {'line': b'-- Installing: /home/tiffany/fyp_ws/install/formation_msgs/include/formation_msgs/formation_msgs/msg/detail/formation_goal__traits.hpp\n'}
[6.089049] (formation_msgs) StdoutLine: {'line': b'-- Installing: /home/tiffany/fyp_ws/install/formation_msgs/include/formation_msgs/formation_msgs/msg/detail/user_command__struct.hpp\n'}
[6.089180] (formation_msgs) StdoutLine: {'line': b'-- Installing: /home/tiffany/fyp_ws/install/formation_msgs/include/formation_msgs/formation_msgs/msg/detail/formation_goal__builder.hpp\n'}
[6.089309] (formation_msgs) StdoutLine: {'line': b'-- Installing: /home/tiffany/fyp_ws/install/formation_msgs/include/formation_msgs/formation_msgs/msg/detail/generated_transform__struct.hpp\n'}
[6.089435] (formation_msgs) StdoutLine: {'line': b'-- Installing: /home/tiffany/fyp_ws/install/formation_msgs/include/formation_msgs/formation_msgs/msg/detail/refinement_candidate__type_support.hpp\n'}
[6.089560] (formation_msgs) StdoutLine: {'line': b'-- Installing: /home/tiffany/fyp_ws/install/formation_msgs/include/formation_msgs/formation_msgs/msg/detail/drone_state__builder.hpp\n'}
[6.089687] (formation_msgs) StdoutLine: {'line': b'-- Installing: /home/tiffany/fyp_ws/install/formation_msgs/include/formation_msgs/formation_msgs/msg/detail/user_command__type_support.hpp\n'}
[6.089822] (formation_msgs) StdoutLine: {'line': b'-- Installing: /home/tiffany/fyp_ws/install/formation_msgs/include/formation_msgs/formation_msgs/msg/detail/system_state__struct.hpp\n'}
[6.089949] (formation_msgs) StdoutLine: {'line': b'-- Installing: /home/tiffany/fyp_ws/install/formation_msgs/include/formation_msgs/formation_msgs/msg/detail/formation_goal__type_support.hpp\n'}
[6.090071] (formation_msgs) StdoutLine: {'line': b'-- Installing: /home/tiffany/fyp_ws/install/formation_msgs/include/formation_msgs/formation_msgs/msg/detail/system_state__traits.hpp\n'}
[6.090194] (formation_msgs) StdoutLine: {'line': b'-- Installing: /home/tiffany/fyp_ws/install/formation_msgs/include/formation_msgs/formation_msgs/msg/detail/formation_goal__struct.hpp\n'}
[6.090329] (formation_msgs) StdoutLine: {'line': b'-- Installing: /home/tiffany/fyp_ws/install/formation_msgs/include/formation_msgs/formation_msgs/msg/detail/plan_status__type_support.hpp\n'}
[6.090457] (formation_msgs) StdoutLine: {'line': b'-- Installing: /home/tiffany/fyp_ws/install/formation_msgs/include/formation_msgs/formation_msgs/msg/detail/drawn_shape__type_support.hpp\n'}
[6.090580] (formation_msgs) StdoutLine: {'line': b'-- Installing: /home/tiffany/fyp_ws/install/formation_msgs/include/formation_msgs/formation_msgs/msg/detail/user_command__traits.hpp\n'}
[6.090707] (formation_msgs) StdoutLine: {'line': b'-- Installing: /home/tiffany/fyp_ws/install/formation_msgs/include/formation_msgs/formation_msgs/msg/detail/refinement_cmd__builder.hpp\n'}
[6.090832] (formation_msgs) StdoutLine: {'line': b'-- Installing: /home/tiffany/fyp_ws/install/formation_msgs/include/formation_msgs/formation_msgs/msg/detail/drone_path__type_support.hpp\n'}
[6.090956] (formation_msgs) StdoutLine: {'line': b'-- Installing: /home/tiffany/fyp_ws/install/formation_msgs/include/formation_msgs/formation_msgs/msg/detail/drone_state__struct.hpp\n'}
[6.091083] (formation_msgs) StdoutLine: {'line': b'-- Installing: /home/tiffany/fyp_ws/install/formation_msgs/include/formation_msgs/formation_msgs/msg/detail/refinement_cmd__type_support.hpp\n'}
[6.091255] (formation_msgs) StdoutLine: {'line': b'-- Installing: /home/tiffany/fyp_ws/install/formation_msgs/include/formation_msgs/formation_msgs/msg/detail/refinement_candidate__builder.hpp\n'}
[6.091403] (formation_msgs) StdoutLine: {'line': b'-- Installing: /home/tiffany/fyp_ws/install/formation_msgs/include/formation_msgs/formation_msgs/msg/detail/system_state__builder.hpp\n'}
[6.091524] (formation_msgs) StdoutLine: {'line': b'-- Installing: /home/tiffany/fyp_ws/install/formation_msgs/include/formation_msgs/formation_msgs/msg/detail/plan_status__traits.hpp\n'}
[6.091645] (formation_msgs) StdoutLine: {'line': b'-- Installing: /home/tiffany/fyp_ws/install/formation_msgs/include/formation_msgs/formation_msgs/msg/detail/drawn_shape__builder.hpp\n'}
[6.091764] (formation_msgs) StdoutLine: {'line': b'-- Installing: /home/tiffany/fyp_ws/install/formation_msgs/include/formation_msgs/formation_msgs/msg/detail/drone_path__builder.hpp\n'}
[6.091883] (formation_msgs) StdoutLine: {'line': b'-- Installing: /home/tiffany/fyp_ws/install/formation_msgs/include/formation_msgs/formation_msgs/msg/detail/plan_status__struct.hpp\n'}
[6.092008] (formation_msgs) StdoutLine: {'line': b'-- Installing: /home/tiffany/fyp_ws/install/formation_msgs/include/formation_msgs/formation_msgs/msg/detail/generated_transform__type_support.hpp\n'}
[6.092128] (formation_msgs) StdoutLine: {'line': b'-- Installing: /home/tiffany/fyp_ws/install/formation_msgs/include/formation_msgs/formation_msgs/msg/detail/system_state__type_support.hpp\n'}
[6.092284] (formation_msgs) StdoutLine: {'line': b'-- Installing: /home/tiffany/fyp_ws/install/formation_msgs/include/formation_msgs/formation_msgs/msg/detail/drone_state__traits.hpp\n'}
[6.092412] (formation_msgs) StdoutLine: {'line': b'-- Installing: /home/tiffany/fyp_ws/install/formation_msgs/include/formation_msgs/formation_msgs/msg/detail/drawn_shape__traits.hpp\n'}
[6.092540] (formation_msgs) StdoutLine: {'line': b'-- Installing: /home/tiffany/fyp_ws/install/formation_msgs/include/formation_msgs/formation_msgs/msg/system_state.hpp\n'}
[6.092658] (formation_msgs) StdoutLine: {'line': b'-- Installing: /home/tiffany/fyp_ws/install/formation_msgs/include/formation_msgs/formation_msgs/msg/drawn_shape.hpp\n'}
[6.092773] (formation_msgs) StdoutLine: {'line': b'-- Installing: /home/tiffany/fyp_ws/install/formation_msgs/include/formation_msgs/formation_msgs/msg/refinement_cmd.hpp\n'}
[6.092920] (formation_msgs) StdoutLine: {'line': b'-- Up-to-date: /home/tiffany/fyp_ws/install/formation_msgs/include/formation_msgs/formation_msgs\n'}
[6.092993] (formation_msgs) StdoutLine: {'line': b'-- Up-to-date: /home/tiffany/fyp_ws/install/formation_msgs/include/formation_msgs/formation_msgs/msg\n'}
[6.093036] (formation_msgs) StdoutLine: {'line': b'-- Up-to-date: /home/tiffany/fyp_ws/install/formation_msgs/include/formation_msgs/formation_msgs/msg/detail\n'}
[6.093093] (formation_msgs) StdoutLine: {'line': b'-- Installing: /home/tiffany/fyp_ws/install/formation_msgs/include/formation_msgs/formation_msgs/msg/detail/dds_fastrtps\n'}
[6.093156] (formation_msgs) StdoutLine: {'line': b'-- Installing: /home/tiffany/fyp_ws/install/formation_msgs/include/formation_msgs/formation_msgs/msg/detail/refinement_cmd__rosidl_typesupport_fastrtps_cpp.hpp\n'}
[6.093284] (formation_msgs) StdoutLine: {'line': b'-- Installing: /home/tiffany/fyp_ws/install/formation_msgs/include/formation_msgs/formation_msgs/msg/detail/user_command__rosidl_typesupport_fastrtps_cpp.hpp\n'}
[6.093408] (formation_msgs) StdoutLine: {'line': b'-- Installing: /home/tiffany/fyp_ws/install/formation_msgs/include/formation_msgs/formation_msgs/msg/detail/formation_goal__rosidl_typesupport_fastrtps_cpp.hpp\n'}
[6.093530] (formation_msgs) StdoutLine: {'line': b'-- Installing: /home/tiffany/fyp_ws/install/formation_msgs/include/formation_msgs/formation_msgs/msg/detail/generated_transform__rosidl_typesupport_fastrtps_cpp.hpp\n'}
[6.093654] (formation_msgs) StdoutLine: {'line': b'-- Installing: /home/tiffany/fyp_ws/install/formation_msgs/include/formation_msgs/formation_msgs/msg/detail/system_state__rosidl_typesupport_fastrtps_cpp.hpp\n'}
[6.093774] (formation_msgs) StdoutLine: {'line': b'-- Installing: /home/tiffany/fyp_ws/install/formation_msgs/include/formation_msgs/formation_msgs/msg/detail/refinement_candidate__rosidl_typesupport_fastrtps_cpp.hpp\n'}
[6.093893] (formation_msgs) StdoutLine: {'line': b'-- Installing: /home/tiffany/fyp_ws/install/formation_msgs/include/formation_msgs/formation_msgs/msg/detail/drone_path__rosidl_typesupport_fastrtps_cpp.hpp\n'}
[6.094012] (formation_msgs) StdoutLine: {'line': b'-- Installing: /home/tiffany/fyp_ws/install/formation_msgs/include/formation_msgs/formation_msgs/msg/detail/plan_status__rosidl_typesupport_fastrtps_cpp.hpp\n'}
[6.094143] (formation_msgs) StdoutLine: {'line': b'-- Installing: /home/tiffany/fyp_ws/install/formation_msgs/include/formation_msgs/formation_msgs/msg/detail/drawn_shape__rosidl_typesupport_fastrtps_cpp.hpp\n'}
[6.094344] (formation_msgs) StdoutLine: {'line': b'-- Installing: /home/tiffany/fyp_ws/install/formation_msgs/include/formation_msgs/formation_msgs/msg/detail/drone_state__rosidl_typesupport_fastrtps_cpp.hpp\n'}
[6.094467] (formation_msgs) StdoutLine: {'line': b'-- Installing: /home/tiffany/fyp_ws/install/formation_msgs/include/formation_msgs/formation_msgs/msg/rosidl_typesupport_fastrtps_cpp__visibility_control.h\n'}
[6.094624] (formation_msgs) StdoutLine: {'line': b'-- Installing: /home/tiffany/fyp_ws/install/formation_msgs/lib/libformation_msgs__rosidl_typesupport_fastrtps_cpp.so\n'}
[6.095156] (formation_msgs) StdoutLine: {'line': b'-- Set runtime path of "/home/tiffany/fyp_ws/install/formation_msgs/lib/libformation_msgs__rosidl_typesupport_fastrtps_cpp.so" to ""\n'}
[6.095207] (formation_msgs) StdoutLine: {'line': b'-- Up-to-date: /home/tiffany/fyp_ws/install/formation_msgs/include/formation_msgs/formation_msgs\n'}
[6.095286] (formation_msgs) StdoutLine: {'line': b'-- Up-to-date: /home/tiffany/fyp_ws/install/formation_msgs/include/formation_msgs/formation_msgs/msg\n'}
[6.095337] (formation_msgs) StdoutLine: {'line': b'-- Up-to-date: /home/tiffany/fyp_ws/install/formation_msgs/include/formation_msgs/formation_msgs/msg/detail\n'}
[6.095399] (formation_msgs) StdoutLine: {'line': b'-- Installing: /home/tiffany/fyp_ws/install/formation_msgs/include/formation_msgs/formation_msgs/msg/detail/plan_status__type_support.cpp\n'}
[6.095461] (formation_msgs) StdoutLine: {'line': b'-- Installing: /home/tiffany/fyp_ws/install/formation_msgs/include/formation_msgs/formation_msgs/msg/detail/drone_state__rosidl_typesupport_introspection_cpp.hpp\n'}
[6.095586] (formation_msgs) StdoutLine: {'line': b'-- Installing: /home/tiffany/fyp_ws/install/formation_msgs/include/formation_msgs/formation_msgs/msg/detail/user_command__type_support.cpp\n'}
[6.095709] (formation_msgs) StdoutLine: {'line': b'-- Installing: /home/tiffany/fyp_ws/install/formation_msgs/include/formation_msgs/formation_msgs/msg/detail/generated_transform__rosidl_typesupport_introspection_cpp.hpp\n'}
[6.095841] (formation_msgs) StdoutLine: {'line': b'-- Installing: /home/tiffany/fyp_ws/install/formation_msgs/include/formation_msgs/formation_msgs/msg/detail/refinement_cmd__rosidl_typesupport_introspection_cpp.hpp\n'}
[6.095967] (formation_msgs) StdoutLine: {'line': b'-- Installing: /home/tiffany/fyp_ws/install/formation_msgs/include/formation_msgs/formation_msgs/msg/detail/drawn_shape__rosidl_typesupport_introspection_cpp.hpp\n'}
[6.096091] (formation_msgs) StdoutLine: {'line': b'-- Installing: /home/tiffany/fyp_ws/install/formation_msgs/include/formation_msgs/formation_msgs/msg/detail/refinement_cmd__type_support.cpp\n'}
[6.096217] (formation_msgs) StdoutLine: {'line': b'-- Installing: /home/tiffany/fyp_ws/install/formation_msgs/include/formation_msgs/formation_msgs/msg/detail/drawn_shape__type_support.cpp\n'}
[6.096355] (formation_msgs) StdoutLine: {'line': b'-- Installing: /home/tiffany/fyp_ws/install/formation_msgs/include/formation_msgs/formation_msgs/msg/detail/plan_status__rosidl_typesupport_introspection_cpp.hpp\n'}
[6.096481] (formation_msgs) StdoutLine: {'line': b'-- Installing: /home/tiffany/fyp_ws/install/formation_msgs/include/formation_msgs/formation_msgs/msg/detail/user_command__rosidl_typesupport_introspection_cpp.hpp\n'}
[6.096603] (formation_msgs) StdoutLine: {'line': b'-- Installing: /home/tiffany/fyp_ws/install/formation_msgs/include/formation_msgs/formation_msgs/msg/detail/formation_goal__type_support.cpp\n'}
[6.096735] (formation_msgs) StdoutLine: {'line': b'-- Installing: /home/tiffany/fyp_ws/install/formation_msgs/include/formation_msgs/formation_msgs/msg/detail/system_state__type_support.cpp\n'}
[6.096857] (formation_msgs) StdoutLine: {'line': b'-- Installing: /home/tiffany/fyp_ws/install/formation_msgs/include/formation_msgs/formation_msgs/msg/detail/drone_state__type_support.cpp\n'}
[6.096982] (formation_msgs) StdoutLine: {'line': b'-- Installing: /home/tiffany/fyp_ws/install/formation_msgs/include/formation_msgs/formation_msgs/msg/detail/drone_path__type_support.cpp\n'}
[6.097119] (formation_msgs) StdoutLine: {'line': b'-- Installing: /home/tiffany/fyp_ws/install/formation_msgs/include/formation_msgs/formation_msgs/msg/detail/refinement_candidate__type_support.cpp\n'}
[6.097263] (formation_msgs) StdoutLine: {'line': b'-- Installing: /home/tiffany/fyp_ws/install/formation_msgs/include/formation_msgs/formation_msgs/msg/detail/formation_goal__rosidl_typesupport_introspection_cpp.hpp\n'}
[6.097392] (formation_msgs) StdoutLine: {'line': b'-- Installing: /home/tiffany/fyp_ws/install/formation_msgs/include/formation_msgs/formation_msgs/msg/detail/generated_transform__type_support.cpp\n'}
[6.097519] (formation_msgs) StdoutLine: {'line': b'-- Installing: /home/tiffany/fyp_ws/install/formation_msgs/include/formation_msgs/formation_msgs/msg/detail/refinement_candidate__rosidl_typesupport_introspection_cpp.hpp\n'}
[6.097647] (formation_msgs) StdoutLine: {'line': b'-- Installing: /home/tiffany/fyp_ws/install/formation_msgs/include/formation_msgs/formation_msgs/msg/detail/system_state__rosidl_typesupport_introspection_cpp.hpp\n'}
[6.097781] (formation_msgs) StdoutLine: {'line': b'-- Installing: /home/tiffany/fyp_ws/install/formation_msgs/include/formation_msgs/formation_msgs/msg/detail/drone_path__rosidl_typesupport_introspection_cpp.hpp\n'}
[6.097939] (formation_msgs) StdoutLine: {'line': b'-- Installing: /home/tiffany/fyp_ws/install/formation_msgs/lib/libformation_msgs__rosidl_typesupport_introspection_cpp.so\n'}
[6.098478] (formation_msgs) StdoutLine: {'line': b'-- Set runtime path of "/home/tiffany/fyp_ws/install/formation_msgs/lib/libformation_msgs__rosidl_typesupport_introspection_cpp.so" to ""\n'}
[6.098548] (formation_msgs) StdoutLine: {'line': b'-- Installing: /home/tiffany/fyp_ws/install/formation_msgs/lib/libformation_msgs__rosidl_typesupport_cpp.so\n'}
[6.098873] (formation_msgs) StdoutLine: {'line': b'-- Set runtime path of "/home/tiffany/fyp_ws/install/formation_msgs/lib/libformation_msgs__rosidl_typesupport_cpp.so" to ""\n'}
[6.098936] (formation_msgs) StdoutLine: {'line': b'-- Installing: /home/tiffany/fyp_ws/install/formation_msgs/share/formation_msgs/environment/pythonpath.sh\n'}
[6.099070] (formation_msgs) StdoutLine: {'line': b'-- Installing: /home/tiffany/fyp_ws/install/formation_msgs/share/formation_msgs/environment/pythonpath.dsv\n'}
[6.099201] (formation_msgs) StdoutLine: {'line': b'-- Installing: /home/tiffany/fyp_ws/install/formation_msgs/local/lib/python3.10/dist-packages/formation_msgs-0.0.0-py3.10.egg-info\n'}
[6.099365] (formation_msgs) StdoutLine: {'line': b'-- Installing: /home/tiffany/fyp_ws/install/formation_msgs/local/lib/python3.10/dist-packages/formation_msgs-0.0.0-py3.10.egg-info/SOURCES.txt\n'}
[6.099481] (formation_msgs) StdoutLine: {'line': b'-- Installing: /home/tiffany/fyp_ws/install/formation_msgs/local/lib/python3.10/dist-packages/formation_msgs-0.0.0-py3.10.egg-info/top_level.txt\n'}
[6.099590] (formation_msgs) StdoutLine: {'line': b'-- Installing: /home/tiffany/fyp_ws/install/formation_msgs/local/lib/python3.10/dist-packages/formation_msgs-0.0.0-py3.10.egg-info/dependency_links.txt\n'}
[6.099701] (formation_msgs) StdoutLine: {'line': b'-- Installing: /home/tiffany/fyp_ws/install/formation_msgs/local/lib/python3.10/dist-packages/formation_msgs-0.0.0-py3.10.egg-info/PKG-INFO\n'}
[6.099846] (formation_msgs) StdoutLine: {'line': b'-- Installing: /home/tiffany/fyp_ws/install/formation_msgs/local/lib/python3.10/dist-packages/formation_msgs\n'}
[6.099929] (formation_msgs) StdoutLine: {'line': b'-- Installing: /home/tiffany/fyp_ws/install/formation_msgs/local/lib/python3.10/dist-packages/formation_msgs/__init__.py\n'}
[6.100035] (formation_msgs) StdoutLine: {'line': b'-- Installing: /home/tiffany/fyp_ws/install/formation_msgs/local/lib/python3.10/dist-packages/formation_msgs/formation_msgs_s__rosidl_typesupport_introspection_c.cpython-310-x86_64-linux-gnu.so\n'}
[6.100186] (formation_msgs) StdoutLine: {'line': b'-- Installing: /home/tiffany/fyp_ws/install/formation_msgs/local/lib/python3.10/dist-packages/formation_msgs/libformation_msgs__rosidl_generator_py.so\n'}
[6.100388] (formation_msgs) StdoutLine: {'line': b'-- Installing: /home/tiffany/fyp_ws/install/formation_msgs/local/lib/python3.10/dist-packages/formation_msgs/formation_msgs_s__rosidl_typesupport_fastrtps_c.cpython-310-x86_64-linux-gnu.so\n'}
[6.100543] (formation_msgs) StdoutLine: {'line': b'-- Installing: /home/tiffany/fyp_ws/install/formation_msgs/local/lib/python3.10/dist-packages/formation_msgs/_formation_msgs_s.ep.rosidl_typesupport_introspection_c.c\n'}
[6.100708] (formation_msgs) StdoutLine: {'line': b'-- Installing: /home/tiffany/fyp_ws/install/formation_msgs/local/lib/python3.10/dist-packages/formation_msgs/_formation_msgs_s.ep.rosidl_typesupport_fastrtps_c.c\n'}
[6.100861] (formation_msgs) StdoutLine: {'line': b'-- Installing: /home/tiffany/fyp_ws/install/formation_msgs/local/lib/python3.10/dist-packages/formation_msgs/msg\n'}
[6.100950] (formation_msgs) StdoutLine: {'line': b'-- Installing: /home/tiffany/fyp_ws/install/formation_msgs/local/lib/python3.10/dist-packages/formation_msgs/msg/__init__.py\n'}
[6.101067] (formation_msgs) StdoutLine: {'line': b'-- Installing: /home/tiffany/fyp_ws/install/formation_msgs/local/lib/python3.10/dist-packages/formation_msgs/msg/_drone_path.py\n'}
[6.101188] (formation_msgs) StdoutLine: {'line': b'-- Installing: /home/tiffany/fyp_ws/install/formation_msgs/local/lib/python3.10/dist-packages/formation_msgs/msg/_refinement_candidate.py\n'}
[6.101353] (formation_msgs) StdoutLine: {'line': b'-- Installing: /home/tiffany/fyp_ws/install/formation_msgs/local/lib/python3.10/dist-packages/formation_msgs/msg/_formation_goal.py\n'}
[6.101476] (formation_msgs) StdoutLine: {'line': b'-- Installing: /home/tiffany/fyp_ws/install/formation_msgs/local/lib/python3.10/dist-packages/formation_msgs/msg/_plan_status.py\n'}
[6.101592] (formation_msgs) StdoutLine: {'line': b'-- Installing: /home/tiffany/fyp_ws/install/formation_msgs/local/lib/python3.10/dist-packages/formation_msgs/msg/_generated_transform_s.c\n'}
[6.101706] (formation_msgs) StdoutLine: {'line': b'-- Installing: /home/tiffany/fyp_ws/install/formation_msgs/local/lib/python3.10/dist-packages/formation_msgs/msg/_drone_state_s.c\n'}
[6.101822] (formation_msgs) StdoutLine: {'line': b'-- Installing: /home/tiffany/fyp_ws/install/formation_msgs/local/lib/python3.10/dist-packages/formation_msgs/msg/_refinement_candidate_s.c\n'}
[6.101945] (formation_msgs) StdoutLine: {'line': b'-- Installing: /home/tiffany/fyp_ws/install/formation_msgs/local/lib/python3.10/dist-packages/formation_msgs/msg/_drawn_shape.py\n'}
[6.102062] (formation_msgs) StdoutLine: {'line': b'-- Installing: /home/tiffany/fyp_ws/install/formation_msgs/local/lib/python3.10/dist-packages/formation_msgs/msg/_formation_goal_s.c\n'}
[6.102186] (formation_msgs) StdoutLine: {'line': b'-- Installing: /home/tiffany/fyp_ws/install/formation_msgs/local/lib/python3.10/dist-packages/formation_msgs/msg/_user_command_s.c\n'}
[6.102307] (formation_msgs) StdoutLine: {'line': b'-- Installing: /home/tiffany/fyp_ws/install/formation_msgs/local/lib/python3.10/dist-packages/formation_msgs/msg/_drone_state.py\n'}
[6.102430] (formation_msgs) StdoutLine: {'line': b'-- Installing: /home/tiffany/fyp_ws/install/formation_msgs/local/lib/python3.10/dist-packages/formation_msgs/msg/_drawn_shape_s.c\n'}
[6.102551] (formation_msgs) StdoutLine: {'line': b'-- Installing: /home/tiffany/fyp_ws/install/formation_msgs/local/lib/python3.10/dist-packages/formation_msgs/msg/_user_command.py\n'}
[6.102675] (formation_msgs) StdoutLine: {'line': b'-- Installing: /home/tiffany/fyp_ws/install/formation_msgs/local/lib/python3.10/dist-packages/formation_msgs/msg/_refinement_cmd.py\n'}
[6.102801] (formation_msgs) StdoutLine: {'line': b'-- Installing: /home/tiffany/fyp_ws/install/formation_msgs/local/lib/python3.10/dist-packages/formation_msgs/msg/_plan_status_s.c\n'}
[6.102918] (formation_msgs) StdoutLine: {'line': b'-- Installing: /home/tiffany/fyp_ws/install/formation_msgs/local/lib/python3.10/dist-packages/formation_msgs/msg/_refinement_cmd_s.c\n'}
[6.103035] (formation_msgs) StdoutLine: {'line': b'-- Installing: /home/tiffany/fyp_ws/install/formation_msgs/local/lib/python3.10/dist-packages/formation_msgs/msg/_system_state.py\n'}
[6.103155] (formation_msgs) StdoutLine: {'line': b'-- Installing: /home/tiffany/fyp_ws/install/formation_msgs/local/lib/python3.10/dist-packages/formation_msgs/msg/_generated_transform.py\n'}
[6.103282] (formation_msgs) StdoutLine: {'line': b'-- Installing: /home/tiffany/fyp_ws/install/formation_msgs/local/lib/python3.10/dist-packages/formation_msgs/msg/_system_state_s.c\n'}
[6.103398] (formation_msgs) StdoutLine: {'line': b'-- Installing: /home/tiffany/fyp_ws/install/formation_msgs/local/lib/python3.10/dist-packages/formation_msgs/msg/_drone_path_s.c\n'}
[6.103519] (formation_msgs) StdoutLine: {'line': b'-- Installing: /home/tiffany/fyp_ws/install/formation_msgs/local/lib/python3.10/dist-packages/formation_msgs/formation_msgs_s__rosidl_typesupport_c.cpython-310-x86_64-linux-gnu.so\n'}
[6.103674] (formation_msgs) StdoutLine: {'line': b'-- Installing: /home/tiffany/fyp_ws/install/formation_msgs/local/lib/python3.10/dist-packages/formation_msgs/_formation_msgs_s.ep.rosidl_typesupport_c.c\n'}
[6.116363] (-) TimerEvent: {}
[6.135715] (formation_msgs) StdoutLine: {'line': b"Listing '/home/tiffany/fyp_ws/install/formation_msgs/local/lib/python3.10/dist-packages/formation_msgs'...\n"}
[6.135815] (formation_msgs) StdoutLine: {'line': b"Compiling '/home/tiffany/fyp_ws/install/formation_msgs/local/lib/python3.10/dist-packages/formation_msgs/__init__.py'...\n"}
[6.135872] (formation_msgs) StdoutLine: {'line': b"Listing '/home/tiffany/fyp_ws/install/formation_msgs/local/lib/python3.10/dist-packages/formation_msgs/msg'...\n"}
[6.135921] (formation_msgs) StdoutLine: {'line': b"Compiling '/home/tiffany/fyp_ws/install/formation_msgs/local/lib/python3.10/dist-packages/formation_msgs/msg/__init__.py'...\n"}
[6.135978] (formation_msgs) StdoutLine: {'line': b"Compiling '/home/tiffany/fyp_ws/install/formation_msgs/local/lib/python3.10/dist-packages/formation_msgs/msg/_drawn_shape.py'...\n"}
[6.136028] (formation_msgs) StdoutLine: {'line': b"Compiling '/home/tiffany/fyp_ws/install/formation_msgs/local/lib/python3.10/dist-packages/formation_msgs/msg/_drone_path.py'...\n"}
[6.136075] (formation_msgs) StdoutLine: {'line': b"Compiling '/home/tiffany/fyp_ws/install/formation_msgs/local/lib/python3.10/dist-packages/formation_msgs/msg/_drone_state.py'...\n"}
[6.136119] (formation_msgs) StdoutLine: {'line': b"Compiling '/home/tiffany/fyp_ws/install/formation_msgs/local/lib/python3.10/dist-packages/formation_msgs/msg/_formation_goal.py'...\n"}
[6.136161] (formation_msgs) StdoutLine: {'line': b"Compiling '/home/tiffany/fyp_ws/install/formation_msgs/local/lib/python3.10/dist-packages/formation_msgs/msg/_generated_transform.py'...\n"}
[6.136202] (formation_msgs) StdoutLine: {'line': b"Compiling '/home/tiffany/fyp_ws/install/formation_msgs/local/lib/python3.10/dist-packages/formation_msgs/msg/_plan_status.py'...\n"}
[6.136254] (formation_msgs) StdoutLine: {'line': b"Compiling '/home/tiffany/fyp_ws/install/formation_msgs/local/lib/python3.10/dist-packages/formation_msgs/msg/_refinement_candidate.py'...\n"}
[6.136306] (formation_msgs) StdoutLine: {'line': b"Compiling '/home/tiffany/fyp_ws/install/formation_msgs/local/lib/python3.10/dist-packages/formation_msgs/msg/_refinement_cmd.py'...\n"}
[6.136347] (formation_msgs) StdoutLine: {'line': b"Compiling '/home/tiffany/fyp_ws/install/formation_msgs/local/lib/python3.10/dist-packages/formation_msgs/msg/_system_state.py'...\n"}
[6.136386] (formation_msgs) StdoutLine: {'line': b"Compiling '/home/tiffany/fyp_ws/install/formation_msgs/local/lib/python3.10/dist-packages/formation_msgs/msg/_user_command.py'...\n"}
[6.138238] (formation_msgs) StdoutLine: {'line': b'-- Installing: /home/tiffany/fyp_ws/install/formation_msgs/local/lib/python3.10/dist-packages/formation_msgs/formation_msgs_s__rosidl_typesupport_fastrtps_c.cpython-310-x86_64-linux-gnu.so\n'}
[6.138712] (formation_msgs) StdoutLine: {'line': b'-- Set runtime path of "/home/tiffany/fyp_ws/install/formation_msgs/local/lib/python3.10/dist-packages/formation_msgs/formation_msgs_s__rosidl_typesupport_fastrtps_c.cpython-310-x86_64-linux-gnu.so" to ""\n'}
[6.138921] (formation_msgs) StdoutLine: {'line': b'-- Installing: /home/tiffany/fyp_ws/install/formation_msgs/local/lib/python3.10/dist-packages/formation_msgs/formation_msgs_s__rosidl_typesupport_introspection_c.cpython-310-x86_64-linux-gnu.so\n'}
[6.139302] (formation_msgs) StdoutLine: {'line': b'-- Set runtime path of "/home/tiffany/fyp_ws/install/formation_msgs/local/lib/python3.10/dist-packages/formation_msgs/formation_msgs_s__rosidl_typesupport_introspection_c.cpython-310-x86_64-linux-gnu.so" to ""\n'}
[6.139498] (formation_msgs) StdoutLine: {'line': b'-- Installing: /home/tiffany/fyp_ws/install/formation_msgs/local/lib/python3.10/dist-packages/formation_msgs/formation_msgs_s__rosidl_typesupport_c.cpython-310-x86_64-linux-gnu.so\n'}
[6.139914] (formation_msgs) StdoutLine: {'line': b'-- Set runtime path of "/home/tiffany/fyp_ws/install/formation_msgs/local/lib/python3.10/dist-packages/formation_msgs/formation_msgs_s__rosidl_typesupport_c.cpython-310-x86_64-linux-gnu.so" to ""\n'}
[6.140041] (formation_msgs) StdoutLine: {'line': b'-- Installing: /home/tiffany/fyp_ws/install/formation_msgs/lib/libformation_msgs__rosidl_generator_py.so\n'}
[6.140410] (formation_msgs) StdoutLine: {'line': b'-- Set runtime path of "/home/tiffany/fyp_ws/install/formation_msgs/lib/libformation_msgs__rosidl_generator_py.so" to ""\n'}
[6.140491] (formation_msgs) StdoutLine: {'line': b'-- Installing: /home/tiffany/fyp_ws/install/formation_msgs/share/ament_index/resource_index/rust_packages/formation_msgs\n'}
[6.140624] (formation_msgs) StdoutLine: {'line': b'-- Installing: /home/tiffany/fyp_ws/install/formation_msgs/share/formation_msgs/rust\n'}
[6.140695] (formation_msgs) StdoutLine: {'line': b'-- Installing: /home/tiffany/fyp_ws/install/formation_msgs/share/formation_msgs/rust/build.rs\n'}
[6.140790] (formation_msgs) StdoutLine: {'line': b'-- Installing: /home/tiffany/fyp_ws/install/formation_msgs/share/formation_msgs/rust/Cargo.toml\n'}
[6.140885] (formation_msgs) StdoutLine: {'line': b'-- Installing: /home/tiffany/fyp_ws/install/formation_msgs/share/formation_msgs/rust/src\n'}
[6.140956] (formation_msgs) StdoutLine: {'line': b'-- Installing: /home/tiffany/fyp_ws/install/formation_msgs/share/formation_msgs/rust/src/lib.rs\n'}
[6.141062] (formation_msgs) StdoutLine: {'line': b'-- Installing: /home/tiffany/fyp_ws/install/formation_msgs/share/formation_msgs/rust/src/msg.rs\n'}
[6.141186] (formation_msgs) StdoutLine: {'line': b'-- Installing: /home/tiffany/fyp_ws/install/formation_msgs/share/formation_msgs/rust/src/msg\n'}
[6.141273] (formation_msgs) StdoutLine: {'line': b'-- Installing: /home/tiffany/fyp_ws/install/formation_msgs/share/formation_msgs/rust/src/msg/rmw.rs\n'}
[6.141479] (formation_msgs) StdoutLine: {'line': b'-- Installing: /home/tiffany/fyp_ws/install/formation_msgs/share/formation_msgs/msg/DrawnShape.idl\n'}
[6.141637] (formation_msgs) StdoutLine: {'line': b'-- Installing: /home/tiffany/fyp_ws/install/formation_msgs/share/formation_msgs/msg/FormationGoal.idl\n'}
[6.141768] (formation_msgs) StdoutLine: {'line': b'-- Installing: /home/tiffany/fyp_ws/install/formation_msgs/share/formation_msgs/msg/DronePath.idl\n'}
[6.141902] (formation_msgs) StdoutLine: {'line': b'-- Installing: /home/tiffany/fyp_ws/install/formation_msgs/share/formation_msgs/msg/DroneState.idl\n'}
[6.142041] (formation_msgs) StdoutLine: {'line': b'-- Installing: /home/tiffany/fyp_ws/install/formation_msgs/share/formation_msgs/msg/RefinementCmd.idl\n'}
[6.142194] (formation_msgs) StdoutLine: {'line': b'-- Installing: /home/tiffany/fyp_ws/install/formation_msgs/share/formation_msgs/msg/RefinementCandidate.idl\n'}
[6.142330] (formation_msgs) StdoutLine: {'line': b'-- Installing: /home/tiffany/fyp_ws/install/formation_msgs/share/formation_msgs/msg/GeneratedTransform.idl\n'}
[6.142487] (formation_msgs) StdoutLine: {'line': b'-- Installing: /home/tiffany/fyp_ws/install/formation_msgs/share/formation_msgs/msg/PlanStatus.idl\n'}
[6.142637] (formation_msgs) StdoutLine: {'line': b'-- Installing: /home/tiffany/fyp_ws/install/formation_msgs/share/formation_msgs/msg/SystemState.idl\n'}
[6.142808] (formation_msgs) StdoutLine: {'line': b'-- Installing: /home/tiffany/fyp_ws/install/formation_msgs/share/formation_msgs/msg/UserCommand.idl\n'}
[6.142937] (formation_msgs) StdoutLine: {'line': b'-- Installing: /home/tiffany/fyp_ws/install/formation_msgs/share/formation_msgs/msg/DrawnShape.msg\n'}
[6.143080] (formation_msgs) StdoutLine: {'line': b'-- Installing: /home/tiffany/fyp_ws/install/formation_msgs/share/formation_msgs/msg/FormationGoal.msg\n'}
[6.143223] (formation_msgs) StdoutLine: {'line': b'-- Installing: /home/tiffany/fyp_ws/install/formation_msgs/share/formation_msgs/msg/DronePath.msg\n'}
[6.143383] (formation_msgs) StdoutLine: {'line': b'-- Installing: /home/tiffany/fyp_ws/install/formation_msgs/share/formation_msgs/msg/DroneState.msg\n'}
[6.143512] (formation_msgs) StdoutLine: {'line': b'-- Installing: /home/tiffany/fyp_ws/install/formation_msgs/share/formation_msgs/msg/RefinementCmd.msg\n'}
[6.143652] (formation_msgs) StdoutLine: {'line': b'-- Installing: /home/tiffany/fyp_ws/install/formation_msgs/share/formation_msgs/msg/RefinementCandidate.msg\n'}
[6.143790] (formation_msgs) StdoutLine: {'line': b'-- Installing: /home/tiffany/fyp_ws/install/formation_msgs/share/formation_msgs/msg/GeneratedTransform.msg\n'}
[6.143930] (formation_msgs) StdoutLine: {'line': b'-- Installing: /home/tiffany/fyp_ws/install/formation_msgs/share/formation_msgs/msg/PlanStatus.msg\n'}
[6.144059] (formation_msgs) StdoutLine: {'line': b'-- Installing: /home/tiffany/fyp_ws/install/formation_msgs/share/formation_msgs/msg/SystemState.msg\n'}
[6.144199] (formation_msgs) StdoutLine: {'line': b'-- Installing: /home/tiffany/fyp_ws/install/formation_msgs/share/formation_msgs/msg/UserCommand.msg\n'}
[6.144397] (formation_msgs) StdoutLine: {'line': b'-- Installing: /home/tiffany/fyp_ws/install/formation_msgs/share/ament_index/resource_index/package_run_dependencies/formation_msgs\n'}
[6.144580] (formation_msgs) StdoutLine: {'line': b'-- Installing: /home/tiffany/fyp_ws/install/formation_msgs/share/ament_index/resource_index/parent_prefix_path/formation_msgs\n'}
[6.144718] (formation_msgs) StdoutLine: {'line': b'-- Installing: /home/tiffany/fyp_ws/install/formation_msgs/share/formation_msgs/environment/ament_prefix_path.sh\n'}
[6.144863] (formation_msgs) StdoutLine: {'line': b'-- Installing: /home/tiffany/fyp_ws/install/formation_msgs/share/formation_msgs/environment/ament_prefix_path.dsv\n'}
[6.145005] (formation_msgs) StdoutLine: {'line': b'-- Installing: /home/tiffany/fyp_ws/install/formation_msgs/share/formation_msgs/environment/path.sh\n'}
[6.145147] (formation_msgs) StdoutLine: {'line': b'-- Installing: /home/tiffany/fyp_ws/install/formation_msgs/share/formation_msgs/environment/path.dsv\n'}
[6.145292] (formation_msgs) StdoutLine: {'line': b'-- Installing: /home/tiffany/fyp_ws/install/formation_msgs/share/formation_msgs/local_setup.bash\n'}
[6.145433] (formation_msgs) StdoutLine: {'line': b'-- Installing: /home/tiffany/fyp_ws/install/formation_msgs/share/formation_msgs/local_setup.sh\n'}
[6.145577] (formation_msgs) StdoutLine: {'line': b'-- Installing: /home/tiffany/fyp_ws/install/formation_msgs/share/formation_msgs/local_setup.zsh\n'}
[6.145722] (formation_msgs) StdoutLine: {'line': b'-- Installing: /home/tiffany/fyp_ws/install/formation_msgs/share/formation_msgs/local_setup.dsv\n'}
[6.145853] (formation_msgs) StdoutLine: {'line': b'-- Installing: /home/tiffany/fyp_ws/install/formation_msgs/share/formation_msgs/package.dsv\n'}
[6.146040] (formation_msgs) StdoutLine: {'line': b'-- Installing: /home/tiffany/fyp_ws/install/formation_msgs/share/ament_index/resource_index/packages/formation_msgs\n'}
[6.146225] (formation_msgs) StdoutLine: {'line': b'-- Installing: /home/tiffany/fyp_ws/install/formation_msgs/share/formation_msgs/cmake/export_formation_msgs__rosidl_generator_cExport.cmake\n'}
[6.146388] (formation_msgs) StdoutLine: {'line': b'-- Installing: /home/tiffany/fyp_ws/install/formation_msgs/share/formation_msgs/cmake/export_formation_msgs__rosidl_generator_cExport-noconfig.cmake\n'}
[6.146535] (formation_msgs) StdoutLine: {'line': b'-- Installing: /home/tiffany/fyp_ws/install/formation_msgs/share/formation_msgs/cmake/export_formation_msgs__rosidl_typesupport_fastrtps_cExport.cmake\n'}
[6.146688] (formation_msgs) StdoutLine: {'line': b'-- Installing: /home/tiffany/fyp_ws/install/formation_msgs/share/formation_msgs/cmake/export_formation_msgs__rosidl_typesupport_fastrtps_cExport-noconfig.cmake\n'}
[6.146840] (formation_msgs) StdoutLine: {'line': b'-- Installing: /home/tiffany/fyp_ws/install/formation_msgs/share/formation_msgs/cmake/formation_msgs__rosidl_typesupport_introspection_cExport.cmake\n'}
[6.146999] (formation_msgs) StdoutLine: {'line': b'-- Installing: /home/tiffany/fyp_ws/install/formation_msgs/share/formation_msgs/cmake/formation_msgs__rosidl_typesupport_introspection_cExport-noconfig.cmake\n'}
[6.147147] (formation_msgs) StdoutLine: {'line': b'-- Installing: /home/tiffany/fyp_ws/install/formation_msgs/share/formation_msgs/cmake/formation_msgs__rosidl_typesupport_cExport.cmake\n'}
[6.147318] (formation_msgs) StdoutLine: {'line': b'-- Installing: /home/tiffany/fyp_ws/install/formation_msgs/share/formation_msgs/cmake/formation_msgs__rosidl_typesupport_cExport-noconfig.cmake\n'}
[6.147470] (formation_msgs) StdoutLine: {'line': b'-- Installing: /home/tiffany/fyp_ws/install/formation_msgs/share/formation_msgs/cmake/export_formation_msgs__rosidl_generator_cppExport.cmake\n'}
[6.147633] (formation_msgs) StdoutLine: {'line': b'-- Installing: /home/tiffany/fyp_ws/install/formation_msgs/share/formation_msgs/cmake/export_formation_msgs__rosidl_typesupport_fastrtps_cppExport.cmake\n'}
[6.147773] (formation_msgs) StdoutLine: {'line': b'-- Installing: /home/tiffany/fyp_ws/install/formation_msgs/share/formation_msgs/cmake/export_formation_msgs__rosidl_typesupport_fastrtps_cppExport-noconfig.cmake\n'}
[6.147929] (formation_msgs) StdoutLine: {'line': b'-- Installing: /home/tiffany/fyp_ws/install/formation_msgs/share/formation_msgs/cmake/formation_msgs__rosidl_typesupport_introspection_cppExport.cmake\n'}
[6.148082] (formation_msgs) StdoutLine: {'line': b'-- Installing: /home/tiffany/fyp_ws/install/formation_msgs/share/formation_msgs/cmake/formation_msgs__rosidl_typesupport_introspection_cppExport-noconfig.cmake\n'}
[6.148255] (formation_msgs) StdoutLine: {'line': b'-- Installing: /home/tiffany/fyp_ws/install/formation_msgs/share/formation_msgs/cmake/formation_msgs__rosidl_typesupport_cppExport.cmake\n'}
[6.148406] (formation_msgs) StdoutLine: {'line': b'-- Installing: /home/tiffany/fyp_ws/install/formation_msgs/share/formation_msgs/cmake/formation_msgs__rosidl_typesupport_cppExport-noconfig.cmake\n'}
[6.148565] (formation_msgs) StdoutLine: {'line': b'-- Installing: /home/tiffany/fyp_ws/install/formation_msgs/share/formation_msgs/cmake/export_formation_msgs__rosidl_generator_pyExport.cmake\n'}
[6.148716] (formation_msgs) StdoutLine: {'line': b'-- Installing: /home/tiffany/fyp_ws/install/formation_msgs/share/formation_msgs/cmake/export_formation_msgs__rosidl_generator_pyExport-noconfig.cmake\n'}
[6.148866] (formation_msgs) StdoutLine: {'line': b'-- Installing: /home/tiffany/fyp_ws/install/formation_msgs/share/formation_msgs/cmake/rosidl_cmake-extras.cmake\n'}
[6.148998] (formation_msgs) StdoutLine: {'line': b'-- Installing: /home/tiffany/fyp_ws/install/formation_msgs/share/formation_msgs/cmake/ament_cmake_export_dependencies-extras.cmake\n'}
[6.149150] (formation_msgs) StdoutLine: {'line': b'-- Installing: /home/tiffany/fyp_ws/install/formation_msgs/share/formation_msgs/cmake/ament_cmake_export_include_directories-extras.cmake\n'}
[6.149304] (formation_msgs) StdoutLine: {'line': b'-- Installing: /home/tiffany/fyp_ws/install/formation_msgs/share/formation_msgs/cmake/ament_cmake_export_libraries-extras.cmake\n'}
[6.149453] (formation_msgs) StdoutLine: {'line': b'-- Installing: /home/tiffany/fyp_ws/install/formation_msgs/share/formation_msgs/cmake/ament_cmake_export_targets-extras.cmake\n'}
[6.149586] (formation_msgs) StdoutLine: {'line': b'-- Installing: /home/tiffany/fyp_ws/install/formation_msgs/share/formation_msgs/cmake/rosidl_cmake_export_typesupport_targets-extras.cmake\n'}
[6.149736] (formation_msgs) StdoutLine: {'line': b'-- Installing: /home/tiffany/fyp_ws/install/formation_msgs/share/formation_msgs/cmake/rosidl_cmake_export_typesupport_libraries-extras.cmake\n'}
[6.149881] (formation_msgs) StdoutLine: {'line': b'-- Installing: /home/tiffany/fyp_ws/install/formation_msgs/share/formation_msgs/cmake/formation_msgsConfig.cmake\n'}
[6.149996] (formation_msgs) StdoutLine: {'line': b'-- Installing: /home/tiffany/fyp_ws/install/formation_msgs/share/formation_msgs/cmake/formation_msgsConfig-version.cmake\n'}
[6.150138] (formation_msgs) StdoutLine: {'line': b'-- Installing: /home/tiffany/fyp_ws/install/formation_msgs/share/formation_msgs/package.xml\n'}
[6.152716] (formation_msgs) CommandEnded: {'returncode': 0}
[6.178763] (formation_msgs) JobEnded: {'identifier': 'formation_msgs', 'rc': 0}
[6.179224] (-) EventReactorShutdown: {}
